Date,Tank,Experiment,Aquarium,Substrate,NutLevel,NN,Time,Flow,TankTA,HeaderTA,TankTemp ,TankpH,TankSalinity,HeaderTemp,HeaderpH,HeaderSalinity
12/3/2015,1,1,1,Coral,Ambient,0,10:00,34,2114.212646,2182.341175,25.53,8.024342366,38.08799562,25.11,7.966244194,38.36805245
12/3/2015,1,1,2,Algae,Ambient,0,10:00,36,2176.386487,2182.341175,26.15,8.155093758,38.16186652,25.11,7.966244194,38.36805245
12/3/2015,1,1,3,Rubble,Ambient,0,10:00,33,2172.537036,2182.341175,25.86,7.992578323,38.18266077,25.11,7.966244194,38.36805245
12/3/2015,1,1,4,Sand,Ambient,0,10:00,36,2173.622839,2182.341175,25.6,7.967655389,38.17810719,25.11,7.966244194,38.36805245
12/3/2015,1,1,5,Coral,Med,3,10:00,31,2134.680869,2190.959574,25.5,7.985965897,38.26231507,25.07,7.968507919,38.32686858
12/3/2015,1,1,6,Algae,Med,3,10:00,29,2176.533015,2190.959574,26.03,8.166999157,38.40986787,25.07,7.968507919,38.32686858
12/3/2015,1,1,7,Rubble,Med,3,10:00,29,2188.158192,2190.959574,25.64,7.972141495,38.2932616,25.07,7.968507919,38.32686858
12/3/2015,1,1,8,Sand,Med,3,10:00,24,2170.823984,2190.959574,25.55,7.985245318,38.32450105,25.07,7.968507919,38.32686858
12/3/2015,1,1,9,Coral,High,6,10:00,31,2117.383382,2185.24279,25.67,8.056037983,38.19365803,25,7.983035313,37.70938204
12/3/2015,1,1,10,Algae,High,6,10:00,29,2174.269001,2185.24279,25.77,8.133814675,38.18397445,25,7.983035313,37.70938204
12/3/2015,1,1,11,Rubble,High,6,10:00,27,2177.803509,2185.24279,25.87,8.022771542,37.80440516,25,7.983035313,37.70938204
12/3/2015,1,1,12,Sand,High,6,10:00,34,2176.800196,2185.24279,25.72,7.999658781,38.15169347,25,7.983035313,37.70938204
12/3/2015,2,1,13,Coral,Ambient,0,10:00,36,2106.011118,2182.341175,25.37,7.955763232,37.92384187,25.11,7.966244194,38.36805245
12/3/2015,2,1,14,Algae,Ambient,0,10:00,37,2159.842625,2182.341175,25.44,8.069535327,37.56733051,25.11,7.966244194,38.36805245
12/3/2015,2,1,15,Rubble,Ambient,0,10:00,37,2177.106166,2182.341175,25.22,7.969733913,38.27466752,25.11,7.966244194,38.36805245
12/3/2015,2,1,16,Sand,Ambient,0,10:00,38,2159.299303,2182.341175,25.48,7.955876946,38.4284873,25.11,7.966244194,38.36805245
12/3/2015,2,1,17,Coral,Med,3,10:00,31,2148.273476,2190.959574,25.75,7.946955943,37.75590881,25.07,7.968507919,38.32686858
12/3/2015,2,1,18,Algae,Med,3,10:00,31,2183.082361,2190.959574,25.35,8.064104353,38.46406513,25.07,7.968507919,38.32686858
12/3/2015,2,1,19,Rubble,Med,3,10:00,30,2180.56466,2190.959574,25.33,7.93438556,38.40618151,25.07,7.968507919,38.32686858
12/3/2015,2,1,20,Sand,Med,3,10:00,27,2171.33547,2190.959574,25.4,7.962086236,38.19736681,25.07,7.968507919,38.32686858
12/3/2015,2,1,21,Coral,High,6,10:00,28,2150.048021,2185.24279,25.45,7.990062164,36.29741418,25,7.983035313,37.70938204
12/3/2015,2,1,22,Algae,High,6,10:00,31,2174.758659,2185.24279,25.56,8.067772589,38.28625175,25,7.983035313,37.70938204
12/3/2015,2,1,23,Rubble,High,6,10:00,29,2174.599523,2185.24279,25.41,7.977135086,36.47760909,25,7.983035313,37.70938204
12/3/2015,2,1,24,Sand,High,6,10:00,30,2158.908816,2185.24279,25.3,7.997292442,38.43166336,25,7.983035313,37.70938204
12/3/2015,3,1,25,Coral,Ambient,0,10:00,30,2126.947298,2182.341175,25.19,7.978610934,38.07508403,25.11,7.966244194,38.36805245
12/3/2015,3,1,26,Algae,Ambient,0,10:00,38,2171.190117,2182.341175,25.1,7.944420583,38.22621686,25.11,7.966244194,38.36805245
12/3/2015,3,1,27,Rubble,Ambient,0,10:00,32,2176.267641,2182.341175,25.22,7.996759409,35.66531158,25.11,7.966244194,38.36805245
12/3/2015,3,1,28,Sand,Ambient,0,10:00,32,2171.176298,2182.341175,25.14,7.959055715,38.19233982,25.11,7.966244194,38.36805245
12/3/2015,3,1,29,Coral,Med,3,10:00,28,2122.643662,2190.959574,25.17,8.000860553,38.3170682,25.07,7.968507919,38.32686858
12/3/2015,3,1,30,Algae,Med,3,10:00,27,2154.143273,2190.959574,25.24,7.994781502,38.33269834,25.07,7.968507919,38.32686858
12/3/2015,3,1,31,Rubble,Med,3,10:00,30,2176.35454,2190.959574,25.18,7.955104314,38.23353476,25.07,7.968507919,38.32686858
12/3/2015,3,1,32,Sand,Med,3,10:00,27,2155.599874,2190.959574,25.15,7.94370711,38.40917403,25.07,7.968507919,38.32686858
12/3/2015,3,1,33,Coral,High,6,10:00,32,2134.51507,2185.24279,25.15,8.016355174,38.25895185,25,7.983035313,37.70938204
12/3/2015,3,1,34,Algae,High,6,10:00,29,2155.690024,2185.24279,25.28,8.029667756,38.14901411,25,7.983035313,37.70938204
12/3/2015,3,1,35,Rubble,High,6,10:00,29,2168.353182,2185.24279,25.1,7.914004668,38.37656082,25,7.983035313,37.70938204
12/3/2015,3,1,36,Sand,High,6,10:00,30,2175.477046,2185.24279,25.18,7.982133434,38.23353476,25,7.983035313,37.70938204
12/3/2015,1,1,1,Coral,Ambient,0,14:00,,2079.103285,2177.688904,26.78,8.164146237,38.07867907,26.05,7.967938601,38.31921336
12/3/2015,1,1,2,Algae,Ambient,0,14:00,,2182.499146,2177.688904,27.25,8.321504821,38.34328405,26.05,7.967938601,38.31921336
12/3/2015,1,1,3,Rubble,Ambient,0,14:00,,2154.234001,2177.688904,27.07,8.080894517,38.05775212,26.05,7.967938601,38.31921336
12/3/2015,1,1,4,Sand,Ambient,0,14:00,,2160.700224,2177.688904,26.99,7.991400958,38.34106099,26.05,7.967938601,38.31921336
12/3/2015,1,1,5,Coral,Med,3,14:00,,2102.892505,2186.631731,26.95,8.171669889,38.30160155,26.07,7.967651472,38.30245055
12/3/2015,1,1,6,Algae,Med,3,14:00,,2180.499771,2186.631731,27.37,8.376657911,38.24448527,26.07,7.967651472,38.30245055
12/3/2015,1,1,7,Rubble,Med,3,14:00,,2164.49871,2186.631731,27.08,8.114319668,38.33907704,26.07,7.967651472,38.30245055
12/3/2015,1,1,8,Sand,Med,3,14:00,,2158.960129,2186.631731,26.87,8.097282412,38.2951956,26.07,7.967651472,38.30245055
12/3/2015,1,1,9,Coral,High,6,14:00,,2084.410912,2182.090096,26.99,8.256703892,38.26852093,26.03,7.974963827,38.26213334
12/3/2015,1,1,10,Algae,High,6,14:00,,2186.107024,2182.090096,27.31,8.186384597,38.1496645,26.03,7.974963827,38.26213334
12/3/2015,1,1,11,Rubble,High,6,14:00,,2143.394235,2182.090096,27.46,8.236092239,38.24254469,26.03,7.974963827,38.26213334
12/3/2015,1,1,12,Sand,High,6,14:00,,2154.10776,2182.090096,27.06,8.144834109,38.35562219,26.03,7.974963827,38.26213334
12/3/2015,2,1,13,Coral,Ambient,0,14:00,,2090.236892,2177.688904,26.97,8.137784116,37.92254648,26.05,7.967938601,38.31921336
12/3/2015,2,1,14,Algae,Ambient,0,14:00,,2187.399748,2177.688904,26.56,8.184266659,38.18771503,26.05,7.967938601,38.31921336
12/3/2015,2,1,15,Rubble,Ambient,0,14:00,,2174.579805,2177.688904,26.72,8.04908294,38.05537112,26.05,7.967938601,38.31921336
12/3/2015,2,1,16,Sand,Ambient,0,14:00,,2157.081305,2177.688904,26.92,7.990732635,37.96352989,26.05,7.967938601,38.31921336
12/3/2015,2,1,17,Coral,Med,3,14:00,,2130.842938,2186.631731,26.47,8.099839965,38.18927499,26.07,7.967651472,38.30245055
12/3/2015,2,1,18,Algae,Med,3,14:00,,2174.127925,2186.631731,26.7,8.27123548,38.07187209,26.07,7.967651472,38.30245055
12/3/2015,2,1,19,Rubble,Med,3,14:00,,2163.708928,2186.631731,26.7,8.044333357,38.07187209,26.07,7.967651472,38.30245055
12/3/2015,2,1,20,Sand,Med,3,14:00,,2171.195693,2186.631731,26.71,8.047548581,37.99079077,26.07,7.967651472,38.30245055
12/3/2015,2,1,21,Coral,High,6,14:00,,2126.648645,2182.090096,27.01,8.229533004,38.32450626,26.03,7.974963827,38.26213334
12/3/2015,2,1,22,Algae,High,6,14:00,,2190.758474,2182.090096,27.31,8.396052617,38.1496645,26.03,7.974963827,38.26213334
12/3/2015,2,1,23,Rubble,High,6,14:00,,2164.867342,2182.090096,26.71,8.099650294,38.06362011,26.03,7.974963827,38.26213334
12/3/2015,2,1,24,Sand,High,6,14:00,,2181.532564,2182.090096,26.42,8.100580068,38.30414912,26.03,7.974963827,38.26213334
12/3/2015,3,1,25,Coral,Ambient,0,14:00,,2100.925611,2177.688904,26.26,8.049085843,38.21731014,26.05,7.967938601,38.31921336
12/3/2015,3,1,26,Algae,Ambient,0,14:00,,2186.255403,2177.688904,26.21,8.039716337,38.40626512,26.05,7.967938601,38.31921336
12/3/2015,3,1,27,Rubble,Ambient,0,14:00,,2176.081686,2177.688904,26.23,8.046157964,38.16878815,26.05,7.967938601,38.31921336
12/3/2015,3,1,28,Sand,Ambient,0,14:00,,2179.917736,2177.688904,26.1,7.987430324,38.02468011,26.05,7.967938601,38.31921336
12/3/2015,3,1,29,Coral,Med,3,14:00,,2115.735834,2186.631731,26.15,8.07258535,37.64695869,26.07,7.967651472,38.30245055
12/3/2015,3,1,30,Algae,Med,3,14:00,,2176.065755,2186.631731,26.42,8.134226616,38.23084436,26.07,7.967651472,38.30245055
12/3/2015,3,1,31,Rubble,Med,3,14:00,,2182.306421,2186.631731,26.33,8.06152452,38.08564464,26.07,7.967651472,38.30245055
12/3/2015,3,1,32,Sand,Med,3,14:00,,2172.076209,2186.631731,26.21,7.963958497,38.25903304,26.07,7.967651472,38.30245055
12/3/2015,3,1,33,Coral,High,6,14:00,,2138.855887,2182.090096,26.02,8.067759351,38.27050878,26.03,7.974963827,38.26213334
12/3/2015,3,1,34,Algae,High,6,14:00,,2177.526093,2182.090096,26.28,8.166611235,37.17434485,26.03,7.974963827,38.26213334
12/3/2015,3,1,35,Rubble,High,6,14:00,,2170.776378,2182.090096,26.04,7.952921994,36.2693197,26.03,7.974963827,38.26213334
12/3/2015,3,1,36,Sand,High,6,14:00,,2185.059786,2182.090096,26.3,8.07711171,38.25744137,26.03,7.974963827,38.26213334
12/3/2015,1,1,1,Coral,Ambient,0,18:00,34,2102.101498,2181.117443,25.81,7.986557212,38.37290362,25.49,7.955733831,38.64408746
12/3/2015,1,1,2,Algae,Ambient,0,18:00,35,2165.177685,2181.117443,26.05,8.109428859,38.3930594,25.49,7.955733831,38.64408746
12/3/2015,1,1,3,Rubble,Ambient,0,18:00,34,2162.575421,2181.117443,25.87,8.004231902,38.47063193,25.49,7.955733831,38.64408746
12/3/2015,1,1,4,Sand,Ambient,0,18:00,37,2174.428793,2181.117443,26.02,7.985215091,38.41827671,25.49,7.955733831,38.64408746
12/3/2015,1,1,5,Coral,Med,3,18:00,31,2112.924433,2192.962161,26.01,8.02073653,38.35277578,25.82,7.949327563,38.43866297
12/3/2015,1,1,6,Algae,Med,3,18:00,29,2181.279374,2192.962161,26.08,8.15108996,38.44169,25.82,7.949327563,38.43866297
12/3/2015,1,1,7,Rubble,Med,3,18:00,30,2205.397433,2192.962161,26.05,8.021839652,38.54082441,25.82,7.949327563,38.43866297
12/3/2015,1,1,8,Sand,Med,3,18:00,24,2171.320999,2192.962161,26.03,8.042344645,38.40986787,25.82,7.949327563,38.43866297
12/3/2015,1,1,9,Coral,High,6,18:00,30,2084.878221,2161.514067,26.04,8.065781091,38.32759937,25.84,7.943984946,38.42179206
12/3/2015,1,1,10,Algae,High,6,18:00,27,2181.473533,2161.514067,26.06,8.250766094,38.16324466,25.84,7.943984946,38.42179206
12/3/2015,1,1,11,Rubble,High,6,18:00,28,2163.321412,2161.514067,26.06,8.043590854,38.38465977,25.84,7.943984946,38.42179206
12/3/2015,1,1,12,Sand,High,6,18:00,33,2179.105309,2161.514067,26.1,8.063216012,38.35109196,25.84,7.943984946,38.42179206
12/3/2015,2,1,13,Coral,Ambient,0,18:00,37,2102.827703,2181.117443,25.95,7.949154828,38.47722487,25.49,7.955733831,38.64408746
12/3/2015,2,1,14,Algae,Ambient,0,18:00,35,2174.685172,2181.117443,25.8,8.01704608,38.38132998,25.49,7.955733831,38.64408746
12/3/2015,2,1,15,Rubble,Ambient,0,18:00,38,2169.253002,2181.117443,25.77,7.97364604,38.4066276,25.49,7.955733831,38.64408746
12/3/2015,2,1,16,Sand,Ambient,0,18:00,37.5,2200.999731,2181.117443,28.85,7.941233037,36.08653117,25.49,7.955733831,38.64408746
12/3/2015,2,1,17,Coral,Med,3,18:00,33,2241.097385,2192.962161,25.4,7.995847738,38.64606462,25.82,7.949327563,38.43866297
12/3/2015,2,1,18,Algae,Med,3,18:00,30,2178.232114,2192.962161,25.85,8.082056031,38.41336124,25.82,7.949327563,38.43866297
12/3/2015,2,1,19,Rubble,Med,3,18:00,32,2179.339356,2192.962161,26.01,7.961774373,38.20502312,25.82,7.949327563,38.43866297
12/3/2015,2,1,20,Sand,Med,3,18:00,27,2169.949337,2192.962161,25.72,8.001345049,38.44885223,25.82,7.949327563,38.43866297
12/3/2015,2,1,21,Coral,High,6,18:00,28,2133.87537,2161.514067,25.97,8.038166465,38.46036713,25.84,7.943984946,38.42179206
12/3/2015,2,1,22,Algae,High,6,18:00,31,2194.918437,2161.514067,25.89,8.120228704,38.37966885,25.84,7.943984946,38.42179206
12/3/2015,2,1,23,Rubble,High,6,18:00,29,2197.678239,2161.514067,25.75,7.978991814,38.4978087,25.84,7.943984946,38.42179206
12/3/2015,2,1,24,Sand,High,6,18:00,30,2178.66776,2161.514067,25.74,8.012858825,38.43195308,25.84,7.943984946,38.42179206
12/3/2015,3,1,25,Coral,Ambient,0,18:00,35,2111.028166,2181.117443,25.9,7.976833578,38.2231814,25.49,7.955733831,38.64408746
12/3/2015,3,1,26,Algae,Ambient,0,18:00,33,2174.685172,2181.117443,25.96,8.013038656,38.32082581,25.49,7.955733831,38.64408746
12/3/2015,3,1,27,Rubble,Ambient,0,18:00,40,2173.920123,2181.117443,25.85,7.997779305,38.33922906,25.49,7.955733831,38.64408746
12/3/2015,3,1,28,Sand,Ambient,0,18:00,33,2172.774105,2181.117443,25.9,7.971777819,38.37125346,25.49,7.955733831,38.64408746
12/3/2015,3,1,29,Coral,Med,3,18:00,28.5,2126.099086,2192.962161,25.8,8.033904245,38.38132998,25.82,7.949327563,38.43866297
12/3/2015,3,1,30,Algae,Med,3,18:00,29,2178.058055,2192.962161,26,8.089954126,38.21338799,25.82,7.949327563,38.43866297
12/3/2015,3,1,31,Rubble,Med,3,18:00,29,2203.697449,2192.962161,25.94,8.006588691,38.48565837,25.82,7.949327563,38.43866297
12/3/2015,3,1,32,Sand,Med,3,18:00,27,2185.598062,2192.962161,25.92,7.95969448,38.35443193,25.82,7.949327563,38.43866297
12/3/2015,3,1,33,Coral,High,6,18:00,31,2140.048548,2161.514067,25.69,8.010211225,38.47422423,25.84,7.943984946,38.42179206
12/3/2015,3,1,34,Algae,High,6,18:00,28.5,2191.993215,2161.514067,25.91,8.092968276,38.43689707,25.84,7.943984946,38.42179206
12/3/2015,3,1,35,Rubble,High,6,18:00,29,2170.595396,2161.514067,25.81,7.92586985,38.29872868,25.84,7.943984946,38.42179206
12/3/2015,3,1,36,Sand,High,6,18:00,30,2174.018562,2161.514067,25.95,8.043513204,38.32922272,25.84,7.943984946,38.42179206
12/3/2015,1,1,1,Coral,Ambient,0,22:00,,2134.59229,2186.915078,25.2,7.834884508,38.51680682,25.22,7.93426295,38.49975298
12/3/2015,1,1,2,Algae,Ambient,0,22:00,,2185.257654,2186.915078,25.39,7.933531318,38.28053952,25.22,7.93426295,38.49975298
12/3/2015,1,1,3,Rubble,Ambient,0,22:00,,2207.197222,2186.915078,25.35,7.900333639,38.46406513,25.22,7.93426295,38.49975298
12/3/2015,1,1,4,Sand,Ambient,0,22:00,,2193.025531,2186.915078,25.46,7.934222621,38.44544654,25.22,7.93426295,38.49975298
12/3/2015,1,1,5,Coral,Med,3,22:00,,2139.252764,2183.682607,25.43,7.799617369,38.47090881,25.22,7.930884763,38.49975298
12/3/2015,1,1,6,Algae,Med,3,22:00,,2180.007967,2183.682607,25.46,7.930847149,38.37075338,25.22,7.930884763,38.49975298
12/3/2015,1,1,7,Rubble,Med,3,22:00,,2208.716606,2183.682607,25.46,7.878527335,38.44544654,25.22,7.930884763,38.49975298
12/3/2015,1,1,8,Sand,Med,3,22:00,,2218.962551,2183.682607,25.4,7.923260508,38.34683329,25.22,7.930884763,38.49975298
12/3/2015,1,1,9,Coral,High,6,22:00,,2159.461051,2179.766902,25.44,7.787664548,38.46241826,25.24,7.928911271,38.48271173
12/3/2015,1,1,10,Algae,High,6,22:00,,2198.160367,2179.766902,25.44,7.946322352,38.38769105,25.24,7.928911271,38.48271173
12/3/2015,1,1,11,Rubble,High,6,22:00,,2204.385337,2179.766902,25.38,7.85095246,38.43857896,25.24,7.928911271,38.48271173
12/3/2015,1,1,12,Sand,High,6,22:00,,2201.591218,2179.766902,25.38,7.915103612,38.51340849,25.24,7.928911271,38.48271173
12/3/2015,2,1,13,Coral,Ambient,0,22:00,,2132.944973,2186.915078,25.32,7.855167151,38.26493281,25.22,7.93426295,38.49975298
12/3/2015,2,1,14,Algae,Ambient,0,22:00,,2195.56984,2186.915078,25.3,7.919614968,38.35674694,25.22,7.93426295,38.49975298
12/3/2015,2,1,15,Rubble,Ambient,0,22:00,,2211.181412,2186.915078,24.97,7.888798754,38.48745633,25.22,7.93426295,38.49975298
12/3/2015,2,1,16,Sand,Ambient,0,22:00,,2188.220001,2186.915078,25.3,7.94663322,38.50660474,25.22,7.93426295,38.49975298
12/3/2015,2,1,17,Coral,Med,3,22:00,,2173.899004,2183.682607,25.24,7.847840218,38.48271173,25.22,7.930884763,38.49975298
12/3/2015,2,1,18,Algae,Med,3,22:00,,2215.530133,2183.682607,25.13,7.884856377,38.42620317,25.22,7.930884763,38.49975298
12/3/2015,2,1,19,Rubble,Med,3,22:00,,2207.958978,2183.682607,25.27,7.855865852,38.53216618,25.22,7.930884763,38.49975298
12/3/2015,2,1,20,Sand,Med,3,22:00,,2203.468023,2183.682607,25.21,7.912446374,38.43320766,25.22,7.930884763,38.49975298
12/3/2015,2,1,21,Coral,High,6,22:00,,2156.60666,2179.766902,25.1,7.826136467,38.52700528,25.24,7.928911271,38.48271173
12/3/2015,2,1,22,Algae,High,6,22:00,,2196.389438,2179.766902,25.32,7.894003286,38.3397901,25.24,7.928911271,38.48271173
12/3/2015,2,1,23,Rubble,High,6,22:00,,2195.552924,2179.766902,25.31,7.860372636,38.49809054,25.24,7.928911271,38.48271173
12/3/2015,2,1,24,Sand,High,6,22:00,,2193.098437,2179.766902,25.17,7.90794484,38.4672718,25.24,7.928911271,38.48271173
12/3/2015,3,1,25,Coral,Ambient,0,22:00,,2158.340727,2186.915078,25.22,7.837984621,38.57483151,25.22,7.93426295,38.49975298
12/3/2015,3,1,26,Algae,Ambient,0,22:00,,2202.687603,2186.915078,25.23,7.922297321,38.49123079,25.22,7.93426295,38.49975298
12/3/2015,3,1,27,Rubble,Ambient,0,22:00,,2191.953292,2186.915078,25.29,7.884294215,38.36523004,25.22,7.93426295,38.49975298
12/3/2015,3,1,28,Sand,Ambient,0,22:00,,2197.689589,2186.915078,25.15,7.94708609,38.48432275,25.22,7.93426295,38.49975298
12/3/2015,3,1,29,Coral,Med,3,22:00,,2152.596706,2183.682607,25.16,7.865850499,38.40066418,25.22,7.930884763,38.49975298
12/3/2015,3,1,30,Algae,Med,3,22:00,,2190.566876,2183.682607,25.36,7.879932779,38.23112492,25.22,7.930884763,38.49975298
12/3/2015,3,1,31,Rubble,Med,3,22:00,,2209.702811,2183.682607,25.24,7.883308804,38.40769254,25.22,7.930884763,38.49975298
12/3/2015,3,1,32,Sand,Med,3,22:00,,2196.896151,2183.682607,25.18,7.912871315,38.45875105,25.22,7.930884763,38.49975298
12/3/2015,3,1,33,Coral,High,6,22:00,,2160.161383,2179.766902,25.13,7.845995505,38.5013863,25.24,7.928911271,38.48271173
12/3/2015,3,1,34,Algae,High,6,22:00,,2189.015193,2179.766902,25.33,7.882042959,38.40618151,25.24,7.928911271,38.48271173
12/3/2015,3,1,35,Rubble,High,6,22:00,,2205.17175,2179.766902,25.06,7.808101456,38.48590436,25.24,7.928911271,38.48271173
12/3/2015,3,1,36,Sand,High,6,22:00,,2175.816437,2179.766902,25.28,7.879368659,38.44866694,25.24,7.928911271,38.48271173
12/4/2015,1,1,1,Coral,Ambient,0,2:00,,2131.200617,2171.356887,24.97,7.778915607,38.48745633,24.93,7.924867579,38.21992454
12/4/2015,1,1,2,Algae,Ambient,0,2:00,,2183.474757,2171.356887,25.17,7.874157308,38.16696485,24.93,7.924867579,38.21992454
12/4/2015,1,1,3,Rubble,Ambient,0,2:00,,2201.988546,2171.356887,25.1,7.858242155,37.25143069,24.93,7.924867579,38.21992454
12/4/2015,1,1,4,Sand,Ambient,0,2:00,,2186.746507,2171.356887,25.11,7.92062185,38.29288512,24.93,7.924867579,38.21992454
12/4/2015,1,1,5,Coral,Med,3,2:00,,2151.41973,2181.03128,25.13,7.751377729,38.35104515,24.94,7.921344184,38.28681678
12/4/2015,1,1,6,Algae,Med,3,2:00,,2189.051806,2181.03128,25.13,7.839237092,38.27591222,24.94,7.921344184,38.28681678
12/4/2015,1,1,7,Rubble,Med,3,2:00,,2210.231823,2181.03128,25.18,7.880774236,38.08351584,24.94,7.921344184,38.28681678
12/4/2015,1,1,8,Sand,Med,3,2:00,,2195.607977,2181.03128,25.14,7.849235192,38.19233982,24.94,7.921344184,38.28681678
12/4/2015,1,1,9,Coral,High,6,2:00,,2151.462677,2178.805954,25.16,7.718869808,38.40066418,24.94,7.914581463,38.36222707
12/4/2015,1,1,10,Algae,High,6,2:00,,2182.628841,2178.805954,25.2,7.790965133,38.36665617,24.94,7.914581463,38.36222707
12/4/2015,1,1,11,Rubble,High,6,2:00,,2209.508113,2178.805954,25.14,7.785032425,38.3425462,24.94,7.914581463,38.36222707
12/4/2015,1,1,12,Sand,High,6,2:00,,2193.629602,2178.805954,25.17,7.852195413,38.09195077,24.94,7.914581463,38.36222707
12/4/2015,2,1,13,Coral,Ambient,0,2:00,,2141.856969,2171.356887,25.16,7.825304101,38.32555773,24.93,7.924867579,38.21992454
12/4/2015,2,1,14,Algae,Ambient,0,2:00,,2177.524154,2171.356887,25.09,7.882039589,37.03528598,24.93,7.924867579,38.21992454
12/4/2015,2,1,15,Rubble,Ambient,0,2:00,,2201.181904,2171.356887,24.9,7.877948314,38.09458919,24.93,7.924867579,38.21992454
12/4/2015,2,1,16,Sand,Ambient,0,2:00,,2189.514875,2171.356887,25.12,7.917100625,37.75904918,24.93,7.924867579,38.21992454
12/4/2015,2,1,17,Coral,Med,3,2:00,,2165.042468,2181.03128,25.13,7.842616298,38.42620317,24.94,7.921344184,38.28681678
12/4/2015,2,1,18,Algae,Med,3,2:00,,2187.00272,2181.03128,26.02,7.796542495,37.53312954,24.94,7.921344184,38.28681678
12/4/2015,2,1,19,Rubble,Med,3,2:00,,2197.799063,2181.03128,25.17,7.823476011,38.16696485,24.94,7.921344184,38.28681678
12/4/2015,2,1,20,Sand,Med,3,2:00,,2187.154797,2181.03128,25.03,7.862601298,38.51153792,24.94,7.921344184,38.28681678
12/4/2015,2,1,21,Coral,High,6,2:00,,2155.983086,2178.805954,25.14,7.715761019,38.49285295,24.94,7.914581463,38.36222707
12/4/2015,2,1,22,Algae,High,6,2:00,,2185.147321,2178.805954,25.14,7.80192789,38.3425462,24.94,7.914581463,38.36222707
12/4/2015,2,1,23,Rubble,High,6,2:00,,2205.855835,2178.805954,25.1,7.809238736,38.15108256,24.94,7.914581463,38.36222707
12/4/2015,2,1,24,Sand,High,6,2:00,,2200.01437,2178.805954,25.01,7.857810368,38.37793809,24.94,7.914581463,38.36222707
12/4/2015,3,1,25,Coral,Ambient,0,2:00,,2139.481084,2171.356887,25.09,7.80937691,38.23469395,24.93,7.924867579,38.21992454
12/4/2015,3,1,26,Algae,Ambient,0,2:00,,2179.684566,2171.356887,25.11,7.883448089,38.36805245,24.93,7.924867579,38.21992454
12/4/2015,3,1,27,Rubble,Ambient,0,2:00,,2199.895259,2171.356887,25.14,7.864441111,38.11727425,24.93,7.924867579,38.21992454
12/4/2015,3,1,28,Sand,Ambient,0,2:00,,2189.524408,2171.356887,25.03,7.896404694,38.51153792,24.93,7.924867579,38.21992454
12/4/2015,3,1,29,Coral,Med,3,2:00,,2154.058813,2181.03128,24.9,7.805239313,38.16999285,24.94,7.921344184,38.28681678
12/4/2015,3,1,30,Algae,Med,3,2:00,,2180.772476,2181.03128,25.21,7.833056319,38.43320766,24.94,7.921344184,38.28681678
12/4/2015,3,1,31,Rubble,Med,3,2:00,,2212.895913,2181.03128,25.16,7.843887867,38.10038882,24.94,7.921344184,38.28681678
12/4/2015,3,1,32,Sand,Med,3,2:00,,2189.634491,2181.03128,25.05,7.879221958,38.41914986,24.94,7.921344184,38.28681678
12/4/2015,3,1,33,Coral,High,6,2:00,,2161.126586,2178.805954,25.02,7.79851265,38.0683807,24.94,7.914581463,38.36222707
12/4/2015,3,1,34,Algae,High,6,2:00,,2187.566759,2178.805954,25.13,7.825720267,38.20080438,24.94,7.914581463,38.36222707
12/4/2015,3,1,35,Rubble,High,6,2:00,,2209.101145,2178.805954,24.98,7.761873932,38.17749198,24.94,7.914581463,38.36222707
12/4/2015,3,1,36,Sand,High,6,2:00,,2198.999602,2178.805954,25.1,7.807548963,38.22621686,24.94,7.914581463,38.36222707
12/4/2015,1,1,1,Coral,Ambient,0,6:00,,2132.783951,2197.696012,24.74,7.766844582,38.53337679,24.67,7.918408654,38.44184545
12/4/2015,1,1,2,Algae,Ambient,0,6:00,,2181.631458,2197.696012,24.84,7.853422439,38.52325235,24.67,7.918408654,38.44184545
12/4/2015,1,1,3,Rubble,Ambient,0,6:00,,2205.67917,2197.696012,24.81,7.848767104,38.47333,24.67,7.918408654,38.44184545
12/4/2015,1,1,4,Sand,Ambient,0,6:00,,2199.168802,2197.696012,24.87,7.918955567,38.49754213,24.67,7.918408654,38.44184545
12/4/2015,1,1,5,Coral,Med,3,6:00,,2146.758837,2184.507755,24.84,7.745182603,38.52325235,24.62,7.914040231,38.48476852
12/4/2015,1,1,6,Algae,Med,3,6:00,,2181.021418,2184.507755,24.96,7.82131692,38.49600887,24.62,7.914040231,38.48476852
12/4/2015,1,1,7,Rubble,Med,3,6:00,,2212.940645,2184.507755,24.89,7.823977938,38.48041785,24.62,7.914040231,38.48476852
12/4/2015,1,1,8,Sand,Med,3,6:00,,2195.571038,2184.507755,24.86,7.836231841,38.50610902,24.62,7.914040231,38.48476852
12/4/2015,1,1,9,Coral,High,6,6:00,,2148.701825,2220.416835,24.85,7.689237311,38.43908747,24.64,7.908679782,38.46758972
12/4/2015,1,1,10,Algae,High,6,6:00,,2188.274301,2220.416835,24.94,7.755657536,38.36222707,24.64,7.908679782,38.46758972
12/4/2015,1,1,11,Rubble,High,6,6:00,,2225.209898,2220.416835,24.85,7.733208269,38.5146791,24.64,7.908679782,38.46758972
12/4/2015,1,1,12,Sand,High,6,6:00,,2203.15478,2220.416835,24.89,7.829050829,38.48041785,24.64,7.908679782,38.46758972
12/4/2015,2,1,13,Coral,Ambient,0,6:00,,2144.959741,2197.696012,24.83,7.797749036,38.45620239,24.67,7.918408654,38.44184545
12/4/2015,2,1,14,Algae,Ambient,0,6:00,,2177.253767,2197.696012,24.81,7.877521206,38.47333,24.67,7.918408654,38.44184545
12/4/2015,2,1,15,Rubble,Ambient,0,6:00,,2201.40946,2197.696012,24.68,7.852272769,38.43327039,24.67,7.918408654,38.44184545
12/4/2015,2,1,16,Sand,Ambient,0,6:00,,2193.605643,2197.696012,24.81,7.906275307,38.47333,24.67,7.918408654,38.44184545
12/4/2015,2,1,17,Coral,Med,3,6:00,,2156.100925,2184.507755,24.91,7.766211738,38.46330626,24.62,7.914040231,38.48476852
12/4/2015,2,1,18,Algae,Med,3,6:00,,2186.529972,2184.507755,24.93,7.799753056,37.69281588,24.62,7.914040231,38.48476852
12/4/2015,2,1,19,Rubble,Med,3,6:00,,2201.551996,2184.507755,24.93,7.781154951,38.37075447,24.62,7.914040231,38.48476852
12/4/2015,2,1,20,Sand,Med,3,6:00,,2199.058628,2184.507755,24.75,7.851295784,38.52478913,24.62,7.914040231,38.48476852
12/4/2015,2,1,21,Coral,High,6,6:00,,2167.946172,2220.416835,24.88,7.665160666,38.4889784,24.64,7.908679782,38.46758972
12/4/2015,2,1,22,Algae,High,6,6:00,,2177.798057,2220.416835,24.85,7.765340892,38.36352118,24.64,7.908679782,38.46758972
12/4/2015,2,1,23,Rubble,High,6,6:00,,2210.593666,2220.416835,24.8,7.788013499,38.48189857,24.64,7.908679782,38.46758972
12/4/2015,2,1,24,Sand,High,6,6:00,,2201.84275,2220.416835,24.75,7.824227649,38.44904888,24.64,7.908679782,38.46758972
12/4/2015,3,1,25,Coral,Ambient,0,6:00,,2142.177529,2197.696012,24.82,7.791121358,38.46476461,24.67,7.918408654,38.44184545
12/4/2015,3,1,26,Algae,Ambient,0,6:00,,2171.672405,2197.696012,24.89,7.873015885,38.40489566,24.67,7.918408654,38.44184545
12/4/2015,3,1,27,Rubble,Ambient,0,6:00,,2202.184703,2197.696012,24.8,7.859055428,38.48189857,24.67,7.918408654,38.44184545
12/4/2015,3,1,28,Sand,Ambient,0,6:00,,2193.091154,2197.696012,24.91,7.909934009,38.46330626,24.67,7.918408654,38.44184545
12/4/2015,3,1,29,Coral,Med,3,6:00,,2150.609251,2184.507755,24.71,7.777406671,38.48334888,24.62,7.914040231,38.48476852
12/4/2015,3,1,30,Algae,Med,3,6:00,,2176.660213,2184.507755,24.86,7.810864831,38.43053476,24.62,7.914040231,38.48476852
12/4/2015,3,1,31,Rubble,Med,3,6:00,,2215.991571,2184.507755,24.87,7.831019553,38.34645366,24.62,7.914040231,38.48476852
12/4/2015,3,1,32,Sand,Med,3,6:00,,2202.557443,2184.507755,24.84,7.873717408,38.44764334,24.62,7.914040231,38.48476852
12/4/2015,3,1,33,Coral,High,6,6:00,,2158.460829,2220.416835,24.76,7.768262851,38.44048183,24.64,7.908679782,38.46758972
12/4/2015,3,1,34,Algae,High,6,6:00,,2177.626879,2220.416835,24.82,7.792812719,38.31355317,24.64,7.908679782,38.46758972
12/4/2015,3,1,35,Rubble,High,6,6:00,,2191.423,2220.416835,24.79,7.761086436,38.49047032,24.64,7.908679782,38.46758972
12/4/2015,3,1,36,Sand,High,6,6:00,,2186.650367,2220.416835,24.78,7.79505473,38.49904525,24.64,7.908679782,38.46758972
12/4/2015,1,1,1,Coral,Ambient,0,10:00,35,2220.416835,2170.897287,25.03,7.874432487,38.28562231,24.98,7.947823789,38.32814901
12/4/2015,1,1,2,Algae,Ambient,0,10:00,37,2165.75976,2170.897287,25.4,7.982343137,38.04799979,24.98,7.947823789,38.32814901
12/4/2015,1,1,3,Rubble,Ambient,0,10:00,34,2193.446829,2170.897287,25.33,7.86684672,38.33131637,24.98,7.947823789,38.32814901
12/4/2015,1,1,4,Sand,Ambient,0,10:00,37,2171.671225,2170.897287,25.04,7.930065868,38.05148915,24.98,7.947823789,38.32814901
12/4/2015,1,1,5,Coral,Med,3,10:00,32,2147.716482,2190.325706,25.01,7.81048244,38.37793809,24.96,7.954871686,38.26980604
12/4/2015,1,1,6,Algae,Med,3,10:00,30,2169.738611,2190.325706,25.48,8.009880878,37.16265445,24.96,7.954871686,38.26980604
12/4/2015,1,1,7,Rubble,Med,3,10:00,31,2210.518482,2190.325706,25.07,7.867111334,38.4021048,24.96,7.954871686,38.26980604
12/4/2015,1,1,8,Sand,Med,3,10:00,25,2201.478138,2190.325706,24.96,7.877105619,38.26980604,24.96,7.954871686,38.26980604
12/4/2015,1,1,9,Coral,High,6,10:00,31,2134.113746,2183.313465,25.16,7.847266733,38.10038882,24.89,7.962636962,38.25392719
12/4/2015,1,1,10,Algae,High,6,10:00,28,2185.214569,2183.313465,25.19,7.960029038,38.45023344,24.89,7.962636962,38.25392719
12/4/2015,1,1,11,Rubble,High,6,10:00,30,2187.608282,2183.313465,25.34,7.859952941,38.32284577,24.89,7.962636962,38.25392719
12/4/2015,1,1,12,Sand,High,6,10:00,34,2197.995308,2183.313465,25.3,7.909483124,38.50660474,24.89,7.962636962,38.25392719
12/4/2015,2,1,13,Coral,Ambient,0,10:00,38,2131.973048,2170.897287,25.08,7.895699295,38.0928619,24.98,7.947823789,38.32814901
12/4/2015,2,1,14,Algae,Ambient,0,10:00,38,2184.569305,2170.897287,25.62,7.97074202,37.789688,24.98,7.947823789,38.32814901
12/4/2015,2,1,15,Rubble,Ambient,0,10:00,39,2195.979055,2170.897287,24.99,7.929086619,38.09374146,24.98,7.947823789,38.32814901
12/4/2015,2,1,16,Sand,Ambient,0,10:00,39,2187.608282,2170.897287,25.07,7.934709058,38.1764716,24.98,7.947823789,38.32814901
12/4/2015,2,1,17,Coral,Med,3,10:00,34,2140.190209,2190.325706,25.22,7.90048108,37.90002548,24.96,7.954871686,38.26980604
12/4/2015,2,1,18,Algae,Med,3,10:00,31,2182.439072,2190.325706,25.24,7.942423113,38.18278496,24.96,7.954871686,38.26980604
12/4/2015,2,1,19,Rubble,Med,3,10:00,32,2178.528626,2190.325706,25.2,7.917655637,37.9917177,24.96,7.954871686,38.26980604
12/4/2015,2,1,20,Sand,Med,3,10:00,29,2193.531226,2190.325706,25.06,7.91626144,38.26014401,24.96,7.954871686,38.26980604
12/4/2015,2,1,21,Coral,High,6,10:00,30,2148.723993,2183.313465,25.09,7.838104016,38.38507233,24.89,7.962636962,38.25392719
12/4/2015,2,1,22,Algae,High,6,10:00,32,2186.382536,2183.313465,25.12,7.932307563,37.83402356,24.89,7.962636962,38.25392719
12/4/2015,2,1,23,Rubble,High,6,10:00,30,2187.851085,2183.313465,25.08,7.882180204,38.39358699,24.89,7.962636962,38.25392719
12/4/2015,2,1,24,Sand,High,6,10:00,32,2194.207461,2183.313465,25.09,7.912456525,38.08441609,24.89,7.962636962,38.25392719
12/4/2015,3,1,25,Coral,Ambient,0,10:00,35,2131.84298,2170.897287,25.24,7.930600251,37.95810239,24.98,7.947823789,38.32814901
12/4/2015,3,1,26,Algae,Ambient,0,10:00,34,2185.660163,2170.897287,25.14,7.947228889,37.8922281,24.98,7.947823789,38.32814901
12/4/2015,3,1,27,Rubble,Ambient,0,10:00,38,2189.809923,2170.897287,25.24,7.969446798,38.33269834,24.98,7.947823789,38.32814901
12/4/2015,3,1,28,Sand,Ambient,0,10:00,34,2191.388152,2170.897287,25.17,7.943421749,38.4672718,24.98,7.947823789,38.32814901
12/4/2015,3,1,29,Coral,Med,3,10:00,30,2148.416831,2190.325706,25.14,7.938781157,38.04223378,24.96,7.954871686,38.26980604
12/4/2015,3,1,30,Algae,Med,3,10:00,30,2185.918046,2190.325706,25.29,7.943398621,38.14057917,24.96,7.954871686,38.26980604
12/4/2015,3,1,31,Rubble,Med,3,10:00,30,2132.764643,2190.325706,25.28,7.936786292,38.14901411,24.96,7.954871686,38.26980604
12/4/2015,3,1,32,Sand,Med,3,10:00,29,2183.459074,2190.325706,25.24,7.895131665,38.40769254,24.96,7.954871686,38.26980604
12/4/2015,3,1,33,Coral,High,6,10:00,32,2163.491458,2183.313465,25.12,7.933997223,38.2843971,24.89,7.962636962,38.25392719
12/4/2015,3,1,34,Algae,High,6,10:00,29,2188.334716,2183.313465,25.34,7.996714511,38.24802264,24.89,7.962636962,38.25392719
12/4/2015,3,1,35,Rubble,High,6,10:00,30,2193.469821,2183.313465,25.15,7.864301086,38.10882998,24.89,7.962636962,38.25392719
12/4/2015,3,1,36,Sand,High,6,10:00,31,2170.897287,2183.313465,25.1,7.929212625,38.07597339,24.89,7.962636962,38.25392719
12/5/2015,1,2,37,Mixed,Ambient,0,10:00,35,2169.117323,2183.991169,25.3,7.939878657,39.03189302,25.21,7.949607676,38.58337402
12/5/2015,1,2,38,Mixed,Ambient,0,10:00,33,2168.649134,2183.991169,25.3,7.956765064,38.73157858,25.21,7.949607676,38.58337402
12/5/2015,1,2,39,Mixed,Ambient,0,10:00,33,2161.843278,2183.991169,25.31,7.956621933,38.79803702,25.21,7.949607676,38.58337402
12/5/2015,1,2,40,Mixed,Ambient,0,10:00,36,2168.752529,2183.991169,25.57,7.990018458,38.65059745,25.21,7.949607676,38.58337402
12/5/2015,1,2,41,Mixed,Med,3,10:00,28,2181.24356,2182.77805,25.36,8.006555378,38.68023238,25.22,7.974801194,38.57483151
12/5/2015,1,2,42,Mixed,Med,3,10:00,24,2183.375035,2182.77805,25.38,7.955620129,38.66314221,25.22,7.974801194,38.57483151
12/5/2015,1,2,43,Mixed,Med,3,10:00,29,2166.298317,2182.77805,25.1,8.022150146,39.05435227,25.22,7.974801194,38.57483151
12/5/2015,1,2,44,Mixed,Med,3,10:00,30,2171.315517,2182.77805,25.68,7.998550725,38.70601795,25.22,7.974801194,38.57483151
12/5/2015,1,2,45,Mixed,High,6,10:00,29,2169.339528,2189.814413,25.64,7.973828215,38.66557065,25.16,7.984110825,38.62613395
12/5/2015,1,2,46,Mixed,High,6,10:00,26,2180.275448,2189.814413,25.31,7.900898656,38.72301299,25.16,7.984110825,38.62613395
12/5/2015,1,2,47,Mixed,High,6,10:00,33,2167.846329,2189.814413,25.52,7.990739844,38.61852827,25.16,7.984110825,38.62613395
12/5/2015,1,2,48,Mixed,High,6,10:00,28,2170.035473,2189.814413,25.7,8.006693514,38.61455831,25.16,7.984110825,38.62613395
12/5/2015,2,2,49,Mixed,Ambient,0,10:00,37,2179.995342,2183.991169,25.25,7.962547551,38.69935194,25.21,7.949607676,38.58337402
12/5/2015,2,2,50,Mixed,Ambient,0,10:00,36,2173.190014,2183.991169,25.33,7.947893328,38.70589128,25.21,7.949607676,38.58337402
12/5/2015,2,2,51,Mixed,Ambient,0,10:00,39,2171.262754,2183.991169,25.26,7.986048369,38.61572784,25.21,7.949607676,38.58337402
12/5/2015,2,2,52,Mixed,Ambient,0,10:00,39,2170.406373,2183.991169,25.29,7.961974291,38.66511396,25.21,7.949607676,38.58337402
12/5/2015,2,2,53,Mixed,Med,3,10:00,29,2183.849681,2182.77805,25.25,7.969303246,38.69935194,25.22,7.974801194,38.57483151
12/5/2015,2,2,54,Mixed,Med,3,10:00,30,2178.836145,2182.77805,25.39,8.009497243,38.72948892,25.22,7.974801194,38.57483151
12/5/2015,2,2,55,Mixed,Med,3,10:00,32,2173.647456,2182.77805,25.39,7.9858634,38.65460184,25.22,7.974801194,38.57483151
12/5/2015,2,2,56,Mixed,Med,3,10:00,31,2178.146136,2182.77805,25.45,7.961369692,38.67821031,25.22,7.974801194,38.57483151
12/5/2015,2,2,57,Mixed,High,6,10:00,31,2175.640054,2189.814413,25.5,8.061903842,38.63556459,25.16,7.984110825,38.62613395
12/5/2015,2,2,58,Mixed,High,6,10:00,31,2180.397681,2189.814413,25.3,7.950010501,38.65656235,25.16,7.984110825,38.62613395
12/5/2015,2,2,59,Mixed,High,6,10:00,29,2183.895113,2189.814413,25.56,7.971603847,38.65911538,25.16,7.984110825,38.62613395
12/5/2015,2,2,60,Mixed,High,6,10:00,31,2179.568389,2189.814413,25.37,7.989528127,38.746607,25.16,7.984110825,38.62613395
12/5/2015,3,2,61,Mixed,Ambient,0,10:00,32,2165.364752,2183.991169,25.34,7.974765123,38.62238745,25.21,7.949607676,38.58337402
12/5/2015,3,2,62,Mixed,Ambient,0,10:00,30,2166.837023,2183.991169,25.34,7.951127321,38.62238745,25.21,7.949607676,38.58337402
12/5/2015,3,2,63,Mixed,Ambient,0,10:00,39,2168.022182,2183.991169,25.36,7.982919159,38.68023238,25.21,7.949607676,38.58337402
12/5/2015,3,2,64,Mixed,Ambient,0,10:00,35,2172.246092,2183.991169,25.43,7.959968392,38.62047182,25.21,7.949607676,38.58337402
12/5/2015,3,2,65,Mixed,Med,3,10:00,28,2184.028148,2182.77805,25.33,7.990105103,38.63092645,25.22,7.974801194,38.57483151
12/5/2015,3,2,66,Mixed,Med,3,10:00,29,2187.484549,2182.77805,25.42,7.97361534,38.62899961,25.22,7.974801194,38.57483151
12/5/2015,3,2,67,Mixed,Med,3,10:00,30,2167.117435,2182.77805,25.42,7.983743113,38.62899961,25.22,7.974801194,38.57483151
12/5/2015,3,2,68,Mixed,Med,3,10:00,27,2176.342586,2182.77805,25.35,7.967867954,38.6138516,25.22,7.974801194,38.57483151
12/5/2015,3,2,69,Mixed,High,6,10:00,29,2173.881389,2189.814413,25.23,7.957767095,38.64137851,25.16,7.984110825,38.62613395
12/5/2015,3,2,70,Mixed,High,6,10:00,30,2184.483642,2189.814413,25.25,7.982814636,38.62427491,25.16,7.984110825,38.62613395
12/5/2015,3,2,71,Mixed,High,6,10:00,29,2181.521802,2189.814413,25.32,7.956478806,38.6394686,25.16,7.984110825,38.62613395
12/5/2015,3,2,72,Mixed,High,6,10:00,32,2165.246098,2189.814413,25.35,7.972933028,38.6138516,25.16,7.984110825,38.62613395
12/5/2015,1,2,37,Mixed,Ambient,0,14:00,32,2136.756393,2183.91783,27.35,8.152238335,38.6935965,26.1,7.958800176,38.57252555
12/5/2015,1,2,38,Mixed,Ambient,0,14:00,33,2124.223858,2183.91783,27.06,8.178408929,38.64565866,26.1,7.958800176,38.57252555
12/5/2015,1,2,39,Mixed,Ambient,0,14:00,34,2123.667171,2183.91783,27.44,8.155919822,38.61886038,26.1,7.958800176,38.57252555
12/5/2015,1,2,40,Mixed,Ambient,0,14:00,35,2135.84633,2183.91783,27.32,8.172815323,38.50197618,26.1,7.958800176,38.57252555
12/5/2015,1,2,41,Mixed,Med,3,14:00,24,2154.535734,2184.490887,27.32,8.312030255,38.64634376,26.12,7.987141884,38.55566002
12/5/2015,1,2,42,Mixed,Med,3,14:00,25,2144.332759,2184.490887,27.44,8.31855184,38.61886038,26.12,7.987141884,38.55566002
12/5/2015,1,2,43,Mixed,Med,3,14:00,28,2152.596912,2184.490887,27.27,8.175245535,38.61565768,26.12,7.987141884,38.55566002
12/5/2015,1,2,44,Mixed,Med,3,14:00,30,2131.769099,2184.490887,27.6,8.280876076,38.63020488,26.12,7.987141884,38.55566002
12/5/2015,1,2,45,Mixed,High,6,14:00,30,2136.876174,2175.961359,27.5,8.309238226,38.64112454,26.08,7.986034542,38.58940342
12/5/2015,1,2,46,Mixed,High,6,14:00,26,2159.147361,2175.961359,27.43,8.290203754,38.62715243,26.08,7.986034542,38.58940342
12/5/2015,1,2,47,Mixed,High,6,14:00,33,2131.585087,2175.961359,27.35,8.328336028,38.62142593,26.08,7.986034542,38.58940342
12/5/2015,1,2,48,Mixed,High,6,14:00,28,2142.923401,2175.961359,27.43,8.35559406,38.62715243,26.08,7.986034542,38.58940342
12/5/2015,2,2,49,Mixed,Ambient,0,14:00,35,2153.484358,2183.91783,27.58,8.098517997,37.71451941,26.1,7.958800176,38.57252555
12/5/2015,2,2,50,Mixed,Ambient,0,14:00,32,2137.504217,2183.91783,27.1,8.127450718,38.61232171,26.1,7.958800176,38.57252555
12/5/2015,2,2,51,Mixed,Ambient,0,14:00,38,2146.254717,2183.91783,26.6,8.111366715,38.59311238,26.1,7.958800176,38.57252555
12/5/2015,2,2,52,Mixed,Ambient,0,14:00,37,2144.955736,2183.91783,27.17,8.139832913,38.62648803,26.1,7.958800176,38.57252555
12/5/2015,2,2,53,Mixed,Med,3,14:00,29,2154.082193,2184.490887,26.73,8.227078965,38.63035434,26.12,7.987141884,38.55566002
12/5/2015,2,2,54,Mixed,Med,3,14:00,31,2164.178054,2184.490887,26.52,8.233641248,38.73357306,26.12,7.987141884,38.55566002
12/5/2015,2,2,55,Mixed,Med,3,14:00,32,2143.524394,2184.490887,26.52,8.15628001,38.66026532,26.12,7.987141884,38.55566002
12/5/2015,2,2,56,Mixed,Med,3,14:00,31,2167.745641,2184.490887,26.74,8.186593916,38.54901028,26.12,7.987141884,38.55566002
12/5/2015,2,2,57,Mixed,High,6,14:00,28,2153.123605,2175.961359,26.79,8.306817489,38.65307075,26.08,7.986034542,38.58940342
12/5/2015,2,2,58,Mixed,High,6,14:00,30,2163.586083,2175.961359,27.18,8.280641406,38.61816624,26.08,7.986034542,38.58940342
12/5/2015,2,2,59,Mixed,High,6,14:00,29,2155.280517,2175.961359,26.99,8.265099554,38.70411455,26.08,7.986034542,38.58940342
12/5/2015,2,2,60,Mixed,High,6,14:00,31,2163.361846,2175.961359,26.42,8.191425749,38.59760828,26.08,7.986034542,38.58940342
12/5/2015,3,2,61,Mixed,Ambient,0,14:00,32,2143.867566,2183.91783,26.18,8.065409442,38.6526143,26.1,7.958800176,38.57252555
12/5/2015,3,2,62,Mixed,Ambient,0,14:00,31,2142.992216,2183.91783,26.29,8.058745314,38.63350278,26.1,7.958800176,38.57252555
12/5/2015,3,2,63,Mixed,Ambient,0,14:00,37,2142.147081,2183.91783,26.37,8.091224624,38.63966632,26.1,7.958800176,38.57252555
12/5/2015,3,2,64,Mixed,Ambient,0,14:00,30,2134.990851,2183.91783,26.41,8.07212758,38.60601376,26.1,7.958800176,38.57252555
12/5/2015,3,2,65,Mixed,Med,3,14:00,28,2160.547099,2184.490887,26.21,8.130625746,38.62729461,26.12,7.987141884,38.55566002
12/5/2015,3,2,66,Mixed,Med,3,14:00,29,2170.891253,2184.490887,26.32,8.113840806,38.60823479,26.12,7.987141884,38.55566002
12/5/2015,3,2,67,Mixed,Med,3,14:00,29,2151.378419,2184.490887,26.34,8.091667785,38.66493795,26.12,7.987141884,38.55566002
12/5/2015,3,2,68,Mixed,Med,3,14:00,28,2147.445758,2184.490887,26.34,8.128688875,38.59140481,26.12,7.987141884,38.55566002
12/5/2015,3,2,69,Mixed,High,6,14:00,27,2145.890255,2175.961359,26.13,8.086351167,38.6948755,26.08,7.986034542,38.58940342
12/5/2015,3,2,70,Mixed,High,6,14:00,29,2161.648219,2175.961359,26.08,8.110668225,38.58940342,26.08,7.986034542,38.58940342
12/5/2015,3,2,71,Mixed,High,6,14:00,28,2152.863346,2175.961359,26.16,8.11284921,38.66950952,26.08,7.986034542,38.58940342
12/5/2015,3,2,72,Mixed,High,6,14:00,31,2147.742971,2175.961359,26.22,8.143944341,38.61886087,26.08,7.986034542,38.58940342
12/5/2015,1,2,37,Mixed,Ambient,0,18:00,,2147.186788,2181.326997,26.24,8.012344991,38.52835183,25.7,7.907197062,38.54014875
12/5/2015,1,2,38,Mixed,Ambient,0,18:00,,2139.009646,2181.326997,26.14,8.028950992,38.46503802,25.7,7.907197062,38.54014875
12/5/2015,1,2,39,Mixed,Ambient,0,18:00,,,2181.326997,26.36,8.029113756,37.98745309,25.7,7.907197062,38.54014875
12/5/2015,1,2,40,Mixed,Ambient,0,18:00,,2133.833079,2181.326997,26.29,8.053696141,38.55991084,25.7,7.907197062,38.54014875
12/5/2015,1,2,41,Mixed,Med,3,18:00,,2163.743317,2171.501358,26.31,8.110623383,38.46956094,25.73,7.888224237,38.51473539
12/5/2015,1,2,42,Mixed,Med,3,18:00,,2151.873783,2171.501358,26.36,8.177188227,38.42765925,25.73,7.888224237,38.51473539
12/5/2015,1,2,43,Mixed,Med,3,18:00,,2154.9885,2171.501358,26.27,8.144880249,38.50313734,25.73,7.888224237,38.51473539
12/5/2015,1,2,44,Mixed,Med,3,18:00,,2150.73157,2171.501358,26.37,8.123194181,38.49272343,25.73,7.888224237,38.51473539
12/5/2015,1,2,45,Mixed,High,6,18:00,,2167.014885,2167.512861,26.36,8.141852273,38.50111115,25.77,7.901148658,38.55518579
12/5/2015,1,2,46,Mixed,High,6,18:00,,2169.882463,2167.512861,26.34,8.15224775,38.15071156,25.77,7.901148658,38.55518579
12/5/2015,1,2,47,Mixed,High,6,18:00,,2137.32105,2167.512861,26.32,8.117206585,38.46117449,25.77,7.901148658,38.55518579
12/5/2015,1,2,48,Mixed,High,6,18:00,,2159.221163,2167.512861,26.37,8.17198982,38.34587675,25.77,7.901148658,38.55518579
12/5/2015,2,2,49,Mixed,Ambient,0,18:00,,2177.110425,2181.326997,25.86,7.984150932,38.55323771,25.7,7.907197062,38.54014875
12/5/2015,2,2,50,Mixed,Ambient,0,18:00,,2165.083463,2181.326997,26.1,7.989114451,38.42487888,25.7,7.907197062,38.54014875
12/5/2015,2,2,51,Mixed,Ambient,0,18:00,,2169.39494,2181.326997,25.8,7.991758834,38.52978707,25.7,7.907197062,38.54014875
12/5/2015,2,2,52,Mixed,Ambient,0,18:00,,2151.453124,2181.326997,26.03,7.98843999,38.48377163,25.7,7.907197062,38.54014875
12/5/2015,2,2,53,Mixed,Med,3,18:00,,2165.202965,2171.501358,25.82,8.069012524,38.51287011,25.73,7.888224237,38.51473539
12/5/2015,2,2,54,Mixed,Med,3,18:00,,2147.670025,2171.501358,25.82,8.057212598,38.51287011,25.73,7.888224237,38.51473539
12/5/2015,2,2,55,Mixed,Med,3,18:00,,2160.745006,2171.501358,25.92,8.001822981,38.50253465,25.73,7.888224237,38.51473539
12/5/2015,2,2,56,Mixed,Med,3,18:00,,2150.231534,2171.501358,26.08,8.023087799,38.51553457,25.73,7.888224237,38.51473539
12/5/2015,2,2,57,Mixed,High,6,18:00,,2147.087948,2167.512861,25.97,8.068493915,38.60839982,25.77,7.901148658,38.55518579
12/5/2015,2,2,58,Mixed,High,6,18:00,,2164.612588,2167.512861,26.08,8.076983446,38.44169,25.77,7.901148658,38.55518579
12/5/2015,2,2,59,Mixed,High,6,18:00,,2157.763532,2167.512861,26.13,8.069511591,38.47344643,25.77,7.901148658,38.55518579
12/5/2015,2,2,60,Mixed,High,6,18:00,,2174.466407,2167.512861,25.79,8.018877145,38.46399255,25.77,7.901148658,38.55518579
12/5/2015,3,2,61,Mixed,Ambient,0,18:00,,2151.716357,2181.326997,25.88,7.999031041,38.61047948,25.7,7.907197062,38.54014875
12/5/2015,3,2,62,Mixed,Ambient,0,18:00,,2148.866649,2181.326997,26.04,7.986611276,38.47534914,25.7,7.907197062,38.54014875
12/5/2015,3,2,63,Mixed,Ambient,0,18:00,,2144.918617,2181.326997,26.04,7.991664669,38.47534914,25.7,7.907197062,38.54014875
12/5/2015,3,2,64,Mixed,Ambient,0,18:00,,2144.537102,2181.326997,26.07,7.98954731,38.22866219,25.7,7.907197062,38.54014875
12/5/2015,3,2,65,Mixed,Med,3,18:00,,2204.387983,2171.501358,25.81,8.075902495,38.52132704,25.73,7.888224237,38.51473539
12/5/2015,3,2,66,Mixed,Med,3,18:00,,2169.39494,2171.501358,26.01,8.034213595,38.35277578,25.73,7.888224237,38.51473539
12/5/2015,3,2,67,Mixed,Med,3,18:00,,2166.1667,2171.501358,25.98,8.041390161,38.59994207,25.73,7.888224237,38.51473539
12/5/2015,3,2,68,Mixed,Med,3,18:00,,2148.134904,2171.501358,26.04,8.050620914,38.47534914,25.73,7.888224237,38.51473539
12/5/2015,3,2,69,Mixed,High,6,18:00,,2169.599535,2167.512861,25.85,7.997779305,38.56169906,25.77,7.901148658,38.55518579
12/5/2015,3,2,70,Mixed,High,6,18:00,,2165.556355,2167.512861,25.78,8.01059275,38.32396654,25.77,7.901148658,38.55518579
12/5/2015,3,2,71,Mixed,High,6,18:00,,2175.187522,2167.512861,25.94,8.011643773,38.55971281,25.77,7.901148658,38.55518579
12/5/2015,3,2,72,Mixed,High,6,18:00,,2142.800177,2167.512861,25.98,8.041390161,38.52593029,25.77,7.901148658,38.55518579
12/5/2015,1,2,37,Mixed,Ambient,0,22:00,35,2159.517455,2164.956432,25.65,7.865738071,38.28483637,25.44,7.910877523,38.01442744
12/5/2015,1,2,38,Mixed,Ambient,0,22:00,34,2166.683845,2164.956432,25.53,7.877543753,38.53536637,25.44,7.910877523,38.01442744
12/5/2015,1,2,39,Mixed,Ambient,0,22:00,33,2152.178491,2164.956432,25.7,7.87178307,38.46576379,25.44,7.910877523,38.01442744
12/5/2015,1,2,40,Mixed,Ambient,0,22:00,35,2155.901788,2164.956432,25.55,7.880637219,38.59299727,25.44,7.910877523,38.01442744
12/5/2015,1,2,41,Mixed,Med,3,22:00,29,2166.813272,2170.402856,25.71,7.880074372,38.45730646,25.47,7.853071621,38.43696536
12/5/2015,1,2,42,Mixed,Med,3,22:00,25,2184.457856,2170.402856,25.62,7.903268736,38.38456768,25.47,7.853071621,38.43696536
12/5/2015,1,2,43,Mixed,Med,3,22:00,29,2179.04217,2170.402856,25.37,7.883168707,38.746607,25.47,7.853071621,38.43696536
12/5/2015,1,2,44,Mixed,Med,3,22:00,31,2148.670923,2170.402856,25.61,7.867985445,38.2441173,25.47,7.853071621,38.43696536
12/5/2015,1,2,45,Mixed,High,6,22:00,31,2172.127851,2164.583271,25.69,7.846626838,38.47422423,25.5,7.795277281,38.48619045
12/5/2015,1,2,46,Mixed,High,6,22:00,26,2169.548886,2164.583271,25.69,7.861804771,38.32549436,25.5,7.795277281,38.48619045
12/5/2015,1,2,47,Mixed,High,6,22:00,33,2170.893291,2164.583271,25.67,7.823294104,38.56559011,25.5,7.795277281,38.48619045
12/5/2015,1,2,48,Mixed,High,6,22:00,28,2163.628164,2164.583271,25.7,7.859978407,38.54014875,25.5,7.795277281,38.48619045
12/5/2015,2,2,49,Mixed,Ambient,0,22:00,36,2167.172733,2164.956432,25.33,7.870223662,38.40618151,25.44,7.910877523,38.01442744
12/5/2015,2,2,50,Mixed,Ambient,0,22:00,35,2159.768289,2164.956432,25.49,7.869667945,38.56937097,25.44,7.910877523,38.01442744
12/5/2015,2,2,51,Mixed,Ambient,0,22:00,37,2165.150445,2164.956432,25.21,7.887109122,38.43320766,25.44,7.910877523,38.01442744
12/5/2015,2,2,52,Mixed,Ambient,0,22:00,37,2164.609255,2164.956432,25.44,7.870369148,38.46241826,25.44,7.910877523,38.01442744
12/5/2015,2,2,53,Mixed,Med,3,22:00,27,2167.876894,2170.402856,25.26,7.869516541,38.61572784,25.47,7.853071621,38.43696536
12/5/2015,2,2,54,Mixed,Med,3,22:00,29,2167.536704,2170.402856,25.67,7.860398201,37.89655579,25.47,7.853071621,38.43696536
12/5/2015,2,2,55,Mixed,Med,3,22:00,31,2177.199864,2170.402856,25.37,7.864598015,38.3722495,25.47,7.853071621,38.43696536
12/5/2015,2,2,56,Mixed,Med,3,22:00,30,2158.030612,2170.402856,25.42,7.841954302,38.32990475,25.47,7.853071621,38.43696536
12/5/2015,2,2,57,Mixed,High,6,22:00,28,2164.531683,2164.583271,25.42,7.850394112,38.47940249,25.5,7.795277281,38.48619045
12/5/2015,2,2,58,Mixed,High,6,22:00,30,2158.737632,2164.583271,25.5,7.850965107,38.48619045,25.5,7.795277281,38.48619045
12/5/2015,2,2,59,Mixed,High,6,22:00,28,2165.452019,2164.583271,25.53,7.842109605,38.4607427,25.5,7.795277281,38.48619045
12/5/2015,2,2,60,Mixed,High,6,22:00,29,2174.924711,2164.583271,25.28,7.830394796,38.59864315,25.5,7.795277281,38.48619045
12/5/2015,3,2,61,Mixed,Ambient,0,22:00,33,2151.534866,2164.956432,25.37,7.876415728,38.52191783,25.44,7.910877523,38.01442744
12/5/2015,3,2,62,Mixed,Ambient,0,22:00,33,2159.517455,2164.956432,25.44,7.873744846,32.41734315,25.44,7.910877523,38.01442744
12/5/2015,3,2,63,Mixed,Ambient,0,22:00,39,2167.022815,2164.956432,25.47,7.866573056,38.43696536,25.44,7.910877523,38.01442744
12/5/2015,3,2,64,Mixed,Ambient,0,22:00,35,2167.266881,2164.956432,25.51,7.866012583,38.55236242,25.44,7.910877523,38.01442744
12/5/2015,3,2,65,Mixed,Med,3,22:00,29,2177.942324,2170.402856,25.31,7.88232423,38.57303975,25.47,7.853071621,38.43696536
12/5/2015,3,2,66,Mixed,Med,3,22:00,29,2180.531614,2170.402856,25.44,7.873744846,38.46241826,25.47,7.853071621,38.43696536
12/5/2015,3,2,67,Mixed,Med,3,22:00,30,2159.016136,2170.402856,25.46,7.839709409,38.29608503,25.47,7.853071621,38.43696536
12/5/2015,3,2,68,Mixed,Med,3,22:00,29,2156.177823,2170.402856,25.49,7.862917679,38.49467927,25.47,7.853071621,38.43696536
12/5/2015,3,2,69,Mixed,High,6,22:00,29,2170.951632,2164.583271,25.35,7.807473956,38.38920925,25.5,7.795277281,38.48619045
12/5/2015,3,2,70,Mixed,High,6,22:00,30,2168.197582,2164.583271,25.28,7.833772304,38.44866694,25.5,7.795277281,38.48619045
12/5/2015,3,2,71,Mixed,High,6,22:00,29,2177.626476,2164.583271,25.34,7.849822454,38.39769381,25.5,7.795277281,38.48619045
12/5/2015,3,2,72,Mixed,High,6,22:00,31,2158.745897,2164.583271,25.47,7.834507147,38.36228922,25.5,7.795277281,38.48619045
12/6/2015,1,2,37,Mixed,Ambient,0,2:00,,2139.780968,2184.506828,25.29,7.81168023,38.36523004,25.1,7.892037617,38.45177049
12/6/2015,1,2,38,Mixed,Ambient,0,2:00,,2173.27133,2184.506828,25.3,7.818296524,38.20698893,25.1,7.892037617,38.45177049
12/6/2015,1,2,39,Mixed,Ambient,0,2:00,,2168.710715,2184.506828,25.34,7.83293831,38.32284577,25.1,7.892037617,38.45177049
12/6/2015,1,2,40,Mixed,Ambient,0,2:00,,2146.083059,2184.506828,25.25,7.820677962,38.32421671,25.1,7.892037617,38.45177049
12/6/2015,1,2,41,Mixed,Med,3,2:00,,2148.483888,2139.240801,25.3,7.803098758,38.28185546,25.13,7.888235583,38.42620317
12/6/2015,1,2,42,Mixed,Med,3,2:00,,2155.093913,2139.240801,25.34,7.762024904,38.39769381,25.13,7.888235583,38.42620317
12/6/2015,1,2,43,Mixed,Med,3,2:00,,2143.14443,2139.240801,25.25,7.776765947,38.24926465,25.13,7.888235583,38.42620317
12/6/2015,1,2,44,Mixed,Med,3,2:00,,2190.582721,2139.240801,25.3,7.787900991,38.43166336,25.13,7.888235583,38.42620317
12/6/2015,1,2,45,Mixed,High,6,2:00,,2149.459881,2178.149693,25.28,7.729069562,37.47625585,25.15,7.884574965,38.40917403
12/6/2015,1,2,46,Mixed,High,6,2:00,,2159.582624,2178.149693,25.32,7.731904638,38.41467233,25.15,7.884574965,38.40917403
12/6/2015,1,2,47,Mixed,High,6,2:00,,2185.104028,2178.149693,25.29,7.722179273,38.44016358,25.15,7.884574965,38.40917403
12/6/2015,1,2,48,Mixed,High,6,2:00,,2147.761495,2178.149693,25.29,7.72386797,38.44016358,25.15,7.884574965,38.40917403
12/6/2015,2,2,49,Mixed,Ambient,0,2:00,,2183.092111,2184.506828,25.17,7.836991023,38.3170682,25.1,7.892037617,38.45177049
12/6/2015,2,2,50,Mixed,Ambient,0,2:00,,2178.397922,2184.506828,25.24,7.834328375,38.33269834,25.1,7.892037617,38.45177049
12/6/2015,2,2,51,Mixed,Ambient,0,2:00,,2185.501133,2184.506828,24.97,7.854988555,38.41204745,25.1,7.892037617,38.45177049
12/6/2015,2,2,52,Mixed,Ambient,0,2:00,,2161.679589,2184.506828,25.19,7.838402077,37.85029492,25.1,7.892037617,38.45177049
12/6/2015,2,2,53,Mixed,Med,3,2:00,,2153.004783,2139.240801,25.2,7.784208306,38.51680682,25.13,7.888235583,38.42620317
12/6/2015,2,2,54,Mixed,Med,3,2:00,,2183.125142,2139.240801,25.23,7.790552444,38.41619444,25.13,7.888235583,38.42620317
12/6/2015,2,2,55,Mixed,Med,3,2:00,,2179.412544,2139.240801,25.23,7.792241481,38.41619444,25.13,7.888235583,38.42620317
12/6/2015,2,2,56,Mixed,Med,3,2:00,,2147.557811,2139.240801,25.27,7.77818057,38.38220564,25.13,7.888235583,38.42620317
12/6/2015,2,2,57,Mixed,High,6,2:00,,2184.756114,2178.149693,25.22,7.767042694,38.19968908,25.15,7.884574965,38.40917403
12/6/2015,2,2,58,Mixed,High,6,2:00,,2187.241986,2178.149693,25.23,7.766905927,38.19123546,25.15,7.884574965,38.40917403
12/6/2015,2,2,59,Mixed,High,6,2:00,,2190.642617,2178.149693,25.23,7.746637485,38.26619677,25.15,7.884574965,38.40917403
12/6/2015,2,2,60,Mixed,High,6,2:00,,2148.987174,2178.149693,25.22,7.750151759,38.34967099,25.15,7.884574965,38.40917403
12/6/2015,3,2,61,Mixed,Ambient,0,2:00,,2179.040373,2184.506828,25.2,7.829816887,38.36665617,25.1,7.892037617,38.45177049
12/6/2015,3,2,62,Mixed,Ambient,0,2:00,,2177.989485,2184.506828,25.21,7.827988868,38.50827833,25.1,7.892037617,38.45177049
12/6/2015,3,2,63,Mixed,Ambient,0,2:00,,2179.699921,2184.506828,25.21,7.827988868,38.43320766,25.1,7.892037617,38.45177049
12/6/2015,3,2,64,Mixed,Ambient,0,2:00,,2183.291963,2184.506828,25.26,7.827294864,38.1658933,25.1,7.892037617,38.45177049
12/6/2015,3,2,65,Mixed,Med,3,2:00,,2180.829108,2139.240801,25.16,7.806720336,38.4757957,25.13,7.888235583,38.42620317
12/6/2015,3,2,66,Mixed,Med,3,2:00,,2177.339637,2139.240801,25.2,7.811235614,38.36665617,25.13,7.888235583,38.42620317
12/6/2015,3,2,67,Mixed,Med,3,2:00,,2178.943118,2139.240801,25.2,7.819681647,38.44171898,25.13,7.888235583,38.42620317
12/6/2015,3,2,68,Mixed,Med,3,2:00,,2177.549468,2139.240801,25.2,7.796032753,38.44171898,25.13,7.888235583,38.42620317
12/6/2015,3,2,69,Mixed,High,6,2:00,,2186.733732,2178.149693,25.14,7.724208751,38.41768703,25.15,7.884574965,38.40917403
12/6/2015,3,2,70,Mixed,High,6,2:00,,2187.698293,2178.149693,25.15,7.752794755,38.48432275,25.15,7.884574965,38.40917403
12/6/2015,3,2,71,Mixed,High,6,2:00,,2186.699395,2178.149693,25.21,7.787449266,38.35816201,25.15,7.884574965,38.40917403
12/6/2015,3,2,72,Mixed,High,6,2:00,,2183.879234,2178.149693,25.16,7.747590173,38.40066418,25.15,7.884574965,38.40917403
12/6/2015,1,2,37,Mixed,Ambient,0,6:00,,2165.732167,2181.914642,24.96,7.789196153,38.34518173,24.83,7.890770767,38.15395045
12/6/2015,1,2,38,Mixed,Ambient,0,6:00,,2171.343092,2181.914642,24.94,7.814831339,38.06073748,24.83,7.890770767,38.15395045
12/6/2015,1,2,39,Mixed,Ambient,0,6:00,,2157.852351,2181.914642,25.02,7.822175821,37.69265012,24.83,7.890770767,38.15395045
12/6/2015,1,2,40,Mixed,Ambient,0,6:00,,2169.673265,2181.914642,24.94,7.802996578,38.58860951,24.83,7.890770767,38.15395045
12/6/2015,1,2,41,Mixed,Med,3,6:00,,2189.997588,2168.547364,24.98,7.778778465,37.87648064,24.82,7.884146211,38.16244321
12/6/2015,1,2,42,Mixed,Med,3,6:00,,2207.392454,2168.547364,25.08,7.743609518,38.0928619,24.82,7.884146211,38.16244321
12/6/2015,1,2,43,Mixed,Med,3,6:00,,2184.752889,2168.547364,24.95,7.753830553,38.05228238,24.82,7.884146211,38.16244321
12/6/2015,1,2,44,Mixed,Med,3,6:00,,2168.538829,2168.547364,24.96,7.752003687,38.26980604,24.82,7.884146211,38.16244321
12/6/2015,1,2,45,Mixed,High,6,6:00,,2196.622036,2178.50115,25,7.699058218,36.80978727,24.81,7.879212623,38.47333
12/6/2015,1,2,46,Mixed,High,6,6:00,,2186.398008,2178.50115,25.02,7.708930648,38.14360239,24.81,7.879212623,38.47333
12/6/2015,1,2,47,Mixed,High,6,6:00,,2172.276951,2178.50115,24.99,7.709335068,37.86807251,24.81,7.879212623,38.47333
12/6/2015,1,2,48,Mixed,High,6,6:00,,2184.803333,2178.50115,25,7.695677539,38.08528474,24.81,7.879212623,38.47333
12/6/2015,2,2,49,Mixed,Ambient,0,6:00,,2168.874649,2181.914642,24.91,7.822009796,37.70956909,24.83,7.890770767,38.15395045
12/6/2015,2,2,50,Mixed,Ambient,0,6:00,,2169.067106,2181.914642,24.96,7.865271653,38.19445558,24.83,7.890770767,38.15395045
12/6/2015,2,2,51,Mixed,Ambient,0,6:00,,2181.060076,2181.914642,24.69,7.841980592,38.04598345,24.83,7.890770767,38.15395045
12/6/2015,2,2,52,Mixed,Ambient,0,6:00,,2165.05826,2181.914642,24.88,7.819043527,37.13314,24.83,7.890770767,38.15395045
12/6/2015,2,2,53,Mixed,Med,3,6:00,,2194.377352,2168.547364,24.89,7.76141228,37.87694888,24.82,7.884146211,38.16244321
12/6/2015,2,2,54,Mixed,Med,3,6:00,,2173.746822,2168.547364,24.93,7.769319793,38.06919571,24.82,7.884146211,38.16244321
12/6/2015,2,2,55,Mixed,Med,3,6:00,,2163.537214,2168.547364,25,7.783575211,37.78451216,24.82,7.884146211,38.16244321
12/6/2015,2,2,56,Mixed,Med,3,6:00,,2180.483029,2168.547364,25.01,7.774986494,38.07683116,24.82,7.884146211,38.16244321
12/6/2015,2,2,57,Mixed,High,6,6:00,,2186.616068,2178.50115,24.91,7.740848984,38.08612156,24.81,7.879212623,38.47333
12/6/2015,2,2,58,Mixed,High,6,6:00,,2189.270264,2178.50115,24.94,7.759038896,38.13607198,24.81,7.879212623,38.47333
12/6/2015,2,2,59,Mixed,High,6,6:00,,2193.771943,2178.50115,24.97,7.719747759,38.3366638,24.81,7.879212623,38.47333
12/6/2015,2,2,60,Mixed,High,6,6:00,,2187.79113,2178.50115,24.94,7.743822775,37.68444392,24.81,7.879212623,38.47333
12/6/2015,3,2,61,Mixed,Ambient,0,6:00,,2148.31619,2181.914642,24.96,7.82131692,38.11913038,24.83,7.890770767,38.15395045
12/6/2015,3,2,62,Mixed,Ambient,0,6:00,,2166.159212,2181.914642,24.97,7.816106826,37.9601241,24.83,7.890770767,38.15395045
12/6/2015,3,2,63,Mixed,Ambient,0,6:00,,2160.423071,2181.914642,24.96,7.814554653,38.04383041,24.83,7.890770767,38.15395045
12/6/2015,3,2,64,Mixed,Ambient,0,6:00,,2179.819527,2181.914642,25.01,7.81555329,37.85126558,24.83,7.890770767,38.15395045
12/6/2015,3,2,65,Mixed,Med,3,6:00,,2182.778163,2168.547364,24.89,7.790158663,37.50060326,24.82,7.884146211,38.16244321
12/6/2015,3,2,66,Mixed,Med,3,6:00,,2172.512636,2168.547364,24.94,7.797924538,37.53410334,24.82,7.884146211,38.16244321
12/6/2015,3,2,67,Mixed,Med,3,6:00,,2171.659144,2168.547364,24.96,7.797648987,38.19445558,24.82,7.884146211,38.16244321
12/6/2015,3,2,68,Mixed,Med,3,6:00,,2194.658772,2168.547364,24.97,7.777225097,38.11066427,24.82,7.884146211,38.16244321
12/6/2015,3,2,69,Mixed,High,6,6:00,,2178.013825,2178.50115,24.88,7.719273321,38.18697213,24.81,7.879212623,38.47333
12/6/2015,3,2,70,Mixed,High,6,6:00,,2183.180995,2178.50115,24.9,7.730839406,37.56747191,24.81,7.879212623,38.47333
12/6/2015,3,2,71,Mixed,High,6,6:00,,2168.842507,2178.50115,25,7.768362152,38.16054092,24.81,7.879212623,38.47333
12/6/2015,3,2,72,Mixed,High,6,6:00,,2174.628638,2178.50115,24.92,7.718732808,37.85170155,24.81,7.879212623,38.47333
12/6/2015,1,2,37,Mixed,Ambient,0,10:00,37,2160.727181,2178.622987,25.47,7.866573056,38.36228922,25.02,7.916828503,38.14360239
12/6/2015,1,2,38,Mixed,Ambient,0,10:00,33,2173.409588,2178.622987,25.32,7.885560648,38.19010045,25.02,7.916828503,38.14360239
12/6/2015,1,2,39,Mixed,Ambient,0,10:00,35,2153.347714,2178.622987,25.51,7.899761651,37.88133508,25.02,7.916828503,38.14360239
12/6/2015,1,2,40,Mixed,Ambient,0,10:00,36,2153.544875,2178.622987,25.51,7.889636931,38.17932175,25.02,7.916828503,38.14360239
12/6/2015,1,2,41,Mixed,Med,3,10:00,30,2170.576864,2178.830605,25.45,7.882043447,38.45393084,25.01,7.932182827,38.37793809
12/6/2015,1,2,42,Mixed,Med,3,10:00,27,2172.934322,2178.830605,25.48,7.891747275,38.27919384,25.01,7.932182827,38.37793809
12/6/2015,1,2,43,Mixed,Med,3,10:00,29,2163.324541,2178.830605,25.5,7.883027795,38.11318872,25.01,7.932182827,38.37793809
12/6/2015,1,2,44,Mixed,Med,3,10:00,31,2153.146922,2178.830605,25.59,7.890196843,38.26096179,25.01,7.932182827,38.37793809
12/6/2015,1,2,45,Mixed,High,6,10:00,31,2163.232328,2198.509003,25.56,7.843378857,38.43532302,24.95,7.936417876,38.27830983
12/6/2015,1,2,46,Mixed,High,6,10:00,27,2189.808182,2198.509003,25.43,7.824935952,38.39616456,24.95,7.936417876,38.27830983
12/6/2015,1,2,47,Mixed,High,6,10:00,35,2159.605918,2198.509003,25.53,7.887667795,38.4607427,24.95,7.936417876,38.27830983
12/6/2015,1,2,48,Mixed,High,6,10:00,30,2168.510683,2198.509003,25.61,7.867985445,38.31855588,24.95,7.936417876,38.27830983
12/6/2015,2,2,49,Mixed,Ambient,0,10:00,38,2164.93905,2178.622987,25.41,7.918054436,38.41312095,25.02,7.916828503,38.14360239
12/6/2015,2,2,50,Mixed,Ambient,0,10:00,36,2173.951721,2178.622987,25.4,7.886122856,38.34683329,25.02,7.916828503,38.14360239
12/6/2015,2,2,51,Mixed,Ambient,0,10:00,38,2165.367984,2178.622987,25.13,7.915269234,38.42620317,25.02,7.916828503,38.14360239
12/6/2015,2,2,52,Mixed,Ambient,0,10:00,39,2180.057547,2178.622987,25.49,7.898356573,38.34537024,25.02,7.916828503,38.14360239
12/6/2015,2,2,53,Mixed,Med,3,10:00,28,2190.234367,2178.830605,25.36,7.9069456,38.38072781,25.01,7.932182827,38.37793809
12/6/2015,2,2,54,Mixed,Med,3,10:00,30,2171.365352,2178.830605,25.36,7.884997683,38.38072781,25.01,7.932182827,38.37793809
12/6/2015,2,2,55,Mixed,Med,3,10:00,32,2157.447497,2178.830605,25.37,7.903427644,38.44707122,25.01,7.932182827,38.37793809
12/6/2015,2,2,56,Mixed,Med,3,10:00,31,2178.380351,2178.830605,25.38,7.86952253,38.13950964,25.01,7.932182827,38.37793809
12/6/2015,2,2,57,Mixed,High,6,10:00,30,2184.194473,2198.509003,25.44,7.944634503,38.38769105,24.95,7.936417876,38.27830983
12/6/2015,2,2,58,Mixed,High,6,10:00,31,2176.875286,2198.509003,25.55,7.917756221,38.36922816,24.95,7.936417876,38.27830983
12/6/2015,2,2,59,Mixed,High,6,10:00,28,2166.611665,2198.509003,25.42,7.84870615,38.10584449,24.95,7.936417876,38.27830983
12/6/2015,2,2,60,Mixed,High,6,10:00,30,2178.668816,2198.509003,25.33,7.887108372,38.33131637,24.95,7.936417876,38.27830983
12/6/2015,3,2,61,Mixed,Ambient,0,10:00,33,2163.606494,2178.622987,25.43,7.929586093,38.32144515,25.02,7.916828503,38.14360239
12/6/2015,3,2,62,Mixed,Ambient,0,10:00,32,2155.505493,2178.622987,25.49,7.911857104,38.42001236,25.02,7.916828503,38.14360239
12/6/2015,3,2,63,Mixed,Ambient,0,10:00,39,2177.776953,2178.622987,25.55,7.909320084,38.44379313,25.02,7.916828503,38.14360239
12/6/2015,3,2,64,Mixed,Ambient,0,10:00,35,2174.479253,2178.622987,25.51,7.901449104,38.32846371,25.02,7.916828503,38.14360239
12/6/2015,3,2,65,Mixed,Med,3,10:00,29,2189.795245,2178.830605,25.42,7.93141629,38.47940249,25.01,7.932182827,38.37793809
12/6/2015,3,2,66,Mixed,Med,3,10:00,29,2189.57676,2178.830605,25.56,7.934486086,37.98840593,25.01,7.932182827,38.37793809
12/6/2015,3,2,67,Mixed,Med,3,10:00,31,2172.959424,2178.830605,25.5,7.928590561,38.26231507,25.01,7.932182827,38.37793809
12/6/2015,3,2,68,Mixed,Med,3,10:00,30,2151.635939,2178.830605,25.55,7.909320084,38.36922816,25.01,7.932182827,38.37793809
12/6/2015,3,2,69,Mixed,High,6,10:00,28,2166.59591,2198.509003,25.43,7.882324739,38.39616456,24.95,7.936417876,38.27830983
12/6/2015,3,2,70,Mixed,High,6,10:00,30,2183.209402,2198.509003,25.4,7.88105863,38.42160383,24.95,7.936417876,38.27830983
12/6/2015,3,2,71,Mixed,High,6,10:00,30,2189.829112,2198.509003,25.43,7.900891699,38.47090881,24.95,7.936417876,38.27830983
12/6/2015,3,2,72,Mixed,High,6,10:00,32,2157.236948,2198.509003,25.51,7.889636931,38.40307184,24.95,7.936417876,38.27830983
