"" ,"SampleID" ,"Species" ,"Colony" ,"Volume" ,"HPC" ,"PercentBleached" ,"PercentDead" ,"TrayNum" ,"TrayWt" ,"DW" ,"AW" ,"AFDW" ,"pcAFDW" ,"SA" ,"Check" ,"Compromised" ,"Aqua" ,"Tank" ,"Nuts"
"1" ,1 ,"Montipora" ,1 ,5 ,"H" ,0 ,0 ,334 ,1.86644 ,5.00186 ,4.75546 ,0.2464 ,0.0492616746570275 ,18.8980176833833 ,NA ,FALSE ,25 ,"Far" ,"Ambient"
"2" ,1 ,"Montipora" ,2 ,5 ,"C" ,5 ,0 ,335 ,1.51133 ,4.26387 ,4.03337 ,0.2305 ,0.0540588714008636 ,14.6174952336502 ,NA ,TRUE ,25 ,"Far" ,"Ambient"
"3" ,1 ,"Montipora" ,3 ,2 ,"H" ,0 ,0 ,336 ,1.27468 ,2.19722 ,2.05752 ,0.1397 ,0.0635803424327106 ,12.4472671972343 ,NA ,FALSE ,25 ,"Far" ,"Ambient"
"4" ,2 ,"Montipora" ,1 ,8 ,"H" ,0 ,0 ,159 ,1.03339 ,5.81461 ,5.50331 ,0.3113 ,0.0535375545393414 ,24.6831895130153 ,NA ,FALSE ,25 ,"Far" ,"Ambient"
"5" ,2 ,"Montipora" ,2 ,5 ,"H" ,0 ,0 ,160 ,1.01764 ,4.06816 ,3.80966 ,0.2585 ,0.0635422402265397 ,15.4849555679735 ,NA ,FALSE ,25 ,"Far" ,"Ambient"
"6" ,2 ,"Montipora" ,3 ,6 ,"H" ,0 ,0 ,161 ,1.02716 ,5.58984 ,5.27264 ,0.3172 ,0.0567458102557497 ,22.4751086620107 ,NA ,FALSE ,25 ,"Far" ,"Ambient"
"7" ,3 ,"Montipora" ,1 ,7 ,"H" ,2 ,0 ,18 ,2.6674 ,5.8642 ,5.5353 ,0.328899999999999 ,0.0560860816479655 ,23.6832443276318 ,NA ,FALSE ,25 ,"Far" ,"Ambient"
"8" ,3 ,"Montipora" ,2 ,13 ,"P" ,5 ,0 ,19 ,2.6645 ,9.5003 ,8.8937 ,0.6066 ,0.0638506152437292 ,42.921937342313 ,NA ,FALSE ,25 ,"Far" ,"Ambient"
"9" ,3 ,"Montipora" ,3 ,3 ,"C" ,0 ,30 ,20 ,2.6796 ,2.81 ,2.6716 ,0.1384 ,0.0492526690391459 ,14.5512528081201 ,NA ,TRUE ,25 ,"Far" ,"Ambient"
"10" ,4 ,"Montipora" ,1 ,6 ,"H" ,0 ,0 ,317 ,1.78164 ,5.60546 ,5.30456 ,0.3009 ,0.0536798050472219 ,19.2355386134655 ,NA ,FALSE ,25 ,"Far" ,"Ambient"
"11" ,4 ,"Montipora" ,2 ,4 ,"H" ,0 ,0 ,318 ,1.78223 ,2.92967 ,2.73577 ,0.1939 ,0.066184928677974 ,14.3588343339611 ,NA ,FALSE ,25 ,"Far" ,"Ambient"
"12" ,4 ,"Montipora" ,3 ,4 ,"H" ,0 ,0 ,319 ,1.78092 ,3.49018 ,3.27458 ,0.215599999999999 ,0.0617733182815784 ,18.2040494159248 ,NA ,FALSE ,25 ,"Far" ,"Ambient"
"13" ,5 ,"Montipora" ,1 ,3 ,"H" ,0 ,0 ,329 ,1.76932 ,2.44638 ,2.31208 ,0.1343 ,0.0548974402995445 ,8.22352396938413 ,NA ,FALSE ,29 ,"Far" ,"Medium"
"14" ,5 ,"Montipora" ,2 ,6 ,"H" ,0 ,0 ,330 ,1.79416 ,4.83014 ,4.57674 ,0.2534 ,0.0524622474710878 ,18.1441157928261 ,NA ,FALSE ,29 ,"Far" ,"Medium"
"15" ,5 ,"Montipora" ,3 ,3 ,"C" ,0 ,5 ,331 ,1.7757 ,2.8697 ,2.7226 ,0.1471 ,0.0512597135589086 ,12.8983465710824 ,NA ,TRUE ,29 ,"Far" ,"Medium"
"16" ,6 ,"Montipora" ,1 ,4 ,"H" ,0 ,0 ,152 ,1.00443 ,3.05927 ,2.87417 ,0.185099999999999 ,0.0605046301895548 ,15.4534115558162 ,NA ,FALSE ,29 ,"Far" ,"Medium"
"17" ,6 ,"Montipora" ,2 ,5 ,"C" ,5 ,10 ,153 ,1.00467 ,5.07763 ,4.82953 ,0.2481 ,0.0488613782414237 ,12.1507534829565 ,NA ,TRUE ,29 ,"Far" ,"Medium"
"18" ,6 ,"Montipora" ,3 ,3 ,"C" ,3 ,0 ,154 ,0.98088 ,2.00602 ,1.89552 ,0.1105 ,0.0550841965683294 ,10.0183782611293 ,NA ,TRUE ,29 ,"Far" ,"Medium"
"19" ,7 ,"Montipora" ,1 ,4 ,"PC" ,0 ,10 ,340 ,2.76542 ,2.46208 ,2.30848 ,0.1536 ,0.0623862750194957 ,NA ,NA ,TRUE ,29 ,"Far" ,"Medium"
"20" ,7 ,"Montipora" ,2 ,3 ,"H" ,0 ,0 ,341 ,2.30467 ,2.61523 ,2.45743 ,0.1578 ,0.0603388612091479 ,13.0813018415942 ,NA ,FALSE ,29 ,"Far" ,"Medium"
"21" ,7 ,"Montipora" ,3 ,5 ,"H" ,0 ,0 ,342 ,3.18763 ,4.54967 ,4.28567 ,0.264000000000001 ,0.0580261865146266 ,NA ,NA ,FALSE ,29 ,"Far" ,"Medium"
"22" ,8 ,"Montipora" ,1 ,6 ,"C" ,3 ,5 ,323 ,1.80849 ,4.66721 ,4.40931 ,0.257899999999999 ,0.0552578521215029 ,24.0270740601453 ,NA ,TRUE ,29 ,"Far" ,"Medium"
"23" ,8 ,"Montipora" ,2 ,2 ,"C" ,0 ,30 ,324 ,1.78497 ,2.63243 ,2.45263 ,0.1798 ,0.0683019111619303 ,6.85135944054559 ,NA ,TRUE ,29 ,"Far" ,"Medium"
"24" ,8 ,"Montipora" ,3 ,5 ,"H" ,0 ,0 ,325 ,1.78144 ,3.89636 ,3.67276 ,0.2236 ,0.0573868944348059 ,15.3146179023245 ,NA ,FALSE ,29 ,"Far" ,"Medium"
"25" ,9 ,"Montipora" ,1 ,4 ,"C" ,0 ,3 ,332 ,1.76481 ,3.03879 ,2.86129 ,0.1775 ,0.0584114071719336 ,15.1095818233027 ,NA ,TRUE ,33 ,"Far" ,"High"
"26" ,9 ,"Montipora" ,2 ,5 ,"H" ,0 ,0 ,333 ,1.79914 ,3.26956 ,3.02176 ,0.2478 ,0.0757900145585338 ,20.9893856894062 ,NA ,FALSE ,33 ,"Far" ,"High"
"27" ,9 ,"Montipora" ,3 ,3 ,"H" ,0 ,0 ,14 ,2.6626 ,2.99 ,2.8198 ,0.170199999999999 ,0.0569230769230767 ,16.2830190755508 ,NA ,FALSE ,33 ,"Far" ,"High"
"28" ,10 ,"Montipora" ,1 ,4 ,"H" ,0 ,0 ,146 ,1.03202 ,2.69018 ,2.53138 ,0.158799999999999 ,0.0590295073192126 ,14.4376943643541 ,NA ,FALSE ,33 ,"Far" ,"High"
"29" ,10 ,"Montipora" ,2 ,2 ,"H" ,0 ,0 ,147 ,1.02137 ,1.67143 ,1.55263 ,0.1188 ,0.0710768623274682 ,9.75656296022446 ,NA ,FALSE ,33 ,"Far" ,"High"
"30" ,10 ,"Montipora" ,3 ,2 ,"H" ,0 ,0 ,148 ,0.99171 ,1.96509 ,1.85689 ,0.1082 ,0.0550610913495057 ,8.67775774444792 ,NA ,FALSE ,33 ,"Far" ,"High"
"31" ,11 ,"Montipora" ,1 ,4 ,"H" ,0 ,0 ,278 ,1.02135 ,3.11245 ,2.92445 ,0.188 ,0.0604025767482208 ,15.7341532640154 ,NA ,FALSE ,33 ,"Far" ,"High"
"32" ,11 ,"Montipora" ,2 ,7 ,"H" ,0 ,0 ,279 ,1.00925 ,5.70435 ,5.38665 ,0.317699999999999 ,0.0556943385311209 ,18.1314981879632 ,NA ,FALSE ,33 ,"Far" ,"High"
"33" ,11 ,"Montipora" ,3 ,3 ,"C" ,3 ,0 ,280 ,1.00837 ,3.06683 ,2.91003 ,0.1568 ,0.0511277116762258 ,14.5228631971786 ,NA ,TRUE ,33 ,"Far" ,"High"
"34" ,12 ,"Montipora" ,1 ,6 ,"C" ,0 ,3 ,140 ,1.32516 ,4.54424 ,4.31034 ,0.2339 ,0.0514717532524691 ,16.8318848870862 ,NA ,TRUE ,33 ,"Far" ,"High"
"35" ,12 ,"Montipora" ,2 ,2 ,"C" ,0 ,10 ,141 ,1.32596 ,1.95214 ,1.84674 ,0.1054 ,0.0539920292601965 ,7.36237243749234 ,NA ,TRUE ,33 ,"Far" ,"High"
"36" ,12 ,"Montipora" ,3 ,3 ,"H" ,0 ,0 ,142 ,1.32129 ,3.37701 ,3.19011 ,0.1869 ,0.0553448168646227 ,14.7152816713375 ,NA ,FALSE ,33 ,"Far" ,"High"
"37" ,13 ,"Montipora" ,1 ,3 ,"H" ,0 ,0 ,220 ,0.99555 ,2.70415 ,2.53185 ,0.1723 ,0.0637168796109683 ,12.1759886926823 ,NA ,FALSE ,13 ,"Mid" ,"Ambient"
"38" ,13 ,"Montipora" ,2 ,4 ,"H" ,0 ,0 ,221 ,0.99751 ,2.52349 ,2.33589 ,0.1876 ,0.0743414873845348 ,14.1190998415663 ,NA ,FALSE ,13 ,"Mid" ,"Ambient"
"39" ,13 ,"Montipora" ,3 ,4 ,"H" ,0 ,0 ,222 ,0.99173 ,3.52157 ,3.29727 ,0.2243 ,0.0636931823022119 ,21.4341562608229 ,NA ,FALSE ,13 ,"Mid" ,"Ambient"
"40" ,14 ,"Montipora" ,1 ,3 ,"C" ,0 ,30 ,311 ,1.77662 ,2.97448 ,2.82028 ,0.1542 ,0.051840994056104 ,14.3209815193725 ,NA ,TRUE ,13 ,"Mid" ,"Ambient"
"41" ,14 ,"Montipora" ,2 ,4 ,"H" ,0 ,0 ,312 ,1.76842 ,3.26408 ,3.03518 ,0.228899999999999 ,0.0701269576726059 ,19.8096396347267 ,NA ,FALSE ,13 ,"Mid" ,"Ambient"
"42" ,14 ,"Montipora" ,3 ,4 ,"H" ,0 ,0 ,313 ,1.76743 ,2.65867 ,2.49347 ,0.1652 ,0.0621363313235564 ,13.7752701090527 ,NA ,FALSE ,13 ,"Mid" ,"Ambient"
"43" ,15 ,"Montipora" ,1 ,5 ,"H" ,0 ,0 ,238 ,1.0258 ,2.9856 ,2.7902 ,0.1954 ,0.0654474812433013 ,13.2831835194003 ,NA ,FALSE ,13 ,"Mid" ,"Ambient"
"44" ,15 ,"Montipora" ,2 ,3 ,"H" ,0 ,0 ,239 ,0.99355 ,2.45495 ,2.26465 ,0.1903 ,0.0775168537037415 ,11.4157779996936 ,NA ,FALSE ,13 ,"Mid" ,"Ambient"
"45" ,15 ,"Montipora" ,3 ,1 ,"C" ,0 ,3 ,240 ,1.00853 ,0.93367 ,0.86267 ,0.071 ,0.0760439984148574 ,NA ,NA ,TRUE ,13 ,"Mid" ,"Ambient"
"46" ,16 ,"Montipora" ,1 ,5 ,"H" ,0 ,0 ,244 ,0.99757 ,3.59803 ,3.39253 ,0.2055 ,0.0571145877049385 ,21.285899403684 ,NA ,FALSE ,13 ,"Mid" ,"Ambient"
"47" ,16 ,"Montipora" ,2 ,7 ,"H" ,0 ,0 ,251 ,0.97624 ,5.45586 ,5.11646 ,0.3394 ,0.0622083411231227 ,25.8566267652634 ,NA ,FALSE ,13 ,"Mid" ,"Ambient"
"48" ,16 ,"Montipora" ,3 ,5 ,"P" ,15 ,0 ,252 ,0.97949 ,5.27071 ,4.97861 ,0.2921 ,0.0554194785901711 ,23.6643179203375 ,NA ,FALSE ,13 ,"Mid" ,"Ambient"
"49" ,17 ,"Montipora" ,1 ,4 ,"P" ,0 ,0 ,294 ,1.0202 ,3.2461 ,3.0599 ,0.1862 ,0.0573611410615817 ,14.6616568506703 ,NA ,FALSE ,5 ,"Near" ,"Medium"
"50" ,17 ,"Montipora" ,2 ,5 ,"P" ,10 ,0 ,293 ,0.96858 ,3.57712 ,3.35662 ,0.2205 ,0.0616417676790268 ,14.879310534555 ,NA ,FALSE ,5 ,"Near" ,"Medium"
"51" ,17 ,"Montipora" ,3 ,2 ,"H" ,0 ,0 ,292 ,0.9769 ,0.9067 ,0.8372 ,0.0694999999999999 ,0.0766515936914083 ,6.81981542838838 ,NA ,FALSE ,5 ,"Near" ,"Medium"
"52" ,18 ,"Montipora" ,1 ,4 ,"H" ,0 ,0 ,164 ,0.98489 ,4.34951 ,4.07861 ,0.270899999999999 ,0.0622828778414119 ,20.7528055982272 ,NA ,FALSE ,5 ,"Near" ,"Medium"
"53" ,18 ,"Montipora" ,2 ,4 ,"H" ,0 ,0 ,165 ,1.00867 ,2.10563 ,1.97713 ,0.1285 ,0.0610268660685877 ,10.3022743705441 ,NA ,FALSE ,5 ,"Near" ,"Medium"
"54" ,18 ,"Montipora" ,3 ,1 ,"H" ,0 ,0 ,284 ,1.00606 ,0.81444 ,0.75944 ,0.0549999999999999 ,0.0675310642895731 ,5.85456865637781 ,NA ,FALSE ,5 ,"Near" ,"Medium"
"55" ,19 ,"Montipora" ,1 ,4 ,"H" ,0 ,0 ,259 ,1.01036 ,3.01314 ,2.85014 ,0.163 ,0.0540963911401396 ,12.0119598294648 ,NA ,FALSE ,5 ,"Near" ,"Medium"
"56" ,19 ,"Montipora" ,2 ,4 ,"H" ,0 ,0 ,260 ,0.99426 ,2.32124 ,2.20494 ,0.1163 ,0.0501025314056282 ,13.4598299874807 ,NA ,FALSE ,5 ,"Near" ,"Medium"
"57" ,19 ,"Montipora" ,3 ,1 ,"C" ,5 ,0 ,261 ,1.00294 ,1.37426 ,1.29736 ,0.0769000000000002 ,0.0559573879760745 ,6.78511701501545 ,NA ,TRUE ,5 ,"Near" ,"Medium"
"58" ,20 ,"Montipora" ,1 ,9 ,"H" ,0 ,0 ,194 ,1.00859 ,6.36491 ,5.97601 ,0.3889 ,0.0611006282885382 ,32.6764421936518 ,NA ,FALSE ,5 ,"Near" ,"Medium"
"59" ,20 ,"Montipora" ,2 ,4 ,"H" ,0 ,0 ,195 ,1.01309 ,3.02441 ,2.80761 ,0.2168 ,0.0716834027132564 ,19.5478243338218 ,NA ,FALSE ,5 ,"Near" ,"Medium"
"60" ,20 ,"Montipora" ,3 ,2 ,"H" ,0 ,0 ,196 ,1.0136 ,1.043 ,0.9702 ,0.0728 ,0.0697986577181208 ,7.77875339796751 ,NA ,FALSE ,5 ,"Near" ,"Medium"
"61" ,21 ,"Montipora" ,1 ,5 ,"H" ,0 ,0 ,188 ,1.01942 ,3.95428 ,3.80228 ,0.152 ,0.0384393619065924 ,18.5699599569484 ,NA ,FALSE ,9 ,"Near" ,"High"
"62" ,21 ,"Montipora" ,2 ,8 ,"C" ,5 ,5 ,189 ,1.02919 ,6.23821 ,5.91811 ,0.3201 ,0.0513127964592407 ,21.2322745830168 ,NA ,TRUE ,9 ,"Near" ,"High"
"63" ,21 ,"Montipora" ,3 ,2 ,"P" ,0 ,5 ,190 ,0.99605 ,2.10815 ,1.99775 ,0.1104 ,0.052368190119299 ,6.06906793904683 ,NA ,FALSE ,9 ,"Near" ,"High"
"64" ,22 ,"Montipora" ,1 ,7 ,"P" ,0 ,0 ,308 ,1.01068 ,6.02302 ,5.71522 ,0.307799999999999 ,0.0511039312504357 ,28.8469991177668 ,NA ,FALSE ,9 ,"Near" ,"High"
"65" ,22 ,"Montipora" ,2 ,6 ,"C" ,0 ,5 ,307 ,1.00293 ,4.15847 ,3.91567 ,0.242800000000001 ,0.0583868586282938 ,18.3523062730636 ,NA ,TRUE ,9 ,"Near" ,"High"
"66" ,22 ,"Montipora" ,3 ,1 ,"C" ,0 ,20 ,306 ,1.00169 ,0.59951 ,0.56211 ,0.0373999999999999 ,0.062384280495738 ,3.60232618835316 ,NA ,TRUE ,9 ,"Near" ,"High"
"67" ,23 ,"Montipora" ,1 ,4 ,"CP" ,0 ,5 ,180 ,1.02886 ,3.39934 ,3.24424 ,0.1551 ,0.0456265039684174 ,14.7689064920048 ,NA ,TRUE ,9 ,"Near" ,"High"
"68" ,23 ,"Montipora" ,2 ,5 ,"C" ,0 ,5 ,181 ,1.02369 ,3.61191 ,3.42211 ,0.1898 ,0.0525483746826471 ,11.5924244677739 ,NA ,TRUE ,9 ,"Near" ,"High"
"69" ,23 ,"Montipora" ,3 ,3 ,"C" ,0 ,5 ,182 ,1.00962 ,2.36178 ,2.22898 ,0.1328 ,0.0562287766006995 ,11.0971834769058 ,NA ,TRUE ,9 ,"Near" ,"High"
"70" ,24 ,"Montipora" ,1 ,4 ,"CP" ,50 ,50 ,302 ,1.00578 ,3.93932 ,3.75582 ,0.1835 ,0.0465816435323864 ,22.3962486316177 ,NA ,TRUE ,9 ,"Near" ,"High"
"71" ,24 ,"Montipora" ,2 ,6 ,"C" ,0 ,5 ,301 ,0.99164 ,4.80996 ,4.60096 ,0.209 ,0.0434515047942186 ,19.0998993611895 ,NA ,TRUE ,9 ,"Near" ,"High"
"72" ,24 ,"Montipora" ,3 ,1 ,"C" ,50 ,50 ,300 ,1.00008 ,0.83202 ,0.78322 ,0.0488 ,0.0586524362395134 ,3.79159026129641 ,NA ,TRUE ,9 ,"Near" ,"High"
"73" ,25 ,"Montipora" ,1 ,7 ,"H" ,0 ,0 ,174 ,1.02583 ,5.23697 ,4.91587 ,0.3211 ,0.0613140804701956 ,26.2288461087185 ,NA ,FALSE ,1 ,"Near" ,"Ambient"
"74" ,25 ,"Montipora" ,2 ,6 ,"P" ,0 ,0 ,175 ,1.03705 ,4.28135 ,3.99375 ,0.287599999999999 ,0.0671750732829597 ,25.1027248747062 ,NA ,FALSE ,1 ,"Near" ,"Ambient"
"75" ,25 ,"Montipora" ,3 ,6 ,"C" ,60 ,0 ,176 ,1.0304 ,5.0475 ,4.8771 ,0.1704 ,0.0337592867756315 ,22.7085343519741 ,NA ,TRUE ,1 ,"Near" ,"Ambient"
"76" ,26 ,"Montipora" ,1 ,8 ,"H" ,0 ,0 ,203 ,1.02791 ,6.31459 ,5.98119 ,0.3334 ,0.0527983606219882 ,30.165538825938 ,NA ,FALSE ,1 ,"Near" ,"Ambient"
"77" ,26 ,"Montipora" ,2 ,9 ,"H" ,0 ,0 ,204 ,1.02072 ,5.97668 ,5.55898 ,0.4177 ,0.0698882991895166 ,35.5911089169778 ,NA ,FALSE ,1 ,"Near" ,"Ambient"
"78" ,26 ,"Montipora" ,3 ,2 ,"H" ,0 ,0 ,205 ,1.0149 ,1.8486 ,1.7448 ,0.1038 ,0.056150600454398 ,9.63669571402705 ,NA ,FALSE ,1 ,"Near" ,"Ambient"
"79" ,27 ,"Montipora" ,1 ,9 ,"H" ,0 ,0 ,167 ,1.03499 ,7.33091 ,6.95951 ,0.3714 ,0.0506621960984379 ,27.1972472819448 ,NA ,FALSE ,1 ,"Near" ,"Ambient"
"80" ,27 ,"Montipora" ,2 ,6 ,"C" ,5 ,0 ,166 ,1.00496 ,3.88394 ,3.58974 ,0.2942 ,0.0757478230868654 ,21.3552962304298 ,NA ,TRUE ,1 ,"Near" ,"Ambient"
"81" ,27 ,"Montipora" ,3 ,3 ,"H" ,0 ,0 ,168 ,1.05402 ,2.11568 ,1.97828 ,0.1374 ,0.0649436587763745 ,10.3622079936428 ,NA ,FALSE ,1 ,"Near" ,"Ambient"
"82" ,28 ,"Montipora" ,1 ,4 ,"H" ,0 ,0 ,297 ,1.00401 ,2.68769 ,2.58289 ,0.1048 ,0.0389925921516246 ,13.286337920616 ,NA ,FALSE ,1 ,"Near" ,"Ambient"
"83" ,28 ,"Montipora" ,2 ,9 ,"H" ,0 ,0 ,298 ,0.9957 ,5.4946 ,5.1918 ,0.3028 ,0.0551086521311834 ,23.5129066619829 ,NA ,FALSE ,1 ,"Near" ,"Ambient"
"84" ,28 ,"Montipora" ,3 ,3 ,"H" ,0 ,0 ,299 ,0.99005 ,2.20185 ,2.11465 ,0.0872000000000002 ,0.0396030610622886 ,11.8195413553058 ,NA ,FALSE ,1 ,"Near" ,"Ambient"
"85" ,29 ,"Montipora" ,1 ,3 ,"H" ,0 ,0 ,214 ,1.00785 ,2.90455 ,2.72085 ,0.1837 ,0.0632455974247302 ,13.9771517868589 ,NA ,FALSE ,17 ,"Mid" ,"Medium"
"86" ,29 ,"Montipora" ,2 ,5 ,"H" ,0 ,0 ,215 ,1.02261 ,3.41589 ,3.21469 ,0.2012 ,0.0589011941251036 ,13.1096914525357 ,NA ,FALSE ,17 ,"Mid" ,"Medium"
"87" ,29 ,"Montipora" ,3 ,5 ,"H" ,0 ,0 ,216 ,1.02271 ,4.37919 ,4.13909 ,0.2401 ,0.0548274909286877 ,23.7873395677506 ,NA ,FALSE ,17 ,"Mid" ,"Medium"
"88" ,30 ,"Montipora" ,1 ,7 ,"H" ,0 ,0 ,232 ,1.02121 ,6.11619 ,5.83049 ,0.2857 ,0.0467120870999757 ,21.4341562608229 ,NA ,FALSE ,17 ,"Mid" ,"Medium"
"89" ,30 ,"Montipora" ,2 ,6 ,"H" ,0 ,0 ,233 ,1.00316 ,3.15744 ,2.93984 ,0.217599999999999 ,0.0689165906557208 ,21.2259657805853 ,"Outlier in AFDW" ,FALSE ,17 ,"Mid" ,"Medium"
"90" ,30 ,"Montipora" ,3 ,3 ,"H" ,0 ,0 ,234 ,1.00147 ,2.98393 ,2.81823 ,0.1657 ,0.0555307932826843 ,16.1252990147648 ,NA ,FALSE ,17 ,"Mid" ,"Medium"
"91" ,31 ,"Montipora" ,1 ,8 ,"C" ,0 ,3 ,269 ,0.98329 ,6.37551 ,6.13861 ,0.236899999999999 ,0.0371578116887903 ,21.0114664979163 ,NA ,TRUE ,17 ,"Mid" ,"Medium"
"92" ,31 ,"Montipora" ,2 ,4 ,"H" ,0 ,0 ,270 ,1.01363 ,2.57647 ,2.38577 ,0.1907 ,0.0740159986337897 ,17.2104130329727 ,NA ,FALSE ,17 ,"Mid" ,"Medium"
"93" ,31 ,"Montipora" ,3 ,1 ,"H" ,0 ,0 ,271 ,1.02134 ,1.55466 ,1.48736 ,0.0672999999999999 ,0.043289207929708 ,10.2202599389354 ,NA ,FALSE ,17 ,"Mid" ,"Medium"
"94" ,32 ,"Montipora" ,1 ,5 ,"P" ,5 ,0 ,200 ,0.9893 ,3.9315 ,3.7265 ,0.205 ,0.05214294798423 ,21.1628777562709 ,NA ,FALSE ,17 ,"Mid" ,"Medium"
"95" ,32 ,"Montipora" ,2 ,5 ,"H" ,0 ,0 ,201 ,0.99117 ,3.95033 ,3.77893 ,0.171399999999999 ,0.0433887801778584 ,21.3048258109783 ,NA ,FALSE ,17 ,"Mid" ,"Medium"
"96" ,32 ,"Montipora" ,3 ,3 ,"H" ,0 ,0 ,202 ,1.03281 ,2.55209 ,2.39349 ,0.1586 ,0.0621451437841143 ,12.8951921698667 ,NA ,FALSE ,17 ,"Mid" ,"Medium"
"97" ,33 ,"Montipora" ,1 ,4 ,"C" ,0 ,0 ,248 ,0.97825 ,3.17545 ,3.06005 ,0.1154 ,0.0363413059566361 ,15.2262946682843 ,NA ,TRUE ,21 ,"Mid" ,"High"
"98" ,33 ,"Montipora" ,2 ,6 ,"H" ,0 ,0 ,249 ,1.00768 ,3.58882 ,3.41242 ,0.1764 ,0.0491526462737056 ,21.7527507836107 ,NA ,FALSE ,21 ,"Mid" ,"High"
"99" ,33 ,"Montipora" ,3 ,2 ,"H" ,0 ,0 ,250 ,0.97235 ,1.97465 ,1.86475 ,0.1099 ,0.0556554326083104 ,9.24870436449339 ,NA ,FALSE ,21 ,"Mid" ,"High"
"100" ,34 ,"Montipora" ,1 ,4 ,"C" ,0 ,100 ,256 ,0.99492 ,3.15008 ,3.01888 ,0.1312 ,0.0416497358797236 ,16.5416799752399 ,NA ,TRUE ,21 ,"Mid" ,"High"
"101" ,34 ,"Montipora" ,2 ,2 ,"C" ,0 ,100 ,257 ,1.00429 ,1.26121 ,1.19851 ,0.0627 ,0.0497141633827832 ,9.10360190857023 ,NA ,TRUE ,21 ,"Mid" ,"High"
"102" ,34 ,"Montipora" ,3 ,1 ,"H" ,0 ,80 ,258 ,1.00903 ,1.32467 ,1.24717 ,0.0774999999999997 ,0.0585051371284921 ,7.22988758643208 ,NA ,FALSE ,21 ,"Mid" ,"High"
"103" ,35 ,"Montipora" ,1 ,4 ,"C" ,0 ,100 ,268 ,1.01077 ,3.40373 ,3.27733 ,0.1264 ,0.037135730507414 ,18.7308344189502 ,NA ,TRUE ,21 ,"Mid" ,"High"
"104" ,35 ,"Montipora" ,2 ,5 ,"H" ,0 ,0 ,209 ,1.03882 ,3.14518 ,2.91658 ,0.2286 ,0.0726826445545248 ,19.5509787350376 ,NA ,FALSE ,21 ,"Mid" ,"High"
"105" ,35 ,"Montipora" ,3 ,2 ,"H" ,0 ,0 ,210 ,1.00942 ,1.61768 ,1.52848 ,0.0891999999999999 ,0.0551406953167499 ,10.8227505711381 ,NA ,FALSE ,21 ,"Mid" ,"High"
"106" ,36 ,"Montipora" ,1 ,4 ,"H" ,0 ,0 ,226 ,0.98155 ,2.88345 ,2.71235 ,0.1711 ,0.0593386394770154 ,16.5953047959072 ,NA ,FALSE ,21 ,"Mid" ,"High"
"107" ,36 ,"Montipora" ,2 ,9 ,"C" ,0 ,100 ,227 ,1.01109 ,7.19481 ,6.92841 ,0.2664 ,0.0370266900724272 ,NA ,NA ,TRUE ,21 ,"Mid" ,"High"
"108" ,36 ,"Montipora" ,3 ,3 ,"C" ,0 ,40 ,228 ,1.02869 ,1.43391 ,1.36741 ,0.0665 ,0.0463766903083178 ,NA ,NA ,TRUE ,21 ,"Mid" ,"High"
"109" ,1 ,"Porites" ,1 ,2 ,"H" ,0 ,0 ,155 ,1.00783 ,3.38617 ,3.21317 ,0.173 ,0.0510901697197719 ,9.22977795719908 ,NA ,FALSE ,25 ,"Far" ,"Ambient"
"110" ,1 ,"Porites" ,2 ,4 ,"H" ,0 ,0 ,162 ,0.99544 ,4.21786 ,3.88836 ,0.3295 ,0.0781201841692232 ,14.5228631971786 ,NA ,FALSE ,25 ,"Far" ,"Ambient"
"111" ,1 ,"Porites" ,3 ,5 ,"H" ,0 ,0 ,163 ,1.00028 ,3.82602 ,3.55632 ,0.269699999999999 ,0.0704910063198832 ,10.9091811644488 ,NA ,FALSE ,25 ,"Far" ,"Ambient"
"112" ,2 ,"Porites" ,1 ,7 ,"H" ,0 ,0 ,156 ,0.98846 ,8.78404 ,8.38844 ,0.395600000000002 ,0.0450362247895048 ,16.8066496773604 ,NA ,FALSE ,25 ,"Far" ,"Ambient"
"113" ,2 ,"Porites" ,2 ,3 ,"H" ,0 ,0 ,157 ,1.01146 ,2.87294 ,2.69754 ,0.1754 ,0.0610524410534156 ,10.2644215559555 ,NA ,FALSE ,25 ,"Far" ,"Ambient"
"114" ,2 ,"Porites" ,3 ,5 ,"H" ,0 ,0 ,158 ,0.98532 ,4.79518 ,4.50138 ,0.2938 ,0.0612698584828932 ,17.364978692543 ,NA ,FALSE ,25 ,"Far" ,"Ambient"
"115" ,3 ,"Porites" ,1 ,5 ,"H" ,0 ,0 ,21 ,2.6847 ,6.3005 ,5.966 ,0.3345 ,0.0530910245218634 ,17.771896449371 ,NA ,FALSE ,25 ,"Far" ,"Ambient"
"116" ,3 ,"Porites" ,2 ,4 ,"H" ,0 ,0 ,22 ,2.6816 ,4.4612 ,4.2132 ,0.247999999999999 ,0.0555904241011386 ,14.0086957990161 ,NA ,FALSE ,25 ,"Far" ,"Ambient"
"117" ,3 ,"Porites" ,3 ,7 ,"H" ,0 ,0 ,23 ,2.6601 ,6.3223 ,5.983 ,0.3393 ,0.0536671780839251 ,18.1409613916103 ,NA ,FALSE ,25 ,"Far" ,"Ambient"
"118" ,4 ,"Porites" ,1 ,2 ,"H" ,0 ,0 ,314 ,1.77109 ,2.92771 ,2.78191 ,0.1458 ,0.0498000143456833 ,8.56419930068198 ,NA ,FALSE ,25 ,"Far" ,"Ambient"
"119" ,4 ,"Porites" ,2 ,2 ,"H" ,0 ,0 ,315 ,1.77537 ,2.85153 ,2.68613 ,0.1654 ,0.0580039487573338 ,11.5419540483224 ,NA ,FALSE ,25 ,"Far" ,"Ambient"
"120" ,4 ,"Porites" ,3 ,7 ,"H" ,0 ,0 ,316 ,1.7709 ,5.8686 ,5.4727 ,0.3959 ,0.0674607231707733 ,18.721371215303 ,NA ,FALSE ,25 ,"Far" ,"Ambient"
"121" ,5 ,"Porites" ,1 ,4 ,"H" ,0 ,0 ,326 ,1.78129 ,5.08441 ,4.81711 ,0.267300000000001 ,0.0525724715355372 ,13.2926467230474 ,NA ,FALSE ,29 ,"Far" ,"Medium"
"122" ,5 ,"Porites" ,2 ,4 ,"H" ,0 ,0 ,327 ,1.78414 ,4.28416 ,4.03546 ,0.248699999999999 ,0.0580510531819539 ,14.1474894525078 ,NA ,FALSE ,29 ,"Far" ,"Medium"
"123" ,5 ,"Porites" ,3 ,2 ,"H" ,0 ,0 ,328 ,1.78271 ,2.13779 ,2.01389 ,0.1239 ,0.0579570491021101 ,8.84809541009685 ,NA ,FALSE ,29 ,"Far" ,"Medium"
"124" ,6 ,"Porites" ,1 ,4 ,"H" ,0 ,0 ,149 ,0.99863 ,4.64527 ,4.40717 ,0.2381 ,0.0512564393458292 ,11.4157779996936 ,NA ,FALSE ,29 ,"Far" ,"Medium"
"125" ,6 ,"Porites" ,2 ,3 ,"H" ,0 ,0 ,150 ,0.99918 ,2.82592 ,2.62712 ,0.1988 ,0.0703487713735703 ,8.4758760666418 ,NA ,FALSE ,29 ,"Far" ,"Medium"
"126" ,6 ,"Porites" ,3 ,3 ,"H" ,0 ,0 ,151 ,1.00585 ,3.25385 ,3.04555 ,0.208299999999999 ,0.0640164727937672 ,9.35279960461218 ,NA ,FALSE ,29 ,"Far" ,"Medium"
"127" ,7 ,"Porites" ,1 ,2 ,"H" ,0 ,0 ,337 ,2.41795 ,3.10895 ,2.95025 ,0.158700000000001 ,0.0510461731452743 ,7.50747489341551 ,NA ,FALSE ,29 ,"Far" ,"Medium"
"128" ,7 ,"Porites" ,2 ,3 ,"H" ,0 ,0 ,338 ,2.80436 ,2.64154 ,2.45914 ,0.1824 ,0.069050629557001 ,8.40647923989595 ,NA ,FALSE ,29 ,"Far" ,"Medium"
"129" ,7 ,"Porites" ,3 ,7 ,"C" ,0 ,5 ,339 ,2.74379 ,6.78311 ,6.37351 ,0.409599999999999 ,0.0603852804981785 ,20.1976309842603 ,NA ,TRUE ,29 ,"Far" ,"Medium"
"130" ,8 ,"Porites" ,1 ,4 ,"H" ,0 ,0 ,320 ,1.76282 ,5.17128 ,4.89168 ,0.2796 ,0.0540678516730868 ,15.6647564372695 ,NA ,FALSE ,29 ,"Far" ,"Medium"
"131" ,8 ,"Porites" ,2 ,2 ,"H" ,0 ,0 ,321 ,1.77339 ,2.27831 ,2.10041 ,0.1779 ,0.0780841939858931 ,7.8229150149876 ,NA ,FALSE ,29 ,"Far" ,"Medium"
"132" ,8 ,"Porites" ,3 ,7 ,"H" ,0 ,0 ,322 ,1.78556 ,7.51014 ,7.09414 ,0.416 ,0.0553917769841841 ,20.0619917319843 ,NA ,FALSE ,29 ,"Far" ,"Medium"
"133" ,9 ,"Porites" ,1 ,4 ,"C" ,0 ,5 ,15 ,2.6698 ,5.0871 ,4.8517 ,0.2354 ,0.0462739085136916 ,15.0938098172241 ,NA ,TRUE ,33 ,"Far" ,"High"
"134" ,9 ,"Porites" ,2 ,6 ,"H" ,0 ,0 ,16 ,2.6588 ,5.9331 ,5.5586 ,0.374500000000001 ,0.0631204597933628 ,19.2576194219755 ,NA ,FALSE ,33 ,"Far" ,"High"
"135" ,9 ,"Porites" ,3 ,9 ,"C" ,0 ,5 ,17 ,2.6591 ,8.7909 ,8.2744 ,0.516499999999999 ,0.0587539387320978 ,26.27931652817 ,NA ,TRUE ,33 ,"Far" ,"High"
"136" ,10 ,"Porites" ,1 ,6 ,"H" ,0 ,0 ,143 ,1.32085 ,7.46235 ,6.93505 ,0.5273 ,0.070661386828546 ,18.0242485466287 ,NA ,FALSE ,33 ,"Far" ,"High"
"137" ,10 ,"Porites" ,2 ,4 ,"H" ,0 ,0 ,144 ,1.03595 ,3.34885 ,3.07975 ,0.2691 ,0.0803559430849396 ,11.2801387474176 ,NA ,FALSE ,33 ,"Far" ,"High"
"138" ,10 ,"Porites" ,3 ,6 ,"H" ,0 ,0 ,145 ,0.98614 ,5.94736 ,5.59636 ,0.351000000000001 ,0.0590177826800464 ,15.0307217929096 ,NA ,FALSE ,33 ,"Far" ,"High"
"139" ,11 ,"Porites" ,1 ,2 ,"C" ,0 ,50 ,275 ,0.9881 ,2.9799 ,2.8483 ,0.1316 ,0.0441625557904627 ,6.37189045575602 ,NA ,TRUE ,33 ,"Far" ,"High"
"140" ,11 ,"Porites" ,2 ,5 ,"H" ,0 ,0 ,276 ,1.01006 ,5.75424 ,5.27774 ,0.476500000000001 ,0.0828085029473919 ,18.4090854949466 ,NA ,FALSE ,33 ,"Far" ,"High"
"141" ,11 ,"Porites" ,3 ,6 ,"H" ,0 ,0 ,277 ,1.0358 ,5.0904 ,4.768 ,0.3224 ,0.0633349049190633 ,17.3870595010531 ,NA ,FALSE ,33 ,"Far" ,"High"
"142" ,12 ,"Porites" ,1 ,4 ,"H" ,0 ,0 ,137 ,1.32271 ,3.60879 ,3.41479 ,0.194 ,0.0537576306739932 ,8.78185298456672 ,NA ,FALSE ,33 ,"Far" ,"High"
"143" ,12 ,"Porites" ,2 ,2 ,"H" ,0 ,0 ,138 ,1.35834 ,2.17506 ,2.01246 ,0.1626 ,0.0747565584397671 ,6.52645611532635 ,NA ,FALSE ,33 ,"Far" ,"High"
"144" ,12 ,"Porites" ,3 ,5 ,"H" ,0 ,0 ,139 ,1.34821 ,4.80829 ,4.51759 ,0.2907 ,0.0604580838510157 ,13.4409035801864 ,NA ,FALSE ,33 ,"Far" ,"High"
"145" ,13 ,"Porites" ,1 ,2 ,"C" ,0 ,90 ,217 ,0.99188 ,3.72422 ,3.59742 ,0.1268 ,0.0340473978443809 ,7.00907950133164 ,NA ,TRUE ,13 ,"Mid" ,"Ambient"
"146" ,13 ,"Porites" ,2 ,4 ,"H" ,0 ,0 ,218 ,1.00731 ,3.26629 ,3.07079 ,0.1955 ,0.0598538402897477 ,10.8132873674909 ,NA ,FALSE ,13 ,"Mid" ,"Ambient"
"147" ,13 ,"Porites" ,3 ,3 ,"H" ,0 ,0 ,219 ,0.98711 ,3.28119 ,3.09069 ,0.1905 ,0.0580582044928822 ,10.2328775437983 ,NA ,FALSE ,13 ,"Mid" ,"Ambient"
"148" ,14 ,"Porites" ,1 ,9 ,"H" ,0 ,0 ,281 ,0.99942 ,11.77928 ,11.25598 ,0.523300000000001 ,0.04442546573305 ,23.5507594765715 ,NA ,FALSE ,13 ,"Mid" ,"Ambient"
"149" ,14 ,"Porites" ,2 ,5 ,"H" ,5 ,0 ,282 ,1.0031 ,5.7381 ,5.4168 ,0.3213 ,0.0559941444031996 ,22.7747767775042 ,NA ,FALSE ,13 ,"Mid" ,"Ambient"
"150" ,14 ,"Porites" ,3 ,4 ,"H" ,5 ,0 ,283 ,1.00464 ,3.91886 ,3.69546 ,0.2234 ,0.0570063743027309 ,18.7970768444803 ,NA ,FALSE ,13 ,"Mid" ,"Ambient"
"151" ,15 ,"Porites" ,1 ,6 ,"C" ,0 ,40 ,235 ,1.00208 ,5.49102 ,5.23722 ,0.2538 ,0.0462209207032573 ,NA ,NA ,TRUE ,13 ,"Mid" ,"Ambient"
"152" ,15 ,"Porites" ,2 ,4 ,"H" ,0 ,0 ,236 ,0.98915 ,3.87755 ,3.63225 ,0.245299999999999 ,0.0632615955951566 ,11.7091373127556 ,NA ,FALSE ,13 ,"Mid" ,"Ambient"
"153" ,15 ,"Porites" ,3 ,3 ,"H" ,0 ,0 ,237 ,1.00819 ,3.53201 ,3.32371 ,0.208299999999999 ,0.0589749179645583 ,10.9236914100412 ,NA ,FALSE ,13 ,"Mid" ,"Ambient"
"154" ,16 ,"Porites" ,1 ,3 ,"H" ,0 ,0 ,241 ,0.99799 ,3.06481 ,2.90701 ,0.1578 ,0.0514876941800635 ,8.26453118518851 ,NA ,FALSE ,13 ,"Mid" ,"Ambient"
"155" ,16 ,"Porites" ,2 ,3 ,"H" ,0 ,0 ,242 ,0.98108 ,2.61402 ,2.46642 ,0.1476 ,0.056464755434159 ,8.63359612742785 ,NA ,FALSE ,13 ,"Mid" ,"Ambient"
"156" ,16 ,"Porites" ,3 ,7 ,"H" ,0 ,0 ,243 ,0.99143 ,7.69787 ,7.26847 ,0.429399999999999 ,0.0557816642785601 ,19.1440609782095 ,NA ,FALSE ,13 ,"Mid" ,"Ambient"
"157" ,17 ,"Porites" ,1 ,6 ,"C" ,10 ,5 ,291 ,1.00054 ,7.43926 ,7.09546 ,0.3438 ,0.046214274000371 ,12.0782022549949 ,NA ,TRUE ,5 ,"Near" ,"Medium"
"158" ,17 ,"Porites" ,2 ,3 ,"H" ,0 ,0 ,290 ,0.98723 ,2.55527 ,2.42277 ,0.1325 ,0.0518536201653838 ,6.40658886912895 ,NA ,FALSE ,5 ,"Near" ,"Medium"
"159" ,17 ,"Porites" ,3 ,5 ,"C" ,5 ,5 ,289 ,0.98785 ,4.21995 ,3.99265 ,0.2273 ,0.0538631974312491 ,9.29917478394492 ,NA ,TRUE ,5 ,"Near" ,"Medium"
"160" ,18 ,"Porites" ,1 ,8 ,"H" ,0 ,0 ,288 ,0.99472 ,10.76808 ,10.24288 ,0.525200000000002 ,0.0487737832556966 ,22.2700725829889 ,NA ,FALSE ,5 ,"Near" ,"Medium"
"161" ,18 ,"Porites" ,2 ,7 ,"H" ,0 ,0 ,287 ,0.9808 ,6.1467 ,5.8188 ,0.327900000000001 ,0.0533456976914443 ,18.2545198353763 ,NA ,FALSE ,5 ,"Near" ,"Medium"
"162" ,18 ,"Porites" ,3 ,4 ,"C" ,0 ,40 ,286 ,1.01991 ,2.54659 ,2.41309 ,0.133500000000001 ,0.0524230441492351 ,4.77891784181702 ,NA ,TRUE ,5 ,"Near" ,"Medium"
"163" ,19 ,"Porites" ,1 ,7 ,"H" ,0 ,0 ,262 ,0.99847 ,9.39543 ,8.97913 ,0.4163 ,0.044308775649438 ,16.1252990147647 ,NA ,FALSE ,5 ,"Near" ,"Medium"
"164" ,19 ,"Porites" ,2 ,5 ,"H" ,0 ,0 ,263 ,1.04466 ,4.85504 ,4.58324 ,0.271800000000001 ,0.0559830609016611 ,16.8855097077535 ,NA ,FALSE ,5 ,"Near" ,"Medium"
"165" ,19 ,"Porites" ,3 ,9 ,"C" ,0 ,10 ,264 ,1.02352 ,8.33258 ,7.88708 ,0.445499999999999 ,0.0534648332209231 ,18.0936453733746 ,NA ,TRUE ,5 ,"Near" ,"Medium"
"166" ,20 ,"Porites" ,1 ,9 ,"C" ,0 ,5 ,191 ,0.97748 ,11.32902 ,10.95272 ,0.376300000000001 ,0.0332155826364505 ,22.3773222243234 ,NA ,TRUE ,5 ,"Near" ,"Medium"
"167" ,20 ,"Porites" ,2 ,1 ,"H" ,0 ,0 ,192 ,0.99344 ,1.90676 ,1.79316 ,0.1136 ,0.0595775031991441 ,7.43807806666965 ,NA ,FALSE ,5 ,"Near" ,"Medium"
"168" ,20 ,"Porites" ,3 ,9 ,"H" ,0 ,0 ,193 ,1.01087 ,7.90393 ,7.49323 ,0.4107 ,0.0519614925739474 ,19.8979628687668 ,NA ,FALSE ,5 ,"Near" ,"Medium"
"169" ,21 ,"Porites" ,1 ,6 ,"H" ,0 ,0 ,172 ,0.99778 ,7.84552 ,7.50762 ,0.337899999999999 ,0.0430691655874944 ,21.4593914705487 ,NA ,FALSE ,9 ,"Near" ,"High"
"170" ,21 ,"Porites" ,2 ,2 ,"C" ,0 ,3 ,173 ,0.99625 ,2.58585 ,2.44115 ,0.1447 ,0.0559583889243383 ,6.91129306364428 ,NA ,TRUE ,9 ,"Near" ,"High"
"171" ,21 ,"Porites" ,3 ,7 ,"C" ,0 ,5 ,187 ,1.01636 ,5.16214 ,4.90284 ,0.2593 ,0.0502311057042234 ,12.1381358780936 ,NA ,TRUE ,9 ,"Near" ,"High"
"172" ,22 ,"Porites" ,1 ,3 ,"H" ,0 ,0 ,285 ,1.01072 ,3.13238 ,2.97438 ,0.157999999999999 ,0.0504408788205772 ,7.62103333718146 ,NA ,FALSE ,9 ,"Near" ,"High"
"173" ,22 ,"Porites" ,2 ,4 ,"H" ,0 ,0 ,310 ,0.99991 ,2.78619 ,2.60389 ,0.1823 ,0.0654298522354899 ,7.99009827942081 ,NA ,FALSE ,9 ,"Near" ,"High"
"174" ,22 ,"Porites" ,3 ,3 ,"C" ,0 ,20 ,309 ,0.98685 ,2.25955 ,2.11995 ,0.1396 ,0.0617822132725543 ,5.76309102112191 ,NA ,TRUE ,9 ,"Near" ,"High"
"175" ,23 ,"Porites" ,1 ,4 ,"H" ,0 ,0 ,183 ,1.00733 ,4.32787 ,4.09157 ,0.2363 ,0.0545996067349527 ,10.2991199693284 ,NA ,FALSE ,9 ,"Near" ,"High"
"176" ,23 ,"Porites" ,2 ,5 ,"C" ,0 ,5 ,184 ,1.00117 ,5.61413 ,5.35533 ,0.258800000000001 ,0.0460979706561837 ,14.0749382245462 ,NA ,TRUE ,9 ,"Near" ,"High"
"177" ,23 ,"Porites" ,3 ,10 ,"C" ,0 ,5 ,185 ,0.99472 ,8.25128 ,7.82348 ,0.427800000000002 ,0.0518465013912995 ,20.5793135313625 ,NA ,TRUE ,9 ,"Near" ,"High"
"178" ,24 ,"Porites" ,1 ,5 ,"H" ,0 ,0 ,305 ,0.99451 ,5.29199 ,5.10919 ,0.1828 ,0.0345427712448437 ,12.1539078841723 ,NA ,FALSE ,9 ,"Near" ,"High"
"179" ,24 ,"Porites" ,2 ,8 ,"C" ,0 ,5 ,304 ,1.01713 ,7.71107 ,7.32077 ,0.3903 ,0.0506155436275381 ,19.8758820602568 ,NA ,TRUE ,9 ,"Near" ,"High"
"180" ,24 ,"Porites" ,3 ,5 ,"C" ,0 ,10 ,303 ,1.0085 ,4.1868 ,3.9364 ,0.2504 ,0.059807012515525 ,NA ,NA ,TRUE ,9 ,"Near" ,"High"
"181" ,25 ,"Porites" ,1 ,5 ,"C" ,0 ,60 ,177 ,1.02557 ,5.18253 ,4.99583 ,0.1867 ,0.0360248758810851 ,2.9115123221103 ,"Low outlier in SA" ,TRUE ,1 ,"Near" ,"Ambient"
"182" ,25 ,"Porites" ,2 ,4 ,"C" ,0 ,20 ,178 ,1.00225 ,4.28855 ,4.05605 ,0.2325 ,0.0542141283184293 ,NA ,NA ,TRUE ,1 ,"Near" ,"Ambient"
"183" ,25 ,"Porites" ,3 ,11 ,"C" ,0 ,10 ,179 ,1.03203 ,9.38757 ,8.93277 ,0.454800000000001 ,0.0484470422058105 ,22.8473280054658 ,NA ,TRUE ,1 ,"Near" ,"Ambient"
"184" ,26 ,"Porites" ,1 ,4 ,"H" ,0 ,0 ,206 ,1.05689 ,4.62431 ,4.40281 ,0.2215 ,0.0478990379105207 ,11.3369179693006 ,NA ,FALSE ,1 ,"Near" ,"Ambient"
"185" ,26 ,"Porites" ,2 ,4 ,"H" ,0 ,0 ,207 ,1.02429 ,3.70361 ,3.54201 ,0.1616 ,0.0436331039175291 ,NA ,NA ,FALSE ,1 ,"Near" ,"Ambient"
"186" ,26 ,"Porites" ,3 ,8 ,"H" ,0 ,0 ,208 ,1.00197 ,7.43093 ,7.00333 ,0.4276 ,0.057543268473798 ,26.4811982059761 ,NA ,FALSE ,1 ,"Near" ,"Ambient"
"187" ,27 ,"Porites" ,1 ,3 ,"H" ,0 ,0 ,171 ,1.00338 ,5.87522 ,5.60002 ,0.2752 ,0.046840799153053 ,12.9172729783767 ,NA ,FALSE ,1 ,"Near" ,"Ambient"
"188" ,27 ,"Porites" ,2 ,4 ,"C" ,0 ,50 ,170 ,1.01088 ,3.57782 ,3.40992 ,0.1679 ,0.046928017619668 ,NA ,NA ,TRUE ,1 ,"Near" ,"Ambient"
"189" ,27 ,"Porites" ,3 ,5 ,"H" ,0 ,0 ,169 ,1.03038 ,3.95892 ,3.73882 ,0.2201 ,0.0555959706182495 ,11.2012787170246 ,NA ,FALSE ,1 ,"Near" ,"Ambient"
"190" ,28 ,"Porites" ,1 ,5 ,"H" ,0 ,0 ,186 ,0.98854 ,6.44916 ,6.20246 ,0.246700000000001 ,0.0382530438072556 ,15.9707333551944 ,NA ,FALSE ,1 ,"Near" ,"Ambient"
"191" ,28 ,"Porites" ,2 ,3 ,"C" ,0 ,35 ,295 ,1.00937 ,2.81163 ,2.66783 ,0.1438 ,0.0511447096524081 ,10.778588954118 ,NA ,TRUE ,1 ,"Near" ,"Ambient"
"192" ,28 ,"Porites" ,3 ,4 ,"H" ,0 ,0 ,296 ,1.01088 ,3.55942 ,3.34282 ,0.2166 ,0.0608526108186164 ,11.4946380300866 ,NA ,FALSE ,1 ,"Near" ,"Ambient"
"193" ,29 ,"Porites" ,1 ,3 ,"H" ,0 ,0 ,211 ,1.03517 ,4.38783 ,4.17593 ,0.2119 ,0.0482926640275489 ,11.2675211425547 ,NA ,FALSE ,17 ,"Mid" ,"Medium"
"194" ,29 ,"Porites" ,2 ,3 ,"H" ,0 ,0 ,212 ,1.01333 ,3.41407 ,3.22567 ,0.1884 ,0.0551834028007626 ,12.0687390513478 ,NA ,FALSE ,17 ,"Mid" ,"Medium"
"195" ,29 ,"Porites" ,3 ,8 ,"C" ,0 ,5 ,213 ,1.02349 ,6.74751 ,6.38411 ,0.3634 ,0.053856904250605 ,18.2545198353763 ,NA ,TRUE ,17 ,"Mid" ,"Medium"
"196" ,30 ,"Porites" ,1 ,6 ,"H" ,0 ,0 ,229 ,0.99711 ,7.10029 ,6.78799 ,0.3123 ,0.0439841189585215 ,17.6267939934479 ,NA ,FALSE ,17 ,"Mid" ,"Medium"
"197" ,30 ,"Porites" ,2 ,3 ,"H" ,0 ,0 ,230 ,1.01599 ,3.61451 ,3.39571 ,0.2188 ,0.0605337929622549 ,10.9520810209826 ,NA ,FALSE ,17 ,"Mid" ,"Medium"
"198" ,30 ,"Porites" ,3 ,3 ,"H" ,0 ,0 ,231 ,0.99485 ,2.42585 ,2.26865 ,0.1572 ,0.0648020281550797 ,7.65888615177011 ,NA ,FALSE ,17 ,"Mid" ,"Medium"
"199" ,31 ,"Porites" ,1 ,3 ,"H" ,0 ,0 ,272 ,0.997 ,4.8849 ,4.6195 ,0.2654 ,0.0543306925423242 ,14.2515846926266 ,NA ,FALSE ,17 ,"Mid" ,"Medium"
"200" ,31 ,"Porites" ,2 ,3 ,"H" ,0 ,0 ,273 ,1.00456 ,2.65924 ,2.50454 ,0.1547 ,0.0581745160271356 ,9.1729987353161 ,NA ,FALSE ,17 ,"Mid" ,"Medium"
"201" ,31 ,"Porites" ,3 ,5 ,"H" ,0 ,0 ,274 ,0.99548 ,4.54022 ,4.29192 ,0.2483 ,0.0546889798291714 ,11.636586084794 ,NA ,FALSE ,17 ,"Mid" ,"Medium"
"202" ,32 ,"Porites" ,1 ,4 ,"H" ,0 ,0 ,197 ,0.99193 ,3.64607 ,3.44687 ,0.1992 ,0.0546341677477394 ,9.80703337967599 ,NA ,FALSE ,17 ,"Mid" ,"Medium"
"203" ,32 ,"Porites" ,2 ,2 ,"C" ,10 ,0 ,198 ,1.03449 ,2.50281 ,2.35921 ,0.1436 ,0.0573755099268423 ,8.71876496025231 ,NA ,TRUE ,17 ,"Mid" ,"Medium"
"204" ,32 ,"Porites" ,3 ,7 ,"H" ,0 ,0 ,199 ,1.00528 ,8.33612 ,8.00882 ,0.327300000000001 ,0.0392628704961062 ,14.8509209236136 ,NA ,FALSE ,17 ,"Mid" ,"Medium"
"205" ,33 ,"Porites" ,1 ,7 ,"C" ,0 ,10 ,245 ,1.01704 ,8.44096 ,8.08796 ,0.353 ,0.0418198877852756 ,21.42153865596 ,NA ,TRUE ,21 ,"Mid" ,"High"
"206" ,33 ,"Porites" ,2 ,3 ,"H" ,0 ,0 ,246 ,0.99065 ,3.37045 ,3.18255 ,0.187900000000001 ,0.055749232298358 ,11.7596077322072 ,NA ,FALSE ,21 ,"Mid" ,"High"
"207" ,33 ,"Porites" ,3 ,6 ,"H" ,0 ,3 ,247 ,1.01485 ,5.18265 ,4.91215 ,0.2705 ,0.052193375975611 ,13.6270132519139 ,NA ,FALSE ,21 ,"Mid" ,"High"
"208" ,34 ,"Porites" ,1 ,8 ,"C" ,0 ,0 ,253 ,1.01265 ,9.99765 ,9.53885 ,0.4588 ,0.0458907843343186 ,21.8726180298081 ,NA ,TRUE ,21 ,"Mid" ,"High"
"209" ,34 ,"Porites" ,2 ,5 ,"H" ,0 ,0 ,254 ,1.01366 ,4.01344 ,3.78654 ,0.2269 ,0.056535042258013 ,13.9519165771331 ,NA ,FALSE ,21 ,"Mid" ,"High"
"210" ,34 ,"Porites" ,3 ,5 ,"H" ,0 ,0 ,255 ,1.00358 ,5.75362 ,5.37382 ,0.379799999999999 ,0.0660106159252783 ,15.0212585892625 ,NA ,FALSE ,21 ,"Mid" ,"High"
"211" ,35 ,"Porites" ,1 ,6 ,"C" ,0 ,5 ,265 ,0.98457 ,5.08863 ,4.76593 ,0.3227 ,0.063415889935012 ,15.286228291383 ,NA ,TRUE ,21 ,"Mid" ,"High"
"212" ,35 ,"Porites" ,2 ,6 ,"H" ,0 ,0 ,266 ,0.99991 ,6.33559 ,6.02819 ,0.307399999999999 ,0.048519553822138 ,19.3585602608786 ,NA ,FALSE ,21 ,"Mid" ,"High"
"213" ,35 ,"Porites" ,3 ,8 ,"H" ,0 ,0 ,267 ,1.02043 ,9.80067 ,9.39127 ,0.4094 ,0.0417726543185313 ,18.235593428082 ,NA ,FALSE ,21 ,"Mid" ,"High"
"214" ,36 ,"Porites" ,1 ,6 ,"C" ,0 ,10 ,223 ,0.98912 ,7.09168 ,6.75038 ,0.3413 ,0.0481268190330077 ,20.901062455366 ,NA ,TRUE ,21 ,"Mid" ,"High"
"215" ,36 ,"Porites" ,2 ,3 ,"H" ,0 ,0 ,224 ,0.9441 ,3.4492 ,3.2298 ,0.2194 ,0.0636089528006495 ,NA ,NA ,FALSE ,21 ,"Mid" ,"High"
"216" ,36 ,"Porites" ,3 ,5 ,"H" ,0 ,0 ,225 ,0.98473 ,5.18597 ,4.88077 ,0.3052 ,0.0588510924667902 ,16.8918185101849 ,NA ,FALSE ,21 ,"Mid" ,"High"
