Scan No ,Date,Time,Raw Value,Calibrated
1,01/12/2015 , 13:45:00,111,111
2,01/12/2015 , 14:00:00,111,111
3,01/12/2015 , 14:15:00,110,110
4,01/12/2015 , 14:30:00,111,111
5,01/12/2015 , 14:45:00,110,110
6,01/12/2015 , 15:00:00,110,110
7,01/12/2015 , 15:15:00,75,75
8,01/12/2015 , 15:30:00,1644,1644
9,01/12/2015 , 15:45:00,1279,1279
10,01/12/2015 , 16:00:00,861,861
11,01/12/2015 , 16:15:00,608,608
12,01/12/2015 , 16:30:00,739,739
13,01/12/2015 , 16:45:00,432,432
14,01/12/2015 , 17:00:00,324,324
15,01/12/2015 , 17:15:00,184,184
16,01/12/2015 , 17:30:00,112,112
17,01/12/2015 , 17:45:00,66,66
18,01/12/2015 , 18:00:00,17,17
19,01/12/2015 , 18:15:00,0,0
20,01/12/2015 , 18:30:00,0,0
21,01/12/2015 , 18:45:00,0,0
22,01/12/2015 , 19:00:00,0,0
23,01/12/2015 , 19:15:00,0,0
24,01/12/2015 , 19:30:00,0,0
25,01/12/2015 , 19:45:00,0,0
26,01/12/2015 , 20:00:00,0,0
27,01/12/2015 , 20:15:00,0,0
28,01/12/2015 , 20:30:00,0,0
29,01/12/2015 , 20:45:00,0,0
30,01/12/2015 , 21:00:00,0,0
31,01/12/2015 , 21:15:00,0,0
32,01/12/2015 , 21:30:00,0,0
33,01/12/2015 , 21:45:00,0,0
34,01/12/2015 , 22:00:00,0,0
35,01/12/2015 , 22:15:00,0,0
36,01/12/2015 , 22:30:00,0,0
37,01/12/2015 , 22:45:00,0,0
38,01/12/2015 , 23:00:00,0,0
39,01/12/2015 , 23:15:00,0,0
40,01/12/2015 , 23:30:00,0,0
41,01/12/2015 , 23:45:00,0,0
42,01/12/2015 , 24:00:00,0,0
43,02/12/2015 , 00:15:00,0,0
44,02/12/2015 , 00:30:00,0,0
45,02/12/2015 , 00:45:00,0,0
46,02/12/2015 , 01:00:00,0,0
47,02/12/2015 , 01:15:00,0,0
48,02/12/2015 , 01:30:00,0,0
49,02/12/2015 , 01:45:00,0,0
50,02/12/2015 , 02:00:00,0,0
51,02/12/2015 , 02:15:00,0,0
52,02/12/2015 , 02:30:00,0,0
53,02/12/2015 , 02:45:00,0,0
54,02/12/2015 , 03:00:00,0,0
55,02/12/2015 , 03:15:00,0,0
56,02/12/2015 , 03:30:00,0,0
57,02/12/2015 , 03:45:00,0,0
58,02/12/2015 , 04:00:00,0,0
59,02/12/2015 , 04:15:00,0,0
60,02/12/2015 , 04:30:00,0,0
61,02/12/2015 , 04:45:00,0,0
62,02/12/2015 , 05:00:00,0,0
63,02/12/2015 , 05:15:00,0,0
64,02/12/2015 , 05:30:00,0,0
65,02/12/2015 , 05:45:00,0,0
66,02/12/2015 , 06:00:00,0,0
67,02/12/2015 , 06:15:00,0,0
68,02/12/2015 , 06:30:00,0,0
69,02/12/2015 , 06:45:00,0,0
70,02/12/2015 , 07:00:00,20,20
71,02/12/2015 , 07:15:00,111,111
72,02/12/2015 , 07:30:00,134,134
73,02/12/2015 , 07:45:00,180,180
74,02/12/2015 , 08:00:00,649,649
75,02/12/2015 , 08:15:00,947,947
76,02/12/2015 , 08:30:00,1187,1187
77,02/12/2015 , 08:45:00,1765,1765
78,02/12/2015 , 09:00:00,2518,2518
79,02/12/2015 , 09:15:00,1059,1059
80,02/12/2015 , 09:30:00,1015,1015
81,02/12/2015 , 09:45:00,1359,1359
82,02/12/2015 , 10:00:00,1175,1175
83,02/12/2015 , 10:15:00,2364,2364
84,02/12/2015 , 10:30:00,2199,2199
85,02/12/2015 , 10:45:00,2606,2606
86,02/12/2015 , 11:00:00,2081,2081
87,02/12/2015 , 11:15:00,3232,3232
88,02/12/2015 , 11:30:00,4031,4031
89,02/12/2015 , 11:45:00,2314,2314
90,02/12/2015 , 12:00:00,2695,2695
91,02/12/2015 , 12:15:00,3037,3037
92,02/12/2015 , 12:30:00,3172,3172
93,02/12/2015 , 12:45:00,3062,3062
94,02/12/2015 , 13:00:00,3184,3184
95,02/12/2015 , 13:15:00,3285,3285
96,02/12/2015 , 13:30:00,3443,3443
97,02/12/2015 , 13:45:00,3074,3074
98,02/12/2015 , 14:00:00,3031,3031
99,02/12/2015 , 14:15:00,2769,2769
100,02/12/2015 , 14:30:00,2647,2647
101,02/12/2015 , 14:45:00,1813,1813
102,02/12/2015 , 15:00:00,1154,1154
103,02/12/2015 , 15:15:00,1349,1349
104,02/12/2015 , 15:30:00,798,798
105,02/12/2015 , 15:45:00,757,757
106,02/12/2015 , 16:00:00,779,779
107,02/12/2015 , 16:15:00,559,559
108,02/12/2015 , 16:30:00,1078,1078
109,02/12/2015 , 16:45:00,398,398
110,02/12/2015 , 17:00:00,396,396
111,02/12/2015 , 17:15:00,224,224
112,02/12/2015 , 17:30:00,167,167
113,02/12/2015 , 17:45:00,84,84
114,02/12/2015 , 18:00:00,19,19
115,02/12/2015 , 18:15:00,0,0
116,02/12/2015 , 18:30:00,0,0
117,02/12/2015 , 18:45:00,0,0
118,02/12/2015 , 19:00:00,0,0
119,02/12/2015 , 19:15:00,0,0
120,02/12/2015 , 19:30:00,0,0
121,02/12/2015 , 19:45:00,0,0
122,02/12/2015 , 20:00:00,0,0
123,02/12/2015 , 20:15:00,0,0
124,02/12/2015 , 20:30:00,0,0
125,02/12/2015 , 20:45:00,0,0
126,02/12/2015 , 21:00:00,0,0
127,02/12/2015 , 21:15:00,0,0
128,02/12/2015 , 21:30:00,0,0
129,02/12/2015 , 21:45:00,0,0
130,02/12/2015 , 22:00:00,0,0
131,02/12/2015 , 22:15:00,0,0
132,02/12/2015 , 22:30:00,0,0
133,02/12/2015 , 22:45:00,0,0
134,02/12/2015 , 23:00:00,0,0
135,02/12/2015 , 23:15:00,0,0
136,02/12/2015 , 23:30:00,0,0
137,02/12/2015 , 23:45:00,0,0
138,02/12/2015 , 24:00:00,0,0
139,03/12/2015 , 00:15:00,0,0
140,03/12/2015 , 00:30:00,0,0
141,03/12/2015 , 00:45:00,0,0
142,03/12/2015 , 01:00:00,0,0
143,03/12/2015 , 01:15:00,0,0
144,03/12/2015 , 01:30:00,0,0
145,03/12/2015 , 01:45:00,0,0
146,03/12/2015 , 02:00:00,0,0
147,03/12/2015 , 02:15:00,0,0
148,03/12/2015 , 02:30:00,0,0
149,03/12/2015 , 02:45:00,0,0
150,03/12/2015 , 03:00:00,0,0
151,03/12/2015 , 03:15:00,0,0
152,03/12/2015 , 03:30:00,0,0
153,03/12/2015 , 03:45:00,0,0
154,03/12/2015 , 04:00:00,0,0
155,03/12/2015 , 04:15:00,0,0
156,03/12/2015 , 04:30:00,0,0
157,03/12/2015 , 04:45:00,0,0
158,03/12/2015 , 05:00:00,0,0
159,03/12/2015 , 05:15:00,0,0
160,03/12/2015 , 05:30:00,0,0
161,03/12/2015 , 05:45:00,0,0
162,03/12/2015 , 06:00:00,0,0
163,03/12/2015 , 06:15:00,0,0
164,03/12/2015 , 06:30:00,0,0
165,03/12/2015 , 06:45:00,0,0
166,03/12/2015 , 07:00:00,18,18
167,03/12/2015 , 07:15:00,101,101
168,03/12/2015 , 07:30:00,181,181
169,03/12/2015 , 07:45:00,294,294
170,03/12/2015 , 08:00:00,291,291
171,03/12/2015 , 08:15:00,612,612
172,03/12/2015 , 08:30:00,794,794
173,03/12/2015 , 08:45:00,1433,1433
174,03/12/2015 , 09:00:00,2560,2560
175,03/12/2015 , 09:15:00,5111,5111
176,03/12/2015 , 09:30:00,3917,3917
177,03/12/2015 , 09:45:00,3465,3465
178,03/12/2015 , 10:00:00,3625,3625
179,03/12/2015 , 10:15:00,5124,5124
180,03/12/2015 , 10:30:00,2222,2222
181,03/12/2015 , 10:45:00,4721,4721
182,03/12/2015 , 11:00:00,8079,8079
183,03/12/2015 , 11:15:00,7523,7523
184,03/12/2015 , 11:30:00,6587,6587
185,03/12/2015 , 11:45:00,6978,6978
186,03/12/2015 , 12:00:00,7027,7027
187,03/12/2015 , 12:15:00,3464,3464
188,03/12/2015 , 12:30:00,3148,3148
189,03/12/2015 , 12:45:00,3106,3106
190,03/12/2015 , 13:00:00,3083,3083
191,03/12/2015 , 13:15:00,2685,2685
192,03/12/2015 , 13:30:00,2079,2079
193,03/12/2015 , 13:45:00,2022,2022
194,03/12/2015 , 14:00:00,1322,1322
195,03/12/2015 , 14:15:00,1095,1095
196,03/12/2015 , 14:30:00,1192,1192
197,03/12/2015 , 14:45:00,986,986
198,03/12/2015 , 15:00:00,1283,1283
199,03/12/2015 , 15:15:00,1046,1046
200,03/12/2015 , 15:30:00,1461,1461
201,03/12/2015 , 15:45:00,731,731
202,03/12/2015 , 16:00:00,1125,1125
203,03/12/2015 , 16:15:00,608,608
204,03/12/2015 , 16:30:00,780,780
205,03/12/2015 , 16:45:00,568,568
206,03/12/2015 , 17:00:00,466,466
207,03/12/2015 , 17:15:00,257,257
208,03/12/2015 , 17:30:00,173,173
209,03/12/2015 , 17:45:00,86,86
210,03/12/2015 , 18:00:00,17,17
211,03/12/2015 , 18:15:00,0,0
212,03/12/2015 , 18:30:00,0,0
213,03/12/2015 , 18:45:00,0,0
214,03/12/2015 , 19:00:00,0,0
215,03/12/2015 , 19:15:00,0,0
216,03/12/2015 , 19:30:00,0,0
217,03/12/2015 , 19:45:00,0,0
218,03/12/2015 , 20:00:00,0,0
219,03/12/2015 , 20:15:00,0,0
220,03/12/2015 , 20:30:00,0,0
221,03/12/2015 , 20:45:00,0,0
222,03/12/2015 , 21:00:00,0,0
223,03/12/2015 , 21:15:00,0,0
224,03/12/2015 , 21:30:00,0,0
225,03/12/2015 , 21:45:00,0,0
226,03/12/2015 , 22:00:00,0,0
227,03/12/2015 , 22:15:00,0,0
228,03/12/2015 , 22:30:00,0,0
229,03/12/2015 , 22:45:00,0,0
230,03/12/2015 , 23:00:00,0,0
231,03/12/2015 , 23:15:00,0,0
232,03/12/2015 , 23:30:00,0,0
233,03/12/2015 , 23:45:00,0,0
234,03/12/2015 , 24:00:00,0,0
235,04/12/2015 , 00:15:00,0,0
236,04/12/2015 , 00:30:00,0,0
237,04/12/2015 , 00:45:00,0,0
238,04/12/2015 , 01:00:00,0,0
239,04/12/2015 , 01:15:00,0,0
240,04/12/2015 , 01:30:00,0,0
241,04/12/2015 , 01:45:00,0,0
242,04/12/2015 , 02:00:00,0,0
243,04/12/2015 , 02:15:00,0,0
244,04/12/2015 , 02:30:00,0,0
245,04/12/2015 , 02:45:00,0,0
246,04/12/2015 , 03:00:00,0,0
247,04/12/2015 , 03:15:00,0,0
248,04/12/2015 , 03:30:00,0,0
249,04/12/2015 , 03:45:00,0,0
250,04/12/2015 , 04:00:00,0,0
251,04/12/2015 , 04:15:00,0,0
252,04/12/2015 , 04:30:00,0,0
253,04/12/2015 , 04:45:00,0,0
254,04/12/2015 , 05:00:00,0,0
255,04/12/2015 , 05:15:00,0,0
256,04/12/2015 , 05:30:00,0,0
257,04/12/2015 , 05:45:00,0,0
258,04/12/2015 , 06:00:00,0,0
259,04/12/2015 , 06:15:00,0,0
260,04/12/2015 , 06:30:00,0,0
261,04/12/2015 , 06:45:00,0,0
262,04/12/2015 , 07:00:00,13,13
263,04/12/2015 , 07:15:00,112,112
264,04/12/2015 , 07:30:00,322,322
265,04/12/2015 , 07:45:00,490,490
266,04/12/2015 , 08:00:00,799,799
267,04/12/2015 , 08:15:00,523,523
268,04/12/2015 , 08:30:00,712,712
269,04/12/2015 , 08:45:00,1144,1144
270,04/12/2015 , 09:00:00,1572,1572
271,04/12/2015 , 09:15:00,2931,2931
272,04/12/2015 , 09:30:00,1933,1933
273,04/12/2015 , 09:45:00,1618,1618
274,04/12/2015 , 10:00:00,3954,3954
275,04/12/2015 , 10:15:00,1692,1692
276,04/12/2015 , 10:30:00,4873,4873
277,04/12/2015 , 10:45:00,6348,6348
278,04/12/2015 , 11:00:00,8309,8309
279,04/12/2015 , 11:15:00,6372,6372
280,04/12/2015 , 11:30:00,6625,6625
281,04/12/2015 , 11:45:00,6964,6964
282,04/12/2015 , 12:00:00,7196,7196
283,04/12/2015 , 12:15:00,3727,3727
284,04/12/2015 , 12:30:00,3544,3544
285,04/12/2015 , 12:45:00,3251,3251
286,04/12/2015 , 13:00:00,2810,2810
287,04/12/2015 , 13:15:00,2558,2558
288,04/12/2015 , 13:30:00,2046,2046
289,04/12/2015 , 13:45:00,1463,1463
290,04/12/2015 , 14:00:00,1436,1436
291,04/12/2015 , 14:15:00,867,867
292,04/12/2015 , 14:30:00,488,488
293,04/12/2015 , 14:45:00,438,438
294,04/12/2015 , 15:00:00,400,400
295,04/12/2015 , 15:15:00,393,393
296,04/12/2015 , 15:30:00,570,570
297,04/12/2015 , 15:45:00,538,538
298,04/12/2015 , 16:00:00,520,520
299,04/12/2015 , 16:15:00,552,552
300,04/12/2015 , 16:30:00,1900,1900
301,04/12/2015 , 16:45:00,1026,1026
302,04/12/2015 , 17:00:00,309,309
303,04/12/2015 , 17:15:00,166,166
304,04/12/2015 , 17:30:00,111,111
305,04/12/2015 , 17:45:00,65,65
306,04/12/2015 , 18:00:00,16,16
307,04/12/2015 , 18:15:00,0,0
308,04/12/2015 , 18:30:00,0,0
309,04/12/2015 , 18:45:00,0,0
310,04/12/2015 , 19:00:00,0,0
311,04/12/2015 , 19:15:00,0,0
312,04/12/2015 , 19:30:00,0,0
313,04/12/2015 , 19:45:00,0,0
314,04/12/2015 , 20:00:00,0,0
315,04/12/2015 , 20:15:00,0,0
316,04/12/2015 , 20:30:00,0,0
317,04/12/2015 , 20:45:00,0,0
318,04/12/2015 , 21:00:00,0,0
319,04/12/2015 , 21:15:00,0,0
320,04/12/2015 , 21:30:00,0,0
321,04/12/2015 , 21:45:00,0,0
322,04/12/2015 , 22:00:00,0,0
323,04/12/2015 , 22:15:00,0,0
324,04/12/2015 , 22:30:00,0,0
325,04/12/2015 , 22:45:00,0,0
326,04/12/2015 , 23:00:00,0,0
327,04/12/2015 , 23:15:00,0,0
328,04/12/2015 , 23:30:00,0,0
329,04/12/2015 , 23:45:00,0,0
330,04/12/2015 , 24:00:00,0,0
331,05/12/2015 , 00:15:00,0,0
332,05/12/2015 , 00:30:00,0,0
333,05/12/2015 , 00:45:00,0,0
334,05/12/2015 , 01:00:00,0,0
335,05/12/2015 , 01:15:00,0,0
336,05/12/2015 , 01:30:00,0,0
337,05/12/2015 , 01:45:00,0,0
338,05/12/2015 , 02:00:00,0,0
339,05/12/2015 , 02:15:00,0,0
340,05/12/2015 , 02:30:00,0,0
341,05/12/2015 , 02:45:00,0,0
342,05/12/2015 , 03:00:00,0,0
343,05/12/2015 , 03:15:00,0,0
344,05/12/2015 , 03:30:00,0,0
345,05/12/2015 , 03:45:00,0,0
346,05/12/2015 , 04:00:00,0,0
347,05/12/2015 , 04:15:00,0,0
348,05/12/2015 , 04:30:00,0,0
349,05/12/2015 , 04:45:00,0,0
350,05/12/2015 , 05:00:00,0,0
351,05/12/2015 , 05:15:00,0,0
352,05/12/2015 , 05:30:00,0,0
353,05/12/2015 , 05:45:00,0,0
354,05/12/2015 , 06:00:00,0,0
355,05/12/2015 , 06:15:00,0,0
356,05/12/2015 , 06:30:00,0,0
357,05/12/2015 , 06:45:00,0,0
358,05/12/2015 , 07:00:00,8,8
359,05/12/2015 , 07:15:00,78,78
360,05/12/2015 , 07:30:00,168,168
361,05/12/2015 , 07:45:00,213,213
362,05/12/2015 , 08:00:00,570,570
363,05/12/2015 , 08:15:00,628,628
364,05/12/2015 , 08:30:00,855,855
365,05/12/2015 , 08:45:00,1116,1116
366,05/12/2015 , 09:00:00,1760,1760
367,05/12/2015 , 09:15:00,1379,1379
368,05/12/2015 , 09:30:00,1461,1461
369,05/12/2015 , 09:45:00,1197,1197
370,05/12/2015 , 10:00:00,2028,2028
371,05/12/2015 , 10:15:00,1967,1967
372,05/12/2015 , 10:30:00,1620,1620
373,05/12/2015 , 10:45:00,1672,1672
374,05/12/2015 , 11:00:00,2750,2750
375,05/12/2015 , 11:15:00,2779,2779
376,05/12/2015 , 11:30:00,2425,2425
377,05/12/2015 , 11:45:00,2861,2861
378,05/12/2015 , 12:00:00,3594,3594
379,05/12/2015 , 12:15:00,2745,2745
380,05/12/2015 , 12:30:00,4440,4440
381,05/12/2015 , 12:45:00,4818,4818
382,05/12/2015 , 13:00:00,2914,2914
383,05/12/2015 , 13:15:00,2389,2389
384,05/12/2015 , 13:30:00,1945,1945
385,05/12/2015 , 13:45:00,1821,1821
386,05/12/2015 , 14:00:00,1694,1694
387,05/12/2015 , 14:15:00,1204,1204
388,05/12/2015 , 14:30:00,1166,1166
389,05/12/2015 , 14:45:00,981,981
390,05/12/2015 , 15:00:00,914,914
391,05/12/2015 , 15:15:00,892,892
392,05/12/2015 , 15:30:00,867,867
393,05/12/2015 , 15:45:00,631,631
394,05/12/2015 , 16:00:00,541,541
395,05/12/2015 , 16:15:00,617,617
396,05/12/2015 , 16:30:00,501,501
397,05/12/2015 , 16:45:00,419,419
398,05/12/2015 , 17:00:00,277,277
399,05/12/2015 , 17:15:00,123,123
400,05/12/2015 , 17:30:00,94,94
401,05/12/2015 , 17:45:00,62,62
402,05/12/2015 , 18:00:00,12,12
403,05/12/2015 , 18:15:00,0,0
404,05/12/2015 , 18:30:00,0,0
405,05/12/2015 , 18:45:00,0,0
406,05/12/2015 , 19:00:00,0,0
407,05/12/2015 , 19:15:00,0,0
408,05/12/2015 , 19:30:00,0,0
409,05/12/2015 , 19:45:00,0,0
410,05/12/2015 , 20:00:00,0,0
411,05/12/2015 , 20:15:00,0,0
412,05/12/2015 , 20:30:00,0,0
413,05/12/2015 , 20:45:00,0,0
414,05/12/2015 , 21:00:00,0,0
415,05/12/2015 , 21:15:00,0,0
416,05/12/2015 , 21:30:00,0,0
417,05/12/2015 , 21:45:00,0,0
418,05/12/2015 , 22:00:00,0,0
419,05/12/2015 , 22:15:00,0,0
420,05/12/2015 , 22:30:00,0,0
421,05/12/2015 , 22:45:00,0,0
422,05/12/2015 , 23:00:00,0,0
423,05/12/2015 , 23:15:00,0,0
424,05/12/2015 , 23:30:00,0,0
425,05/12/2015 , 23:45:00,0,0
426,05/12/2015 , 24:00:00,0,0
427,06/12/2015 , 00:15:00,0,0
428,06/12/2015 , 00:30:00,0,0
429,06/12/2015 , 00:45:00,0,0
430,06/12/2015 , 01:00:00,0,0
431,06/12/2015 , 01:15:00,0,0
432,06/12/2015 , 01:30:00,0,0
433,06/12/2015 , 01:45:00,0,0
434,06/12/2015 , 02:00:00,0,0
435,06/12/2015 , 02:15:00,0,0
436,06/12/2015 , 02:30:00,0,0
437,06/12/2015 , 02:45:00,0,0
438,06/12/2015 , 03:00:00,0,0
439,06/12/2015 , 03:15:00,0,0
440,06/12/2015 , 03:30:00,0,0
441,06/12/2015 , 03:45:00,0,0
442,06/12/2015 , 04:00:00,0,0
443,06/12/2015 , 04:15:00,0,0
444,06/12/2015 , 04:30:00,0,0
445,06/12/2015 , 04:45:00,0,0
446,06/12/2015 , 05:00:00,0,0
447,06/12/2015 , 05:15:00,0,0
448,06/12/2015 , 05:30:00,0,0
449,06/12/2015 , 05:45:00,0,0
450,06/12/2015 , 06:00:00,0,0
451,06/12/2015 , 06:15:00,0,0
452,06/12/2015 , 06:30:00,0,0
453,06/12/2015 , 06:45:00,0,0
454,06/12/2015 , 07:00:00,8,8
455,06/12/2015 , 07:15:00,51,51
456,06/12/2015 , 07:30:00,135,135
457,06/12/2015 , 07:45:00,271,271
458,06/12/2015 , 08:00:00,290,290
459,06/12/2015 , 08:15:00,456,456
460,06/12/2015 , 08:30:00,680,680
461,06/12/2015 , 08:45:00,865,865
462,06/12/2015 , 09:00:00,1252,1252
463,06/12/2015 , 09:15:00,921,921
464,06/12/2015 , 09:30:00,973,973
465,06/12/2015 , 09:45:00,1736,1736
466,06/12/2015 , 10:00:00,2041,2041
467,06/12/2015 , 10:15:00,3292,3292
468,06/12/2015 , 10:30:00,4756,4756
469,06/12/2015 , 10:45:00,7050,7050
470,06/12/2015 , 11:00:00,8619,8619
471,06/12/2015 , 11:15:00,8157,8157
472,06/12/2015 , 11:30:00,6726,6726
473,06/12/2015 , 11:45:00,6928,6928
474,06/12/2015 , 12:00:00,6479,6479
475,06/12/2015 , 12:15:00,3455,3455
476,06/12/2015 , 12:30:00,3132,3132
477,06/12/2015 , 12:45:00,3402,3402
478,06/12/2015 , 13:00:00,2649,2649
479,06/12/2015 , 13:15:00,3393,3393
480,06/12/2015 , 13:30:00,3942,3942
481,06/12/2015 , 13:45:00,2347,2347
482,06/12/2015 , 14:00:00,2587,2587
483,06/12/2015 , 14:15:00,2825,2825
484,06/12/2015 , 14:30:00,2863,2863
485,06/12/2015 , 14:45:00,2416,2416
486,06/12/2015 , 15:00:00,2340,2340
487,06/12/2015 , 15:15:00,1774,1774
488,06/12/2015 , 15:30:00,1546,1546
489,06/12/2015 , 15:45:00,995,995
490,06/12/2015 , 16:00:00,568,568
491,06/12/2015 , 16:15:00,671,671
492,06/12/2015 , 16:30:00,544,544
493,06/12/2015 , 16:45:00,502,502
494,06/12/2015 , 17:00:00,503,503
495,06/12/2015 , 17:15:00,418,418
496,06/12/2015 , 17:30:00,121,121
497,06/12/2015 , 17:45:00,65,65
498,06/12/2015 , 18:00:00,19,19
499,06/12/2015 , 18:15:00,0,0
500,06/12/2015 , 18:30:00,0,0
501,06/12/2015 , 18:45:00,0,0
502,06/12/2015 , 19:00:00,0,0
503,06/12/2015 , 19:15:00,0,0
504,06/12/2015 , 19:30:00,0,0
505,06/12/2015 , 19:45:00,0,0
506,06/12/2015 , 20:00:00,0,0
507,06/12/2015 , 20:15:00,0,0
508,06/12/2015 , 20:30:00,0,0
509,06/12/2015 , 20:45:00,0,0
510,06/12/2015 , 21:00:00,0,0
511,06/12/2015 , 21:15:00,0,0
512,06/12/2015 , 21:30:00,0,0
513,06/12/2015 , 21:45:00,0,0
514,06/12/2015 , 22:00:00,0,0
515,06/12/2015 , 22:15:00,0,0
516,06/12/2015 , 22:30:00,0,0
517,06/12/2015 , 22:45:00,0,0
518,06/12/2015 , 23:00:00,0,0
519,06/12/2015 , 23:15:00,0,0
520,06/12/2015 , 23:30:00,0,0
521,06/12/2015 , 23:45:00,0,0
522,06/12/2015 , 24:00:00,0,0
523,07/12/2015 , 00:15:00,0,0
524,07/12/2015 , 00:30:00,0,0
525,07/12/2015 , 00:45:00,0,0
526,07/12/2015 , 01:00:00,0,0
527,07/12/2015 , 01:15:00,0,0
528,07/12/2015 , 01:30:00,0,0
529,07/12/2015 , 01:45:00,0,0
530,07/12/2015 , 02:00:00,0,0
531,07/12/2015 , 02:15:00,0,0
532,07/12/2015 , 02:30:00,0,0
533,07/12/2015 , 02:45:00,0,0
534,07/12/2015 , 03:00:00,0,0
535,07/12/2015 , 03:15:00,0,0
536,07/12/2015 , 03:30:00,0,0
537,07/12/2015 , 03:45:00,0,0
538,07/12/2015 , 04:00:00,0,0
539,07/12/2015 , 04:15:00,0,0
540,07/12/2015 , 04:30:00,0,0
541,07/12/2015 , 04:45:00,0,0
542,07/12/2015 , 05:00:00,0,0
543,07/12/2015 , 05:15:00,0,0
544,07/12/2015 , 05:30:00,0,0
545,07/12/2015 , 05:45:00,0,0
546,07/12/2015 , 06:00:00,0,0
547,07/12/2015 , 06:15:00,0,0
548,07/12/2015 , 06:30:00,0,0
549,07/12/2015 , 06:45:00,0,0
550,07/12/2015 , 07:00:00,11,11
551,07/12/2015 , 07:15:00,63,63
552,07/12/2015 , 07:30:00,188,188
553,07/12/2015 , 07:45:00,355,355
554,07/12/2015 , 08:00:00,474,474
555,07/12/2015 , 08:15:00,621,621
556,07/12/2015 , 08:30:00,755,755
557,07/12/2015 , 08:45:00,1016,1016
558,07/12/2015 , 09:00:00,1005,1005
559,07/12/2015 , 09:15:00,901,901
560,07/12/2015 , 09:30:00,864,864
561,07/12/2015 , 09:45:00,1430,1430
562,07/12/2015 , 10:00:00,1765,1765
563,07/12/2015 , 10:15:00,2162,2162
564,07/12/2015 , 10:30:00,3559,3559
565,07/12/2015 , 10:45:00,6597,6597
566,07/12/2015 , 11:00:00,7635,7635
567,07/12/2015 , 11:15:00,7550,7550
568,07/12/2015 , 11:30:00,6498,6498
569,07/12/2015 , 11:45:00,2900,2900
570,07/12/2015 , 12:00:00,4643,4643
571,07/12/2015 , 12:15:00,3568,3568
572,07/12/2015 , 12:30:00,3364,3364
573,07/12/2015 , 12:45:00,2715,2715
574,07/12/2015 , 13:00:00,2510,2510
575,07/12/2015 , 13:15:00,3015,3015
576,07/12/2015 , 13:30:00,3042,3042
577,07/12/2015 , 13:45:00,2741,2741
578,07/12/2015 , 14:00:00,2604,2604
579,07/12/2015 , 14:15:00,2647,2647
580,07/12/2015 , 14:30:00,1945,1945
581,07/12/2015 , 14:45:00,1111,1111
582,07/12/2015 , 15:00:00,1408,1408
583,07/12/2015 , 15:15:00,1416,1416
584,07/12/2015 , 15:30:00,815,815
585,07/12/2015 , 15:45:00,806,806
586,07/12/2015 , 16:00:00,603,603
587,07/12/2015 , 16:15:00,707,707
588,07/12/2015 , 16:30:00,538,538
589,07/12/2015 , 16:45:00,313,313
590,07/12/2015 , 17:00:00,232,232
591,07/12/2015 , 17:15:00,190,190
592,07/12/2015 , 17:30:00,142,142
593,07/12/2015 , 17:45:00,68,68
594,07/12/2015 , 18:00:00,19,19
595,07/12/2015 , 18:15:00,0,0
596,07/12/2015 , 18:30:00,0,0
597,07/12/2015 , 18:45:00,0,0
598,07/12/2015 , 19:00:00,0,0
599,07/12/2015 , 19:15:00,0,0
600,07/12/2015 , 19:30:00,0,0
601,07/12/2015 , 19:45:00,0,0
602,07/12/2015 , 20:00:00,0,0
603,07/12/2015 , 20:15:00,0,0
604,07/12/2015 , 20:30:00,0,0
605,07/12/2015 , 20:45:00,0,0
606,07/12/2015 , 21:00:00,0,0
607,07/12/2015 , 21:15:00,0,0
608,07/12/2015 , 21:30:00,0,0
609,07/12/2015 , 21:45:00,0,0
610,07/12/2015 , 22:00:00,0,0
611,07/12/2015 , 22:15:00,0,0
612,07/12/2015 , 22:30:00,0,0
613,07/12/2015 , 22:45:00,0,0
614,07/12/2015 , 23:00:00,0,0
615,07/12/2015 , 23:15:00,0,0
616,07/12/2015 , 23:30:00,0,0
617,07/12/2015 , 23:45:00,0,0
618,07/12/2015 , 24:00:00,0,0
619,08/12/2015 , 00:15:00,0,0
620,08/12/2015 , 00:30:00,0,0
621,08/12/2015 , 00:45:00,0,0
622,08/12/2015 , 01:00:00,0,0
623,08/12/2015 , 01:15:00,0,0
624,08/12/2015 , 01:30:00,0,0
625,08/12/2015 , 01:45:00,0,0
626,08/12/2015 , 02:00:00,0,0
627,08/12/2015 , 02:15:00,0,0
628,08/12/2015 , 02:30:00,0,0
629,08/12/2015 , 02:45:00,0,0
630,08/12/2015 , 03:00:00,0,0
631,08/12/2015 , 03:15:00,0,0
632,08/12/2015 , 03:30:00,0,0
633,08/12/2015 , 03:45:00,0,0
634,08/12/2015 , 04:00:00,0,0
635,08/12/2015 , 04:15:00,0,0
636,08/12/2015 , 04:30:00,0,0
637,08/12/2015 , 04:45:00,0,0
638,08/12/2015 , 05:00:00,0,0
639,08/12/2015 , 05:15:00,0,0
640,08/12/2015 , 05:30:00,0,0
641,08/12/2015 , 05:45:00,0,0
642,08/12/2015 , 06:00:00,0,0
643,08/12/2015 , 06:15:00,0,0
644,08/12/2015 , 06:30:00,0,0
645,08/12/2015 , 06:45:00,0,0
646,08/12/2015 , 07:00:00,4,4
647,08/12/2015 , 07:15:00,70,70
648,08/12/2015 , 07:30:00,151,151
649,08/12/2015 , 07:45:00,257,257
650,08/12/2015 , 08:00:00,572,572
651,08/12/2015 , 08:15:00,657,657
652,08/12/2015 , 08:30:00,616,616
653,08/12/2015 , 08:45:00,514,514
654,08/12/2015 , 09:00:00,1168,1168
655,08/12/2015 , 09:15:00,1855,1855
656,08/12/2015 , 09:30:00,1464,1464
657,08/12/2015 , 09:45:00,1059,1059
658,08/12/2015 , 10:00:00,1960,1960
659,08/12/2015 , 10:15:00,3934,3934
660,08/12/2015 , 10:30:00,6360,6360
661,08/12/2015 , 10:45:00,6170,6170
662,08/12/2015 , 11:00:00,4353,4353
663,08/12/2015 , 11:15:00,5857,5857
664,08/12/2015 , 11:30:00,5640,5640
665,08/12/2015 , 11:45:00,4121,4121
666,08/12/2015 , 12:00:00,4438,4438
667,08/12/2015 , 12:15:00,4194,4194
668,08/12/2015 , 12:30:00,3599,3599
669,08/12/2015 , 12:45:00,2967,2967
670,08/12/2015 , 13:00:00,2792,2792
671,08/12/2015 , 13:15:00,2821,2821
672,08/12/2015 , 13:30:00,2956,2956
673,08/12/2015 , 13:45:00,2943,2943
674,08/12/2015 , 14:00:00,2419,2419
675,08/12/2015 , 14:15:00,2555,2555
676,08/12/2015 , 14:30:00,2788,2788
677,08/12/2015 , 14:45:00,2016,2016
678,08/12/2015 , 15:00:00,1743,1743
679,08/12/2015 , 15:15:00,1711,1711
680,08/12/2015 , 15:30:00,1882,1882
681,08/12/2015 , 15:45:00,1406,1406
682,08/12/2015 , 16:00:00,1041,1041
683,08/12/2015 , 16:15:00,906,906
684,08/12/2015 , 16:30:00,892,892
685,08/12/2015 , 16:45:00,436,436
686,08/12/2015 , 17:00:00,361,361
687,08/12/2015 , 17:15:00,205,205
688,08/12/2015 , 17:30:00,145,145
689,08/12/2015 , 17:45:00,85,85
690,08/12/2015 , 18:00:00,19,19
691,08/12/2015 , 18:15:00,0,0
692,08/12/2015 , 18:30:00,0,0
693,08/12/2015 , 18:45:00,0,0
694,08/12/2015 , 19:00:00,0,0
695,08/12/2015 , 19:15:00,0,0
696,08/12/2015 , 19:30:00,0,0
697,08/12/2015 , 19:45:00,0,0
698,08/12/2015 , 20:00:00,0,0
699,08/12/2015 , 20:15:00,0,0
700,08/12/2015 , 20:30:00,0,0
701,08/12/2015 , 20:45:00,0,0
702,08/12/2015 , 21:00:00,0,0
703,08/12/2015 , 21:15:00,0,0
704,08/12/2015 , 21:30:00,0,0
705,08/12/2015 , 21:45:00,0,0
706,08/12/2015 , 22:00:00,0,0
707,08/12/2015 , 22:15:00,0,0
708,08/12/2015 , 22:30:00,0,0
709,08/12/2015 , 22:45:00,0,0
710,08/12/2015 , 23:00:00,0,0
711,08/12/2015 , 23:15:00,0,0
712,08/12/2015 , 23:30:00,0,0
713,08/12/2015 , 23:45:00,0,0
714,08/12/2015 , 24:00:00,0,0
715,09/12/2015 , 00:15:00,0,0
716,09/12/2015 , 00:30:00,0,0
717,09/12/2015 , 00:45:00,0,0
718,09/12/2015 , 01:00:00,0,0
719,09/12/2015 , 01:15:00,0,0
720,09/12/2015 , 01:30:00,0,0
721,09/12/2015 , 01:45:00,0,0
722,09/12/2015 , 02:00:00,0,0
723,09/12/2015 , 02:15:00,0,0
724,09/12/2015 , 02:30:00,0,0
725,09/12/2015 , 02:45:00,0,0
726,09/12/2015 , 03:00:00,0,0
727,09/12/2015 , 03:15:00,0,0
728,09/12/2015 , 03:30:00,0,0
729,09/12/2015 , 03:45:00,0,0
730,09/12/2015 , 04:00:00,0,0
731,09/12/2015 , 04:15:00,0,0
732,09/12/2015 , 04:30:00,0,0
733,09/12/2015 , 04:45:00,0,0
734,09/12/2015 , 05:00:00,0,0
735,09/12/2015 , 05:15:00,0,0
736,09/12/2015 , 05:30:00,0,0
737,09/12/2015 , 05:45:00,0,0
738,09/12/2015 , 06:00:00,0,0
739,09/12/2015 , 06:15:00,0,0
740,09/12/2015 , 06:30:00,0,0
741,09/12/2015 , 06:45:00,0,0
742,09/12/2015 , 07:00:00,8,8
743,09/12/2015 , 07:15:00,65,65
744,09/12/2015 , 07:30:00,185,185
745,09/12/2015 , 07:45:00,327,327
746,09/12/2015 , 08:00:00,449,449
747,09/12/2015 , 08:15:00,565,565
748,09/12/2015 , 08:30:00,882,882
749,09/12/2015 , 08:45:00,925,925
750,09/12/2015 , 09:00:00,1162,1162
751,09/12/2015 , 09:15:00,1451,1451
752,09/12/2015 , 09:30:00,1677,1677
753,09/12/2015 , 09:45:00,1911,1911
754,09/12/2015 , 10:00:00,2391,2391
755,09/12/2015 , 10:15:00,3156,3156
756,09/12/2015 , 10:30:00,3343,3343
757,09/12/2015 , 10:45:00,2803,2803
758,09/12/2015 , 11:00:00,2359,2359
759,09/12/2015 , 11:15:00,2898,2898
760,09/12/2015 , 11:30:00,3030,3030
761,09/12/2015 , 11:45:00,2482,2482
762,09/12/2015 , 12:00:00,2890,2890
763,09/12/2015 , 12:15:00,2865,2865
764,09/12/2015 , 12:30:00,2482,2482
765,09/12/2015 , 12:45:00,2236,2236
766,09/12/2015 , 13:00:00,1997,1997
767,09/12/2015 , 13:15:00,1404,1404
768,09/12/2015 , 13:30:00,1865,1865
769,09/12/2015 , 13:45:00,2324,2324
770,09/12/2015 , 14:00:00,2183,2183
771,09/12/2015 , 14:15:00,1734,1734
772,09/12/2015 , 14:30:00,2007,2007
773,09/12/2015 , 14:45:00,1955,1955
774,09/12/2015 , 15:00:00,1625,1625
775,09/12/2015 , 15:15:00,1151,1151
776,09/12/2015 , 15:30:00,1133,1133
777,09/12/2015 , 15:45:00,1118,1118
778,09/12/2015 , 16:00:00,451,451
779,09/12/2015 , 16:15:00,569,569
780,09/12/2015 , 16:30:00,522,522
781,09/12/2015 , 16:45:00,393,393
782,09/12/2015 , 17:00:00,373,373
783,09/12/2015 , 17:15:00,285,285
784,09/12/2015 , 17:30:00,128,128
785,09/12/2015 , 17:45:00,70,70
786,09/12/2015 , 18:00:00,17,17
787,09/12/2015 , 18:15:00,0,0
788,09/12/2015 , 18:30:00,0,0
789,09/12/2015 , 18:45:00,0,0
790,09/12/2015 , 19:00:00,0,0
791,09/12/2015 , 19:15:00,0,0
792,09/12/2015 , 19:30:00,0,0
793,09/12/2015 , 19:45:00,0,0
794,09/12/2015 , 20:00:00,0,0
795,09/12/2015 , 20:15:00,0,0
796,09/12/2015 , 20:30:00,0,0
797,09/12/2015 , 20:45:00,0,0
798,09/12/2015 , 21:00:00,0,0
799,09/12/2015 , 21:15:00,0,0
800,09/12/2015 , 21:30:00,0,0
801,09/12/2015 , 21:45:00,0,0
802,09/12/2015 , 22:00:00,0,0
803,09/12/2015 , 22:15:00,0,0
804,09/12/2015 , 22:30:00,0,0
805,09/12/2015 , 22:45:00,0,0
806,09/12/2015 , 23:00:00,0,0
807,09/12/2015 , 23:15:00,0,0
808,09/12/2015 , 23:30:00,0,0
809,09/12/2015 , 23:45:00,0,0
810,09/12/2015 , 24:00:00,0,0
811,10/12/2015 , 00:15:00,0,0
812,10/12/2015 , 00:30:00,0,0
813,10/12/2015 , 00:45:00,0,0
814,10/12/2015 , 01:00:00,0,0
815,10/12/2015 , 01:15:00,0,0
816,10/12/2015 , 01:30:00,0,0
817,10/12/2015 , 01:45:00,0,0
818,10/12/2015 , 02:00:00,0,0
819,10/12/2015 , 02:15:00,0,0
820,10/12/2015 , 02:30:00,0,0
821,10/12/2015 , 02:45:00,0,0
822,10/12/2015 , 03:00:00,0,0
823,10/12/2015 , 03:15:00,0,0
824,10/12/2015 , 03:30:00,0,0
825,10/12/2015 , 03:45:00,0,0
826,10/12/2015 , 04:00:00,0,0
827,10/12/2015 , 04:15:00,0,0
828,10/12/2015 , 04:30:00,0,0
829,10/12/2015 , 04:45:00,0,0
830,10/12/2015 , 05:00:00,0,0
831,10/12/2015 , 05:15:00,0,0
832,10/12/2015 , 05:30:00,0,0
833,10/12/2015 , 05:45:00,0,0
834,10/12/2015 , 06:00:00,0,0
835,10/12/2015 , 06:15:00,0,0
836,10/12/2015 , 06:30:00,0,0
837,10/12/2015 , 06:45:00,0,0
838,10/12/2015 , 07:00:00,5,5
839,10/12/2015 , 07:15:00,63,63
840,10/12/2015 , 07:30:00,176,176
841,10/12/2015 , 07:45:00,296,296
842,10/12/2015 , 08:00:00,549,549
843,10/12/2015 , 08:15:00,466,466
844,10/12/2015 , 08:30:00,749,749
845,10/12/2015 , 08:45:00,1027,1027
846,10/12/2015 , 09:00:00,1039,1039
847,10/12/2015 , 09:15:00,875,875
848,10/12/2015 , 09:30:00,1704,1704
849,10/12/2015 , 09:45:00,2419,2419
850,10/12/2015 , 10:00:00,3459,3459
851,10/12/2015 , 10:15:00,3512,3512
852,10/12/2015 , 10:30:00,6162,6162
853,10/12/2015 , 10:45:00,4009,4009
854,10/12/2015 , 11:00:00,3116,3116
855,10/12/2015 , 11:15:00,4352,4352
856,10/12/2015 , 11:30:00,3577,3577
857,10/12/2015 , 11:45:00,6026,6026
858,10/12/2015 , 12:00:00,4604,4604
859,10/12/2015 , 12:15:00,3033,3033
860,10/12/2015 , 12:30:00,2968,2968
861,10/12/2015 , 12:45:00,3140,3140
862,10/12/2015 , 13:00:00,2722,2722
863,10/12/2015 , 13:15:00,1743,1743
864,10/12/2015 , 13:30:00,1905,1905
865,10/12/2015 , 13:45:00,1310,1310
866,10/12/2015 , 14:00:00,1485,1485
867,10/12/2015 , 14:15:00,2135,2135
868,10/12/2015 , 14:30:00,1806,1806
869,10/12/2015 , 14:45:00,1175,1175
870,10/12/2015 , 15:00:00,1016,1016
871,10/12/2015 , 15:15:00,1388,1388
872,10/12/2015 , 15:30:00,557,557
873,10/12/2015 , 15:45:00,479,479
874,10/12/2015 , 16:00:00,459,459
875,10/12/2015 , 16:15:00,522,522
876,10/12/2015 , 16:30:00,479,479
877,10/12/2015 , 16:45:00,444,444
878,10/12/2015 , 17:00:00,249,249
879,10/12/2015 , 17:15:00,217,217
880,10/12/2015 , 17:30:00,116,116
881,10/12/2015 , 17:45:00,61,61
882,10/12/2015 , 18:00:00,15,15
883,10/12/2015 , 18:15:00,0,0
884,10/12/2015 , 18:30:00,0,0
885,10/12/2015 , 18:45:00,0,0
886,10/12/2015 , 19:00:00,0,0
887,10/12/2015 , 19:15:00,0,0
888,10/12/2015 , 19:30:00,0,0
889,10/12/2015 , 19:45:00,0,0
890,10/12/2015 , 20:00:00,0,0
891,10/12/2015 , 20:15:00,0,0
892,10/12/2015 , 20:30:00,0,0
893,10/12/2015 , 20:45:00,0,0
894,10/12/2015 , 21:00:00,0,0
895,10/12/2015 , 21:15:00,0,0
896,10/12/2015 , 21:30:00,0,0
897,10/12/2015 , 21:45:00,0,0
898,10/12/2015 , 22:00:00,0,0
899,10/12/2015 , 22:15:00,0,0
900,10/12/2015 , 22:30:00,0,0
901,10/12/2015 , 22:45:00,0,0
902,10/12/2015 , 23:00:00,0,0
903,10/12/2015 , 23:15:00,0,0
904,10/12/2015 , 23:30:00,0,0
905,10/12/2015 , 23:45:00,0,0
906,10/12/2015 , 24:00:00,0,0
907,11/12/2015 , 00:15:00,0,0
908,11/12/2015 , 00:30:00,0,0
909,11/12/2015 , 00:45:00,0,0
910,11/12/2015 , 01:00:00,0,0
911,11/12/2015 , 01:15:00,0,0
912,11/12/2015 , 01:30:00,0,0
913,11/12/2015 , 01:45:00,0,0
914,11/12/2015 , 02:00:00,0,0
915,11/12/2015 , 02:15:00,0,0
916,11/12/2015 , 02:30:00,0,0
917,11/12/2015 , 02:45:00,0,0
918,11/12/2015 , 03:00:00,0,0
919,11/12/2015 , 03:15:00,0,0
920,11/12/2015 , 03:30:00,0,0
921,11/12/2015 , 03:45:00,0,0
922,11/12/2015 , 04:00:00,0,0
923,11/12/2015 , 04:15:00,0,0
924,11/12/2015 , 04:30:00,0,0
925,11/12/2015 , 04:45:00,0,0
926,11/12/2015 , 05:00:00,0,0
927,11/12/2015 , 05:15:00,0,0
928,11/12/2015 , 05:30:00,0,0
929,11/12/2015 , 05:45:00,0,0
930,11/12/2015 , 06:00:00,0,0
931,11/12/2015 , 06:15:00,0,0
932,11/12/2015 , 06:30:00,0,0
933,11/12/2015 , 06:45:00,0,0
934,11/12/2015 , 07:00:00,5,5
935,11/12/2015 , 07:15:00,50,50
936,11/12/2015 , 07:30:00,156,156
937,11/12/2015 , 07:45:00,163,163
938,11/12/2015 , 08:00:00,323,323
939,11/12/2015 , 08:15:00,689,689
940,11/12/2015 , 08:30:00,879,879
941,11/12/2015 , 08:45:00,826,826
942,11/12/2015 , 09:00:00,1019,1019
943,11/12/2015 , 09:15:00,1202,1202
944,11/12/2015 , 09:30:00,1934,1934
945,11/12/2015 , 09:45:00,2013,2013
946,11/12/2015 , 10:00:00,2402,2402
947,11/12/2015 , 10:15:00,3344,3344
948,11/12/2015 , 10:30:00,3710,3710
949,11/12/2015 , 10:45:00,4504,4504
950,11/12/2015 , 11:00:00,5953,5953
951,11/12/2015 , 11:15:00,4484,4484
952,11/12/2015 , 11:30:00,5675,5675
953,11/12/2015 , 11:45:00,3074,3074
954,11/12/2015 , 12:00:00,5558,5558
955,11/12/2015 , 12:15:00,2935,2935
956,11/12/2015 , 12:30:00,2179,2179
957,11/12/2015 , 12:45:00,1462,1462
958,11/12/2015 , 13:00:00,1478,1478
959,11/12/2015 , 13:15:00,1467,1467
960,11/12/2015 , 13:30:00,1786,1786
961,11/12/2015 , 13:45:00,811,811
962,11/12/2015 , 14:00:00,679,679
963,11/12/2015 , 14:15:00,677,677
964,11/12/2015 , 14:30:00,961,961
965,11/12/2015 , 14:45:00,1632,1632
966,11/12/2015 , 15:00:00,642,642
967,11/12/2015 , 15:15:00,585,585
968,11/12/2015 , 15:30:00,607,607
969,11/12/2015 , 15:45:00,639,639
970,11/12/2015 , 16:00:00,601,601
971,11/12/2015 , 16:15:00,444,444
972,11/12/2015 , 16:30:00,1647,1647
973,11/12/2015 , 16:45:00,420,420
974,11/12/2015 , 17:00:00,536,536
975,11/12/2015 , 17:15:00,161,161
976,11/12/2015 , 17:30:00,251,251
977,11/12/2015 , 17:45:00,119,119
978,11/12/2015 , 18:00:00,16,16
979,11/12/2015 , 18:15:00,0,0
980,11/12/2015 , 18:30:00,0,0
981,11/12/2015 , 18:45:00,0,0
982,11/12/2015 , 19:00:00,0,0
983,11/12/2015 , 19:15:00,0,0
984,11/12/2015 , 19:30:00,0,0
985,11/12/2015 , 19:45:00,0,0
986,11/12/2015 , 20:00:00,0,0
987,11/12/2015 , 20:15:00,0,0
988,11/12/2015 , 20:30:00,0,0
989,11/12/2015 , 20:45:00,0,0
990,11/12/2015 , 21:00:00,0,0
991,11/12/2015 , 21:15:00,0,0
992,11/12/2015 , 21:30:00,0,0
993,11/12/2015 , 21:45:00,0,0
994,11/12/2015 , 22:00:00,0,0
995,11/12/2015 , 22:15:00,0,0
996,11/12/2015 , 22:30:00,0,0
997,11/12/2015 , 22:45:00,0,0
998,11/12/2015 , 23:00:00,0,0
999,11/12/2015 , 23:15:00,0,0
1000,11/12/2015 , 23:30:00,0,0
1001,11/12/2015 , 23:45:00,0,0
1002,11/12/2015 , 24:00:00,0,0
1003,12/12/2015 , 00:15:00,0,0
1004,12/12/2015 , 00:30:00,0,0
1005,12/12/2015 , 00:45:00,0,0
1006,12/12/2015 , 01:00:00,0,0
1007,12/12/2015 , 01:15:00,0,0
1008,12/12/2015 , 01:30:00,0,0
1009,12/12/2015 , 01:45:00,0,0
1010,12/12/2015 , 02:00:00,0,0
1011,12/12/2015 , 02:15:00,0,0
1012,12/12/2015 , 02:30:00,0,0
1013,12/12/2015 , 02:45:00,0,0
1014,12/12/2015 , 03:00:00,0,0
1015,12/12/2015 , 03:15:00,0,0
1016,12/12/2015 , 03:30:00,0,0
1017,12/12/2015 , 03:45:00,0,0
1018,12/12/2015 , 04:00:00,0,0
1019,12/12/2015 , 04:15:00,0,0
1020,12/12/2015 , 04:30:00,0,0
1021,12/12/2015 , 04:45:00,0,0
1022,12/12/2015 , 05:00:00,0,0
1023,12/12/2015 , 05:15:00,0,0
1024,12/12/2015 , 05:30:00,0,0
1025,12/12/2015 , 05:45:00,0,0
1026,12/12/2015 , 06:00:00,0,0
1027,12/12/2015 , 06:15:00,0,0
1028,12/12/2015 , 06:30:00,0,0
1029,12/12/2015 , 06:45:00,0,0
1030,12/12/2015 , 07:00:00,2,2
1031,12/12/2015 , 07:15:00,50,50
1032,12/12/2015 , 07:30:00,174,174
1033,12/12/2015 , 07:45:00,302,302
1034,12/12/2015 , 08:00:00,529,529
1035,12/12/2015 , 08:15:00,739,739
1036,12/12/2015 , 08:30:00,973,973
1037,12/12/2015 , 08:45:00,1206,1206
1038,12/12/2015 , 09:00:00,1321,1321
1039,12/12/2015 , 09:15:00,2162,2162
1040,12/12/2015 , 09:30:00,2288,2288
1041,12/12/2015 , 09:45:00,2712,2712
1042,12/12/2015 , 10:00:00,4412,4412
1043,12/12/2015 , 10:15:00,5002,5002
1044,12/12/2015 , 10:30:00,5752,5752
1045,12/12/2015 , 10:45:00,6196,6196
1046,12/12/2015 , 11:00:00,6974,6974
1047,12/12/2015 , 11:15:00,6790,6790
1048,12/12/2015 , 11:30:00,6044,6044
1049,12/12/2015 , 11:45:00,5845,5845
1050,12/12/2015 , 12:00:00,4193,4193
1051,12/12/2015 , 12:15:00,3442,3442
1052,12/12/2015 , 12:30:00,3182,3182
1053,12/12/2015 , 12:45:00,3191,3191
1054,12/12/2015 , 13:00:00,2593,2593
1055,12/12/2015 , 13:15:00,1491,1491
1056,12/12/2015 , 13:30:00,1364,1364
1057,12/12/2015 , 13:45:00,1737,1737
1058,12/12/2015 , 14:00:00,1185,1185
1059,12/12/2015 , 14:15:00,1067,1067
1060,12/12/2015 , 14:30:00,996,996
1061,12/12/2015 , 14:45:00,650,650
1062,12/12/2015 , 15:00:00,1188,1188
1063,12/12/2015 , 15:15:00,1070,1070
1064,12/12/2015 , 15:30:00,1133,1133
1065,12/12/2015 , 15:45:00,692,692
1066,12/12/2015 , 16:00:00,1145,1145
1067,12/12/2015 , 16:15:00,866,866
1068,12/12/2015 , 16:30:00,2268,2268
1069,12/12/2015 , 16:45:00,775,775
1070,12/12/2015 , 17:00:00,432,432
1071,12/12/2015 , 17:15:00,291,291
1072,12/12/2015 , 17:30:00,212,212
1073,12/12/2015 , 17:45:00,102,102
1074,12/12/2015 , 18:00:00,21,21
1075,12/12/2015 , 18:15:00,0,0
1076,12/12/2015 , 18:30:00,0,0
1077,12/12/2015 , 18:45:00,0,0
1078,12/12/2015 , 19:00:00,0,0
1079,12/12/2015 , 19:15:00,0,0
1080,12/12/2015 , 19:30:00,0,0
1081,12/12/2015 , 19:45:00,0,0
1082,12/12/2015 , 20:00:00,0,0
1083,12/12/2015 , 20:15:00,0,0
1084,12/12/2015 , 20:30:00,0,0
1085,12/12/2015 , 20:45:00,0,0
1086,12/12/2015 , 21:00:00,0,0
1087,12/12/2015 , 21:15:00,0,0
1088,12/12/2015 , 21:30:00,0,0
1089,12/12/2015 , 21:45:00,0,0
1090,12/12/2015 , 22:00:00,0,0
1091,12/12/2015 , 22:15:00,0,0
1092,12/12/2015 , 22:30:00,0,0
1093,12/12/2015 , 22:45:00,0,0
1094,12/12/2015 , 23:00:00,0,0
1095,12/12/2015 , 23:15:00,0,0
1096,12/12/2015 , 23:30:00,0,0
1097,12/12/2015 , 23:45:00,0,0
1098,12/12/2015 , 24:00:00,0,0
1099,13/12/2015 , 00:15:00,0,0
1100,13/12/2015 , 00:30:00,0,0
1101,13/12/2015 , 00:45:00,0,0
1102,13/12/2015 , 01:00:00,0,0
1103,13/12/2015 , 01:15:00,0,0
1104,13/12/2015 , 01:30:00,0,0
1105,13/12/2015 , 01:45:00,0,0
1106,13/12/2015 , 02:00:00,0,0
1107,13/12/2015 , 02:15:00,0,0
1108,13/12/2015 , 02:30:00,0,0
1109,13/12/2015 , 02:45:00,0,0
1110,13/12/2015 , 03:00:00,0,0
1111,13/12/2015 , 03:15:00,0,0
1112,13/12/2015 , 03:30:00,0,0
1113,13/12/2015 , 03:45:00,0,0
1114,13/12/2015 , 04:00:00,0,0
1115,13/12/2015 , 04:15:00,0,0
1116,13/12/2015 , 04:30:00,0,0
1117,13/12/2015 , 04:45:00,0,0
1118,13/12/2015 , 05:00:00,0,0
1119,13/12/2015 , 05:15:00,0,0
1120,13/12/2015 , 05:30:00,0,0
1121,13/12/2015 , 05:45:00,0,0
1122,13/12/2015 , 06:00:00,0,0
1123,13/12/2015 , 06:15:00,0,0
1124,13/12/2015 , 06:30:00,0,0
1125,13/12/2015 , 06:45:00,0,0
1126,13/12/2015 , 07:00:00,4,4
1127,13/12/2015 , 07:15:00,45,45
1128,13/12/2015 , 07:30:00,116,116
1129,13/12/2015 , 07:45:00,190,190
1130,13/12/2015 , 08:00:00,272,272
1131,13/12/2015 , 08:15:00,366,366
1132,13/12/2015 , 08:30:00,556,556
1133,13/12/2015 , 08:45:00,827,827
1134,13/12/2015 , 09:00:00,1189,1189
1135,13/12/2015 , 09:15:00,1807,1807
1136,13/12/2015 , 09:30:00,2155,2155
1137,13/12/2015 , 09:45:00,2630,2630
1138,13/12/2015 , 10:00:00,4265,4265
1139,13/12/2015 , 10:15:00,4981,4981
1140,13/12/2015 , 10:30:00,5710,5710
1141,13/12/2015 , 10:45:00,6183,6183
1142,13/12/2015 , 11:00:00,7012,7012
1143,13/12/2015 , 11:15:00,6898,6898
1144,13/12/2015 , 11:30:00,6170,6170
1145,13/12/2015 , 11:45:00,5735,5735
1146,13/12/2015 , 12:00:00,5222,5222
1147,13/12/2015 , 12:15:00,4302,4302
1148,13/12/2015 , 12:30:00,2788,2788
1149,13/12/2015 , 12:45:00,2500,2500
1150,13/12/2015 , 13:00:00,1379,1379
1151,13/12/2015 , 13:15:00,1915,1915
1152,13/12/2015 , 13:30:00,1774,1774
1153,13/12/2015 , 13:45:00,1719,1719
1154,13/12/2015 , 14:00:00,1601,1601
1155,13/12/2015 , 14:15:00,1160,1160
1156,13/12/2015 , 14:30:00,662,662
1157,13/12/2015 , 14:45:00,491,491
1158,13/12/2015 , 15:00:00,334,334
1159,13/12/2015 , 15:15:00,462,462
1160,13/12/2015 , 15:30:00,368,368
1161,13/12/2015 , 15:45:00,604,604
1162,13/12/2015 , 16:00:00,637,637
1163,13/12/2015 , 16:15:00,692,692
1164,13/12/2015 , 16:30:00,454,454
1165,13/12/2015 , 16:45:00,647,647
1166,13/12/2015 , 17:00:00,323,323
1167,13/12/2015 , 17:15:00,185,185
1168,13/12/2015 , 17:30:00,159,159
1169,13/12/2015 , 17:45:00,65,65
1170,13/12/2015 , 18:00:00,15,15
1171,13/12/2015 , 18:15:00,0,0
1172,13/12/2015 , 18:30:00,0,0
1173,13/12/2015 , 18:45:00,0,0
1174,13/12/2015 , 19:00:00,0,0
1175,13/12/2015 , 19:15:00,0,0
1176,13/12/2015 , 19:30:00,0,0
1177,13/12/2015 , 19:45:00,0,0
1178,13/12/2015 , 20:00:00,0,0
1179,13/12/2015 , 20:15:00,0,0
1180,13/12/2015 , 20:30:00,0,0
1181,13/12/2015 , 20:45:00,0,0
1182,13/12/2015 , 21:00:00,0,0
1183,13/12/2015 , 21:15:00,0,0
1184,13/12/2015 , 21:30:00,0,0
1185,13/12/2015 , 21:45:00,0,0
1186,13/12/2015 , 22:00:00,0,0
1187,13/12/2015 , 22:15:00,0,0
1188,13/12/2015 , 22:30:00,0,0
1189,13/12/2015 , 22:45:00,0,0
1190,13/12/2015 , 23:00:00,0,0
1191,13/12/2015 , 23:15:00,0,0
1192,13/12/2015 , 23:30:00,0,0
1193,13/12/2015 , 23:45:00,0,0
1194,13/12/2015 , 24:00:00,0,0
1195,14/12/2015 , 00:15:00,0,0
1196,14/12/2015 , 00:30:00,0,0
1197,14/12/2015 , 00:45:00,0,0
1198,14/12/2015 , 01:00:00,0,0
1199,14/12/2015 , 01:15:00,0,0
1200,14/12/2015 , 01:30:00,0,0
1201,14/12/2015 , 01:45:00,0,0
1202,14/12/2015 , 02:00:00,0,0
1203,14/12/2015 , 02:15:00,0,0
1204,14/12/2015 , 02:30:00,0,0
1205,14/12/2015 , 02:45:00,0,0
1206,14/12/2015 , 03:00:00,0,0
1207,14/12/2015 , 03:15:00,0,0
1208,14/12/2015 , 03:30:00,0,0
1209,14/12/2015 , 03:45:00,0,0
1210,14/12/2015 , 04:00:00,0,0
1211,14/12/2015 , 04:15:00,0,0
1212,14/12/2015 , 04:30:00,0,0
1213,14/12/2015 , 04:45:00,0,0
1214,14/12/2015 , 05:00:00,0,0
1215,14/12/2015 , 05:15:00,0,0
1216,14/12/2015 , 05:30:00,0,0
1217,14/12/2015 , 05:45:00,0,0
1218,14/12/2015 , 06:00:00,0,0
1219,14/12/2015 , 06:15:00,0,0
1220,14/12/2015 , 06:30:00,0,0
1221,14/12/2015 , 06:45:00,0,0
1222,14/12/2015 , 07:00:00,3,3
1223,14/12/2015 , 07:15:00,39,39
1224,14/12/2015 , 07:30:00,179,179
1225,14/12/2015 , 07:45:00,237,237
1226,14/12/2015 , 08:00:00,242,242
1227,14/12/2015 , 08:15:00,447,447
1228,14/12/2015 , 08:30:00,614,614
1229,14/12/2015 , 08:45:00,829,829
1230,14/12/2015 , 09:00:00,869,869
1231,14/12/2015 , 09:15:00,1245,1245
1232,14/12/2015 , 09:30:00,2229,2229
1233,14/12/2015 , 09:45:00,3102,3102
1234,14/12/2015 , 10:00:00,4191,4191
1235,14/12/2015 , 10:15:00,1533,1533
1236,14/12/2015 , 10:30:00,1233,1233
1237,14/12/2015 , 10:45:00,2714,2714
1238,14/12/2015 , 11:00:00,903,903
1239,14/12/2015 , 11:15:00,683,683
1240,14/12/2015 , 11:30:00,737,737
1241,14/12/2015 , 11:45:00,2266,2266
1242,14/12/2015 , 12:00:00,1607,1607
1243,14/12/2015 , 12:15:00,2363,2363
1244,14/12/2015 , 12:30:00,3466,3466
1245,14/12/2015 , 12:45:00,2804,2804
1246,14/12/2015 , 13:00:00,1944,1944
1247,14/12/2015 , 13:15:00,3969,3969
1248,14/12/2015 , 13:30:00,1441,1441
1249,14/12/2015 , 13:45:00,2070,2070
1250,14/12/2015 , 14:00:00,1098,1098
1251,14/12/2015 , 14:15:00,1988,1988
1252,14/12/2015 , 14:30:00,1888,1888
1253,14/12/2015 , 14:45:00,1441,1441
1254,14/12/2015 , 15:00:00,1461,1461
1255,14/12/2015 , 15:15:00,1623,1623
1256,14/12/2015 , 15:30:00,2116,2116
1257,14/12/2015 , 15:45:00,1446,1446
1258,14/12/2015 , 16:00:00,505,505
1259,14/12/2015 , 16:15:00,979,979
1260,14/12/2015 , 16:30:00,394,394
1261,14/12/2015 , 16:45:00,325,325
1262,14/12/2015 , 17:00:00,323,323
1263,14/12/2015 , 17:15:00,164,164
1264,14/12/2015 , 17:30:00,158,158
1265,14/12/2015 , 17:45:00,88,88
1266,14/12/2015 , 18:00:00,8,8
1267,14/12/2015 , 18:15:00,0,0
1268,14/12/2015 , 18:30:00,0,0
1269,14/12/2015 , 18:45:00,0,0
1270,14/12/2015 , 19:00:00,0,0
1271,14/12/2015 , 19:15:00,0,0
1272,14/12/2015 , 19:30:00,0,0
1273,14/12/2015 , 19:45:00,0,0
1274,14/12/2015 , 20:00:00,0,0
1275,14/12/2015 , 20:15:00,0,0
1276,14/12/2015 , 20:30:00,0,0
1277,14/12/2015 , 20:45:00,0,0
1278,14/12/2015 , 21:00:00,0,0
1279,14/12/2015 , 21:15:00,0,0
1280,14/12/2015 , 21:30:00,0,0
1281,14/12/2015 , 21:45:00,0,0
1282,14/12/2015 , 22:00:00,0,0
1283,14/12/2015 , 22:15:00,0,0
1284,14/12/2015 , 22:30:00,0,0
1285,14/12/2015 , 22:45:00,0,0
1286,14/12/2015 , 23:00:00,0,0
1287,14/12/2015 , 23:15:00,0,0
1288,14/12/2015 , 23:30:00,0,0
1289,14/12/2015 , 23:45:00,0,0
1290,14/12/2015 , 24:00:00,0,0
1291,15/12/2015 , 00:15:00,0,0
1292,15/12/2015 , 00:30:00,0,0
1293,15/12/2015 , 00:45:00,0,0
1294,15/12/2015 , 01:00:00,0,0
1295,15/12/2015 , 01:15:00,0,0
1296,15/12/2015 , 01:30:00,0,0
1297,15/12/2015 , 01:45:00,0,0
1298,15/12/2015 , 02:00:00,0,0
1299,15/12/2015 , 02:15:00,0,0
1300,15/12/2015 , 02:30:00,0,0
1301,15/12/2015 , 02:45:00,0,0
1302,15/12/2015 , 03:00:00,0,0
1303,15/12/2015 , 03:15:00,0,0
1304,15/12/2015 , 03:30:00,0,0
1305,15/12/2015 , 03:45:00,0,0
1306,15/12/2015 , 04:00:00,0,0
1307,15/12/2015 , 04:15:00,0,0
1308,15/12/2015 , 04:30:00,0,0
1309,15/12/2015 , 04:45:00,0,0
1310,15/12/2015 , 05:00:00,0,0
1311,15/12/2015 , 05:15:00,0,0
1312,15/12/2015 , 05:30:00,0,0
1313,15/12/2015 , 05:45:00,0,0
1314,15/12/2015 , 06:00:00,0,0
1315,15/12/2015 , 06:15:00,0,0
1316,15/12/2015 , 06:30:00,0,0
1317,15/12/2015 , 06:45:00,0,0
1318,15/12/2015 , 07:00:00,2,2
1319,15/12/2015 , 07:15:00,52,52
1320,15/12/2015 , 07:30:00,147,147
1321,15/12/2015 , 07:45:00,254,254
1322,15/12/2015 , 08:00:00,320,320
1323,15/12/2015 , 08:15:00,475,475
1324,15/12/2015 , 08:30:00,700,700
1325,15/12/2015 , 08:45:00,921,921
1326,15/12/2015 , 09:00:00,1206,1206
1327,15/12/2015 , 09:15:00,1807,1807
1328,15/12/2015 , 09:30:00,2196,2196
1329,15/12/2015 , 09:45:00,3251,3251
1330,15/12/2015 , 10:00:00,4754,4754
1331,15/12/2015 , 10:15:00,5215,5215
1332,15/12/2015 , 10:30:00,6142,6142
1333,15/12/2015 , 10:45:00,7224,7224
1334,15/12/2015 , 11:00:00,6727,6727
1335,15/12/2015 , 11:15:00,6299,6299
1336,15/12/2015 , 11:30:00,7474,7474
1337,15/12/2015 , 11:45:00,5869,5869
1338,15/12/2015 , 12:00:00,5304,5304
1339,15/12/2015 , 12:15:00,5238,5238
1340,15/12/2015 , 12:30:00,3936,3936
1341,15/12/2015 , 12:45:00,3714,3714
1342,15/12/2015 , 13:00:00,3215,3215
1343,15/12/2015 , 13:15:00,2653,2653
1344,15/12/2015 , 13:30:00,2787,2787
1345,15/12/2015 , 13:45:00,2546,2546
1346,15/12/2015 , 14:00:00,2053,2053
1347,15/12/2015 , 14:15:00,1322,1322
1348,15/12/2015 , 14:30:00,1742,1742
1349,15/12/2015 , 14:45:00,1230,1230
1350,15/12/2015 , 15:00:00,1308,1308
1351,15/12/2015 , 15:15:00,793,793
1352,15/12/2015 , 15:30:00,858,858
1353,15/12/2015 , 15:45:00,879,879
1354,15/12/2015 , 16:00:00,625,625
1355,15/12/2015 , 16:15:00,721,721
1356,15/12/2015 , 16:30:00,1746,1746
1357,15/12/2015 , 16:45:00,925,925
1358,15/12/2015 , 17:00:00,616,616
1359,15/12/2015 , 17:15:00,145,145
1360,15/12/2015 , 17:30:00,124,124
1361,15/12/2015 , 17:45:00,153,153
1362,15/12/2015 , 18:00:00,23,23
1363,15/12/2015 , 18:15:00,0,0
1364,15/12/2015 , 18:30:00,0,0
1365,15/12/2015 , 18:45:00,0,0
1366,15/12/2015 , 19:00:00,0,0
1367,15/12/2015 , 19:15:00,0,0
1368,15/12/2015 , 19:30:00,0,0
1369,15/12/2015 , 19:45:00,0,0
1370,15/12/2015 , 20:00:00,0,0
1371,15/12/2015 , 20:15:00,0,0
1372,15/12/2015 , 20:30:00,0,0
1373,15/12/2015 , 20:45:00,0,0
1374,15/12/2015 , 21:00:00,0,0
1375,15/12/2015 , 21:15:00,0,0
1376,15/12/2015 , 21:30:00,0,0
1377,15/12/2015 , 21:45:00,0,0
1378,15/12/2015 , 22:00:00,0,0
1379,15/12/2015 , 22:15:00,0,0
1380,15/12/2015 , 22:30:00,0,0
1381,15/12/2015 , 22:45:00,0,0
1382,15/12/2015 , 23:00:00,0,0
1383,15/12/2015 , 23:15:00,0,0
1384,15/12/2015 , 23:30:00,0,0
1385,15/12/2015 , 23:45:00,0,0
1386,15/12/2015 , 24:00:00,0,0
1387,16/12/2015 , 00:15:00,0,0
1388,16/12/2015 , 00:30:00,0,0
1389,16/12/2015 , 00:45:00,0,0
1390,16/12/2015 , 01:00:00,0,0
1391,16/12/2015 , 01:15:00,0,0
1392,16/12/2015 , 01:30:00,0,0
1393,16/12/2015 , 01:45:00,0,0
1394,16/12/2015 , 02:00:00,0,0
1395,16/12/2015 , 02:15:00,0,0
1396,16/12/2015 , 02:30:00,0,0
1397,16/12/2015 , 02:45:00,0,0
1398,16/12/2015 , 03:00:00,0,0
1399,16/12/2015 , 03:15:00,0,0
1400,16/12/2015 , 03:30:00,0,0
1401,16/12/2015 , 03:45:00,0,0
1402,16/12/2015 , 04:00:00,0,0
1403,16/12/2015 , 04:15:00,0,0
1404,16/12/2015 , 04:30:00,0,0
1405,16/12/2015 , 04:45:00,0,0
1406,16/12/2015 , 05:00:00,0,0
1407,16/12/2015 , 05:15:00,0,0
1408,16/12/2015 , 05:30:00,0,0
1409,16/12/2015 , 05:45:00,0,0
1410,16/12/2015 , 06:00:00,0,0
1411,16/12/2015 , 06:15:00,0,0
1412,16/12/2015 , 06:30:00,0,0
1413,16/12/2015 , 06:45:00,0,0
1414,16/12/2015 , 07:00:00,5,5
1415,16/12/2015 , 07:15:00,52,52
1416,16/12/2015 , 07:30:00,150,150
1417,16/12/2015 , 07:45:00,269,269
1418,16/12/2015 , 08:00:00,624,624
1419,16/12/2015 , 08:15:00,445,445
1420,16/12/2015 , 08:30:00,788,788
1421,16/12/2015 , 08:45:00,1597,1597
1422,16/12/2015 , 09:00:00,1799,1799
1423,16/12/2015 , 09:15:00,2768,2768
1424,16/12/2015 , 09:30:00,4007,4007
1425,16/12/2015 , 09:45:00,2490,2490
1426,16/12/2015 , 10:00:00,3645,3645
1427,16/12/2015 , 10:15:00,2505,2505
1428,16/12/2015 , 10:30:00,3181,3181
1429,16/12/2015 , 10:45:00,4498,4498
1430,16/12/2015 , 11:00:00,4058,4058
1431,16/12/2015 , 11:15:00,4113,4113
1432,16/12/2015 , 11:30:00,3378,3378
1433,16/12/2015 , 11:45:00,6496,6496
1434,16/12/2015 , 12:00:00,5833,5833
1435,16/12/2015 , 12:15:00,3793,3793
1436,16/12/2015 , 12:30:00,3721,3721
1437,16/12/2015 , 12:45:00,3139,3139
1438,16/12/2015 , 13:00:00,2988,2988
1439,16/12/2015 , 13:15:00,2670,2670
1440,16/12/2015 , 13:30:00,2286,2286
1441,16/12/2015 , 13:45:00,1976,1976
1442,16/12/2015 , 14:00:00,1806,1806
1443,16/12/2015 , 14:15:00,1689,1689
1444,16/12/2015 , 14:30:00,1954,1954
1445,16/12/2015 , 14:45:00,1603,1603
1446,16/12/2015 , 15:00:00,1403,1403
1447,16/12/2015 , 15:15:00,1539,1539
1448,16/12/2015 , 15:30:00,859,859
1449,16/12/2015 , 15:45:00,1338,1338
1450,16/12/2015 , 16:00:00,1099,1099
1451,16/12/2015 , 16:15:00,893,893
1452,16/12/2015 , 16:30:00,1535,1535
1453,16/12/2015 , 16:45:00,371,371
1454,16/12/2015 , 17:00:00,608,608
1455,16/12/2015 , 17:15:00,309,309
1456,16/12/2015 , 17:30:00,268,268
1457,16/12/2015 , 17:45:00,94,94
1458,16/12/2015 , 18:00:00,33,33
1459,16/12/2015 , 18:15:00,2,2
1460,16/12/2015 , 18:30:00,0,0
1461,16/12/2015 , 18:45:00,0,0
1462,16/12/2015 , 19:00:00,0,0
1463,16/12/2015 , 19:15:00,0,0
1464,16/12/2015 , 19:30:00,0,0
1465,16/12/2015 , 19:45:00,0,0
1466,16/12/2015 , 20:00:00,0,0
1467,16/12/2015 , 20:15:00,0,0
1468,16/12/2015 , 20:30:00,0,0
1469,16/12/2015 , 20:45:00,0,0
1470,16/12/2015 , 21:00:00,0,0
1471,16/12/2015 , 21:15:00,0,0
1472,16/12/2015 , 21:30:00,0,0
1473,16/12/2015 , 21:45:00,0,0
1474,16/12/2015 , 22:00:00,0,0
1475,16/12/2015 , 22:15:00,0,0
1476,16/12/2015 , 22:30:00,0,0
1477,16/12/2015 , 22:45:00,0,0
1478,16/12/2015 , 23:00:00,0,0
1479,16/12/2015 , 23:15:00,0,0
1480,16/12/2015 , 23:30:00,0,0
1481,16/12/2015 , 23:45:00,0,0
1482,16/12/2015 , 24:00:00,0,0
1483,17/12/2015 , 00:15:00,0,0
1484,17/12/2015 , 00:30:00,0,0
1485,17/12/2015 , 00:45:00,0,0
1486,17/12/2015 , 01:00:00,0,0
1487,17/12/2015 , 01:15:00,0,0
1488,17/12/2015 , 01:30:00,0,0
1489,17/12/2015 , 01:45:00,0,0
1490,17/12/2015 , 02:00:00,0,0
1491,17/12/2015 , 02:15:00,0,0
1492,17/12/2015 , 02:30:00,0,0
1493,17/12/2015 , 02:45:00,0,0
1494,17/12/2015 , 03:00:00,0,0
1495,17/12/2015 , 03:15:00,0,0
1496,17/12/2015 , 03:30:00,0,0
1497,17/12/2015 , 03:45:00,0,0
1498,17/12/2015 , 04:00:00,0,0
1499,17/12/2015 , 04:15:00,0,0
1500,17/12/2015 , 04:30:00,0,0
1501,17/12/2015 , 04:45:00,0,0
1502,17/12/2015 , 05:00:00,0,0
1503,17/12/2015 , 05:15:00,0,0
1504,17/12/2015 , 05:30:00,0,0
1505,17/12/2015 , 05:45:00,0,0
1506,17/12/2015 , 06:00:00,0,0
1507,17/12/2015 , 06:15:00,0,0
1508,17/12/2015 , 06:30:00,0,0
1509,17/12/2015 , 06:45:00,0,0
1510,17/12/2015 , 07:00:00,4,4
1511,17/12/2015 , 07:15:00,35,35
1512,17/12/2015 , 07:30:00,464,464
1513,17/12/2015 , 07:45:00,200,200
1514,17/12/2015 , 08:00:00,249,249
1515,17/12/2015 , 08:15:00,798,798
1516,17/12/2015 , 08:30:00,1054,1054
1517,17/12/2015 , 08:45:00,1117,1117
1518,17/12/2015 , 09:00:00,870,870
1519,17/12/2015 , 09:15:00,1450,1450
1520,17/12/2015 , 09:30:00,3612,3612
1521,17/12/2015 , 09:45:00,1413,1413
1522,17/12/2015 , 10:00:00,2631,2631
1523,17/12/2015 , 10:15:00,5080,5080
1524,17/12/2015 , 10:30:00,3262,3262
1525,17/12/2015 , 10:45:00,3129,3129
1526,17/12/2015 , 11:00:00,6240,6240
1527,17/12/2015 , 11:15:00,5440,5440
1528,17/12/2015 , 11:30:00,5190,5190
1529,17/12/2015 , 11:45:00,3166,3166
1530,17/12/2015 , 12:00:00,4206,4206
1531,17/12/2015 , 12:15:00,4072,4072
1532,17/12/2015 , 12:30:00,2703,2703
1533,17/12/2015 , 12:45:00,3249,3249
1534,17/12/2015 , 13:00:00,2815,2815
1535,17/12/2015 , 13:15:00,2913,2913
1536,17/12/2015 , 13:30:00,2288,2288
1537,17/12/2015 , 13:45:00,1901,1901
1538,17/12/2015 , 14:00:00,1577,1577
1539,17/12/2015 , 14:15:00,2216,2216
1540,17/12/2015 , 14:30:00,1466,1466
1541,17/12/2015 , 14:45:00,1349,1349
1542,17/12/2015 , 15:00:00,936,936
1543,17/12/2015 , 15:15:00,1031,1031
1544,17/12/2015 , 15:30:00,951,951
1545,17/12/2015 , 15:45:00,1091,1091
1546,17/12/2015 , 16:00:00,809,809
1547,17/12/2015 , 16:15:00,410,410
1548,17/12/2015 , 16:30:00,503,503
1549,17/12/2015 , 16:45:00,466,466
1550,17/12/2015 , 17:00:00,253,253
1551,17/12/2015 , 17:15:00,154,154
1552,17/12/2015 , 17:30:00,97,97
1553,17/12/2015 , 17:45:00,49,49
1554,17/12/2015 , 18:00:00,21,21
1555,17/12/2015 , 18:15:00,0,0
1556,17/12/2015 , 18:30:00,0,0
1557,17/12/2015 , 18:45:00,0,0
1558,17/12/2015 , 19:00:00,0,0
1559,17/12/2015 , 19:15:00,0,0
1560,17/12/2015 , 19:30:00,0,0
1561,17/12/2015 , 19:45:00,0,0
1562,17/12/2015 , 20:00:00,0,0
1563,17/12/2015 , 20:15:00,0,0
1564,17/12/2015 , 20:30:00,0,0
1565,17/12/2015 , 20:45:00,0,0
1566,17/12/2015 , 21:00:00,0,0
1567,17/12/2015 , 21:15:00,0,0
1568,17/12/2015 , 21:30:00,0,0
1569,17/12/2015 , 21:45:00,0,0
1570,17/12/2015 , 22:00:00,0,0
1571,17/12/2015 , 22:15:00,0,0
1572,17/12/2015 , 22:30:00,0,0
1573,17/12/2015 , 22:45:00,0,0
1574,17/12/2015 , 23:00:00,0,0
1575,17/12/2015 , 23:15:00,0,0
1576,17/12/2015 , 23:30:00,0,0
1577,17/12/2015 , 23:45:00,0,0
1578,17/12/2015 , 24:00:00,0,0
1579,18/12/2015 , 00:15:00,0,0
1580,18/12/2015 , 00:30:00,0,0
1581,18/12/2015 , 00:45:00,0,0
1582,18/12/2015 , 01:00:00,0,0
1583,18/12/2015 , 01:15:00,0,0
1584,18/12/2015 , 01:30:00,0,0
1585,18/12/2015 , 01:45:00,0,0
1586,18/12/2015 , 02:00:00,0,0
1587,18/12/2015 , 02:15:00,0,0
1588,18/12/2015 , 02:30:00,0,0
1589,18/12/2015 , 02:45:00,0,0
1590,18/12/2015 , 03:00:00,0,0
1591,18/12/2015 , 03:15:00,0,0
1592,18/12/2015 , 03:30:00,0,0
1593,18/12/2015 , 03:45:00,0,0
1594,18/12/2015 , 04:00:00,0,0
1595,18/12/2015 , 04:15:00,0,0
1596,18/12/2015 , 04:30:00,0,0
1597,18/12/2015 , 04:45:00,0,0
1598,18/12/2015 , 05:00:00,0,0
1599,18/12/2015 , 05:15:00,0,0
1600,18/12/2015 , 05:30:00,0,0
1601,18/12/2015 , 05:45:00,0,0
1602,18/12/2015 , 06:00:00,0,0
1603,18/12/2015 , 06:15:00,0,0
1604,18/12/2015 , 06:30:00,0,0
1605,18/12/2015 , 06:45:00,0,0
1606,18/12/2015 , 07:00:00,1,1
1607,18/12/2015 , 07:15:00,36,36
1608,18/12/2015 , 07:30:00,162,162
1609,18/12/2015 , 07:45:00,318,318
1610,18/12/2015 , 08:00:00,404,404
1611,18/12/2015 , 08:15:00,675,675
1612,18/12/2015 , 08:30:00,1008,1008
1613,18/12/2015 , 08:45:00,1031,1031
1614,18/12/2015 , 09:00:00,1205,1205
1615,18/12/2015 , 09:15:00,1291,1291
1616,18/12/2015 , 09:30:00,1754,1754
1617,18/12/2015 , 09:45:00,831,831
1618,18/12/2015 , 10:00:00,833,833
1619,18/12/2015 , 10:15:00,2635,2635
1620,18/12/2015 , 10:30:00,1934,1934
1621,18/12/2015 , 10:45:00,1641,1641
1622,18/12/2015 , 11:00:00,2975,2975
1623,18/12/2015 , 11:15:00,3780,3780
1624,18/12/2015 , 11:30:00,4025,4025
1625,18/12/2015 , 11:45:00,4626,4626
1626,18/12/2015 , 12:00:00,4196,4196
1627,18/12/2015 , 12:15:00,3433,3433
1628,18/12/2015 , 12:30:00,3550,3550
1629,18/12/2015 , 12:45:00,3209,3209
1630,18/12/2015 , 13:00:00,3850,3850
1631,18/12/2015 , 13:15:00,3148,3148
1632,18/12/2015 , 13:30:00,2731,2731
1633,18/12/2015 , 13:45:00,2736,2736
1634,18/12/2015 , 14:00:00,2953,2953
1635,18/12/2015 , 14:15:00,2448,2448
1636,18/12/2015 , 14:30:00,812,812
1637,18/12/2015 , 14:45:00,873,873
1638,18/12/2015 , 15:00:00,752,752
1639,18/12/2015 , 15:15:00,574,574
1640,18/12/2015 , 15:30:00,434,434
1641,18/12/2015 , 15:45:00,327,327
1642,18/12/2015 , 16:00:00,678,678
1643,18/12/2015 , 16:15:00,1400,1400
1644,18/12/2015 , 16:30:00,1162,1162
1645,18/12/2015 , 16:45:00,1399,1399
1646,18/12/2015 , 17:00:00,1137,1137
1647,18/12/2015 , 17:15:00,671,671
1648,18/12/2015 , 17:30:00,342,342
1649,18/12/2015 , 17:45:00,162,162
1650,18/12/2015 , 18:00:00,60,60
1651,18/12/2015 , 18:15:00,31,31
1652,18/12/2015 , 18:30:00,30,30
1653,18/12/2015 , 18:45:00,29,29
1654,18/12/2015 , 19:00:00,31,31
1655,18/12/2015 , 19:15:00,30,30
1656,18/12/2015 , 19:30:00,31,31
1657,18/12/2015 , 19:45:00,30,30
1658,18/12/2015 , 20:00:00,31,31
1659,18/12/2015 , 20:15:00,30,30
1660,18/12/2015 , 20:30:00,30,30
1661,18/12/2015 , 20:45:00,30,30
1662,18/12/2015 , 21:00:00,30,30
1663,18/12/2015 , 21:15:00,30,30
1664,18/12/2015 , 21:30:00,31,31
1665,18/12/2015 , 21:45:00,30,30
1666,18/12/2015 , 22:00:00,30,30
1667,18/12/2015 , 22:15:00,30,30
1668,18/12/2015 , 22:30:00,30,30
1669,18/12/2015 , 22:45:00,30,30
1670,18/12/2015 , 23:00:00,30,30
1671,18/12/2015 , 23:15:00,30,30
1672,18/12/2015 , 23:30:00,31,31
1673,18/12/2015 , 23:45:00,31,31
1674,18/12/2015 , 24:00:00,30,30
1675,19/12/2015 , 00:15:00,31,31
1676,19/12/2015 , 00:30:00,30,30
1677,19/12/2015 , 00:45:00,30,30
1678,19/12/2015 , 01:00:00,30,30
1679,19/12/2015 , 01:15:00,31,31
1680,19/12/2015 , 01:30:00,30,30
1681,19/12/2015 , 01:45:00,31,31
1682,19/12/2015 , 02:00:00,32,32
1683,19/12/2015 , 02:15:00,30,30
1684,19/12/2015 , 02:30:00,31,31
1685,19/12/2015 , 02:45:00,31,31
1686,19/12/2015 , 03:00:00,31,31
1687,19/12/2015 , 03:15:00,31,31
1688,19/12/2015 , 03:30:00,30,30
1689,19/12/2015 , 03:45:00,31,31
1690,19/12/2015 , 04:00:00,31,31
1691,19/12/2015 , 04:15:00,30,30
1692,19/12/2015 , 04:30:00,31,31
1693,19/12/2015 , 04:45:00,30,30
1694,19/12/2015 , 05:00:00,31,31
1695,19/12/2015 , 05:15:00,30,30
1696,19/12/2015 , 05:30:00,31,31
1697,19/12/2015 , 05:45:00,30,30
1698,19/12/2015 , 06:00:00,31,31
1699,19/12/2015 , 06:15:00,30,30
1700,19/12/2015 , 06:30:00,31,31
1701,19/12/2015 , 06:45:00,30,30
1702,19/12/2015 , 07:00:00,36,36
1703,19/12/2015 , 07:15:00,76,76
1704,19/12/2015 , 07:30:00,240,240
1705,19/12/2015 , 07:45:00,332,332
1706,19/12/2015 , 08:00:00,694,694
1707,19/12/2015 , 08:15:00,708,708
1708,19/12/2015 , 08:30:00,735,735
1709,19/12/2015 , 08:45:00,576,576
1710,19/12/2015 , 09:00:00,668,668
1711,19/12/2015 , 09:15:00,3093,3093
1712,19/12/2015 , 09:30:00,3940,3940
1713,19/12/2015 , 09:45:00,3483,3483
1714,19/12/2015 , 10:00:00,3701,3701
1715,19/12/2015 , 10:15:00,4485,4485
1716,19/12/2015 , 10:30:00,3380,3380
1717,19/12/2015 , 10:45:00,5719,5719
1718,19/12/2015 , 11:00:00,2804,2804
1719,19/12/2015 , 11:15:00,5255,5255
1720,19/12/2015 , 11:30:00,7567,7567
1721,19/12/2015 , 11:45:00,5982,5982
1722,19/12/2015 , 12:00:00,4668,4668
1723,19/12/2015 , 12:15:00,7553,7553
1724,19/12/2015 , 12:30:00,8001,8001
1725,19/12/2015 , 12:45:00,7244,7244
1726,19/12/2015 , 13:00:00,6436,6436
1727,19/12/2015 , 13:15:00,4362,4362
1728,19/12/2015 , 13:30:00,2943,2943
1729,19/12/2015 , 13:45:00,2740,2740
1730,19/12/2015 , 14:00:00,1516,1516
1731,19/12/2015 , 14:15:00,2011,2011
1732,19/12/2015 , 14:30:00,2684,2684
1733,19/12/2015 , 14:45:00,2514,2514
1734,19/12/2015 , 15:00:00,3015,3015
1735,19/12/2015 , 15:15:00,2827,2827
1736,19/12/2015 , 15:30:00,2291,2291
1737,19/12/2015 , 15:45:00,1615,1615
1738,19/12/2015 , 16:00:00,1186,1186
1739,19/12/2015 , 16:15:00,1037,1037
1740,19/12/2015 , 16:30:00,1000,1000
1741,19/12/2015 , 16:45:00,725,725
1742,19/12/2015 , 17:00:00,445,445
1743,19/12/2015 , 17:15:00,593,593
1744,19/12/2015 , 17:30:00,389,389
1745,19/12/2015 , 17:45:00,223,223
1746,19/12/2015 , 18:00:00,117,117
1747,19/12/2015 , 18:15:00,44,44
1748,19/12/2015 , 18:30:00,34,34
1749,19/12/2015 , 18:45:00,35,35
1750,19/12/2015 , 19:00:00,35,35
1751,19/12/2015 , 19:15:00,35,35
1752,19/12/2015 , 19:30:00,35,35
1753,19/12/2015 , 19:45:00,34,34
1754,19/12/2015 , 20:00:00,34,34
1755,19/12/2015 , 20:15:00,35,35
1756,19/12/2015 , 20:30:00,35,35
1757,19/12/2015 , 20:45:00,35,35
1758,19/12/2015 , 21:00:00,34,34
1759,19/12/2015 , 21:15:00,35,35
1760,19/12/2015 , 21:30:00,34,34
1761,19/12/2015 , 21:45:00,35,35
1762,19/12/2015 , 22:00:00,35,35
1763,19/12/2015 , 22:15:00,35,35
1764,19/12/2015 , 22:30:00,35,35
1765,19/12/2015 , 22:45:00,33,33
1766,19/12/2015 , 23:00:00,34,34
1767,19/12/2015 , 23:15:00,35,35
1768,19/12/2015 , 23:30:00,33,33
1769,19/12/2015 , 23:45:00,34,34
1770,19/12/2015 , 24:00:00,35,35
1771,20/12/2015 , 00:15:00,35,35
1772,20/12/2015 , 00:30:00,34,34
1773,20/12/2015 , 00:45:00,34,34
1774,20/12/2015 , 01:00:00,34,34
1775,20/12/2015 , 01:15:00,34,34
1776,20/12/2015 , 01:30:00,35,35
1777,20/12/2015 , 01:45:00,35,35
1778,20/12/2015 , 02:00:00,35,35
1779,20/12/2015 , 02:15:00,35,35
1780,20/12/2015 , 02:30:00,35,35
1781,20/12/2015 , 02:45:00,35,35
1782,20/12/2015 , 03:00:00,36,36
1783,20/12/2015 , 03:15:00,35,35
1784,20/12/2015 , 03:30:00,34,34
1785,20/12/2015 , 03:45:00,35,35
1786,20/12/2015 , 04:00:00,35,35
1787,20/12/2015 , 04:15:00,34,34
1788,20/12/2015 , 04:30:00,35,35
1789,20/12/2015 , 04:45:00,34,34
1790,20/12/2015 , 05:00:00,34,34
1791,20/12/2015 , 05:15:00,35,35
1792,20/12/2015 , 05:30:00,34,34
1793,20/12/2015 , 05:45:00,35,35
1794,20/12/2015 , 06:00:00,35,35
1795,20/12/2015 , 06:15:00,34,34
1796,20/12/2015 , 06:30:00,34,34
1797,20/12/2015 , 06:45:00,35,35
1798,20/12/2015 , 07:00:00,41,41
1799,20/12/2015 , 07:15:00,96,96
1800,20/12/2015 , 07:30:00,330,330
1801,20/12/2015 , 07:45:00,630,630
1802,20/12/2015 , 08:00:00,526,526
1803,20/12/2015 , 08:15:00,884,884
1804,20/12/2015 , 08:30:00,845,845
1805,20/12/2015 , 08:45:00,1019,1019
1806,20/12/2015 , 09:00:00,532,532
1807,20/12/2015 , 09:15:00,2074,2074
1808,20/12/2015 , 09:30:00,1860,1860
1809,20/12/2015 , 09:45:00,1286,1286
1810,20/12/2015 , 10:00:00,1335,1335
1811,20/12/2015 , 10:15:00,2358,2358
1812,20/12/2015 , 10:30:00,1715,1715
1813,20/12/2015 , 10:45:00,1247,1247
1814,20/12/2015 , 11:00:00,1557,1557
1815,20/12/2015 , 11:15:00,2706,2706
1816,20/12/2015 , 11:30:00,5369,5369
1817,20/12/2015 , 11:45:00,3908,3908
1818,20/12/2015 , 12:00:00,6700,6700
1819,20/12/2015 , 12:15:00,9590,9590
1820,20/12/2015 , 12:30:00,8601,8601
1821,20/12/2015 , 12:45:00,7842,7842
1822,20/12/2015 , 13:00:00,8324,8324
1823,20/12/2015 , 13:15:00,6541,6541
1824,20/12/2015 , 13:30:00,5667,5667
1825,20/12/2015 , 13:45:00,6173,6173
1826,20/12/2015 , 14:00:00,2736,2736
1827,20/12/2015 , 14:15:00,4999,4999
1828,20/12/2015 , 14:30:00,4504,4504
1829,20/12/2015 , 14:45:00,2763,2763
1830,20/12/2015 , 15:00:00,1860,1860
1831,20/12/2015 , 15:15:00,1239,1239
1832,20/12/2015 , 15:30:00,1615,1615
1833,20/12/2015 , 15:45:00,1379,1379
1834,20/12/2015 , 16:00:00,998,998
1835,20/12/2015 , 16:15:00,932,932
1836,20/12/2015 , 16:30:00,1108,1108
1837,20/12/2015 , 16:45:00,514,514
1838,20/12/2015 , 17:00:00,367,367
1839,20/12/2015 , 17:15:00,314,314
1840,20/12/2015 , 17:30:00,199,199
1841,20/12/2015 , 17:45:00,139,139
1842,20/12/2015 , 18:00:00,67,67
1843,20/12/2015 , 18:15:00,32,32
1844,20/12/2015 , 18:30:00,29,29
1845,20/12/2015 , 18:45:00,29,29
1846,20/12/2015 , 19:00:00,29,29
1847,20/12/2015 , 19:15:00,29,29
1848,20/12/2015 , 19:30:00,30,30
1849,20/12/2015 , 19:45:00,30,30
1850,20/12/2015 , 20:00:00,33,33
1851,20/12/2015 , 20:15:00,34,34
1852,20/12/2015 , 20:30:00,34,34
1853,20/12/2015 , 20:45:00,35,35
1854,20/12/2015 , 21:00:00,34,34
1855,20/12/2015 , 21:15:00,34,34
1856,20/12/2015 , 21:30:00,34,34
1857,20/12/2015 , 21:45:00,35,35
1858,20/12/2015 , 22:00:00,34,34
1859,20/12/2015 , 22:15:00,35,35
1860,20/12/2015 , 22:30:00,35,35
1861,20/12/2015 , 22:45:00,35,35
1862,20/12/2015 , 23:00:00,36,36
1863,20/12/2015 , 23:15:00,35,35
1864,20/12/2015 , 23:30:00,35,35
1865,20/12/2015 , 23:45:00,35,35
1866,20/12/2015 , 24:00:00,35,35
1867,21/12/2015 , 00:15:00,35,35
1868,21/12/2015 , 00:30:00,34,34
1869,21/12/2015 , 00:45:00,34,34
1870,21/12/2015 , 01:00:00,35,35
1871,21/12/2015 , 01:15:00,34,34
1872,21/12/2015 , 01:30:00,35,35
1873,21/12/2015 , 01:45:00,35,35
1874,21/12/2015 , 02:00:00,34,34
1875,21/12/2015 , 02:15:00,35,35
1876,21/12/2015 , 02:30:00,35,35
1877,21/12/2015 , 02:45:00,35,35
1878,21/12/2015 , 03:00:00,35,35
1879,21/12/2015 , 03:15:00,35,35
1880,21/12/2015 , 03:30:00,35,35
1881,21/12/2015 , 03:45:00,35,35
1882,21/12/2015 , 04:00:00,35,35
1883,21/12/2015 , 04:15:00,34,34
1884,21/12/2015 , 04:30:00,35,35
1885,21/12/2015 , 04:45:00,35,35
1886,21/12/2015 , 05:00:00,34,34
1887,21/12/2015 , 05:15:00,34,34
1888,21/12/2015 , 05:30:00,35,35
1889,21/12/2015 , 05:45:00,34,34
1890,21/12/2015 , 06:00:00,35,35
1891,21/12/2015 , 06:15:00,34,34
1892,21/12/2015 , 06:30:00,35,35
1893,21/12/2015 , 06:45:00,35,35
1894,21/12/2015 , 07:00:00,41,41
1895,21/12/2015 , 07:15:00,108,108
1896,21/12/2015 , 07:30:00,290,290
1897,21/12/2015 , 07:45:00,661,661
1898,21/12/2015 , 08:00:00,845,845
1899,21/12/2015 , 08:15:00,1140,1140
1900,21/12/2015 , 08:30:00,1238,1238
1901,21/12/2015 , 08:45:00,1303,1303
1902,21/12/2015 , 09:00:00,1690,1690
1903,21/12/2015 , 09:15:00,2810,2810
1904,21/12/2015 , 09:30:00,3174,3174
1905,21/12/2015 , 09:45:00,2502,2502
1906,21/12/2015 , 10:00:00,3789,3789
1907,21/12/2015 , 10:15:00,6604,6604
1908,21/12/2015 , 10:30:00,6319,6319
1909,21/12/2015 , 10:45:00,6097,6097
1910,21/12/2015 , 11:00:00,8801,8801
1911,21/12/2015 , 11:15:00,6195,6195
1912,21/12/2015 , 11:30:00,6057,6057
1913,21/12/2015 , 11:45:00,8390,8390
1914,21/12/2015 , 12:00:00,9305,9305
1915,21/12/2015 , 12:15:00,4701,4701
1916,21/12/2015 , 12:30:00,7349,7349
1917,21/12/2015 , 12:45:00,6606,6606
1918,21/12/2015 , 13:00:00,4683,4683
1919,21/12/2015 , 13:15:00,4819,4819
1920,21/12/2015 , 13:30:00,3637,3637
1921,21/12/2015 , 13:45:00,3371,3371
1922,21/12/2015 , 14:00:00,3697,3697
1923,21/12/2015 , 14:15:00,3213,3213
1924,21/12/2015 , 14:30:00,4618,4618
1925,21/12/2015 , 14:45:00,4026,4026
1926,21/12/2015 , 15:00:00,2287,2287
1927,21/12/2015 , 15:15:00,2382,2382
1928,21/12/2015 , 15:30:00,2360,2360
1929,21/12/2015 , 15:45:00,1414,1414
1930,21/12/2015 , 16:00:00,1270,1270
1931,21/12/2015 , 16:15:00,1294,1294
1932,21/12/2015 , 16:30:00,825,825
1933,21/12/2015 , 16:45:00,691,691
1934,21/12/2015 , 17:00:00,662,662
1935,21/12/2015 , 17:15:00,338,338
1936,21/12/2015 , 17:30:00,266,266
1937,21/12/2015 , 17:45:00,155,155
1938,21/12/2015 , 18:00:00,84,84
1939,21/12/2015 , 18:15:00,43,43
1940,21/12/2015 , 18:30:00,36,36
1941,21/12/2015 , 18:45:00,35,35
1942,21/12/2015 , 19:00:00,36,36
1943,21/12/2015 , 19:15:00,35,35
1944,21/12/2015 , 19:30:00,35,35
1945,21/12/2015 , 19:45:00,35,35
1946,21/12/2015 , 20:00:00,35,35
1947,21/12/2015 , 20:15:00,36,36
1948,21/12/2015 , 20:30:00,35,35
1949,21/12/2015 , 20:45:00,36,36
1950,21/12/2015 , 21:00:00,35,35
1951,21/12/2015 , 21:15:00,36,36
1952,21/12/2015 , 21:30:00,35,35
1953,21/12/2015 , 21:45:00,36,36
1954,21/12/2015 , 22:00:00,35,35
1955,21/12/2015 , 22:15:00,36,36
1956,21/12/2015 , 22:30:00,35,35
1957,21/12/2015 , 22:45:00,36,36
1958,21/12/2015 , 23:00:00,35,35
1959,21/12/2015 , 23:15:00,36,36
1960,21/12/2015 , 23:30:00,36,36
1961,21/12/2015 , 23:45:00,35,35
1962,21/12/2015 , 24:00:00,36,36
1963,22/12/2015 , 00:15:00,35,35
1964,22/12/2015 , 00:30:00,36,36
1965,22/12/2015 , 00:45:00,36,36
1966,22/12/2015 , 01:00:00,36,36
1967,22/12/2015 , 01:15:00,36,36
1968,22/12/2015 , 01:30:00,35,35
1969,22/12/2015 , 01:45:00,36,36
1970,22/12/2015 , 02:00:00,36,36
1971,22/12/2015 , 02:15:00,36,36
1972,22/12/2015 , 02:30:00,36,36
1973,22/12/2015 , 02:45:00,36,36
1974,22/12/2015 , 03:00:00,36,36
1975,22/12/2015 , 03:15:00,36,36
1976,22/12/2015 , 03:30:00,36,36
1977,22/12/2015 , 03:45:00,36,36
1978,22/12/2015 , 04:00:00,36,36
1979,22/12/2015 , 04:15:00,36,36
1980,22/12/2015 , 04:30:00,36,36
1981,22/12/2015 , 04:45:00,36,36
1982,22/12/2015 , 05:00:00,35,35
1983,22/12/2015 , 05:15:00,36,36
1984,22/12/2015 , 05:30:00,35,35
1985,22/12/2015 , 05:45:00,35,35
1986,22/12/2015 , 06:00:00,36,36
1987,22/12/2015 , 06:15:00,35,35
1988,22/12/2015 , 06:30:00,35,35
1989,22/12/2015 , 06:45:00,35,35
1990,22/12/2015 , 07:00:00,40,40
1991,22/12/2015 , 07:15:00,71,71
1992,22/12/2015 , 07:30:00,433,433
1993,22/12/2015 , 07:45:00,465,465
1994,22/12/2015 , 08:00:00,515,515
1995,22/12/2015 , 08:15:00,598,598
1996,22/12/2015 , 08:30:00,910,910
1997,22/12/2015 , 08:45:00,1161,1161
1998,22/12/2015 , 09:00:00,2933,2933
1999,22/12/2015 , 09:15:00,7421,7421
2000,22/12/2015 , 09:30:00,6597,6597
2001,22/12/2015 , 09:45:00,1946,1946
2002,22/12/2015 , 10:00:00,3413,3413
2003,22/12/2015 , 10:15:00,5005,5005
2004,22/12/2015 , 10:30:00,3608,3608
2005,22/12/2015 , 10:45:00,5240,5240
2006,22/12/2015 , 11:00:00,5545,5545
2007,22/12/2015 , 11:15:00,5775,5775
2008,22/12/2015 , 11:30:00,4880,4880
2009,22/12/2015 , 11:45:00,6391,6391
2010,22/12/2015 , 12:00:00,3551,3551
2011,22/12/2015 , 12:15:00,3179,3179
2012,22/12/2015 , 12:30:00,4275,4275
2013,22/12/2015 , 12:45:00,6312,6312
2014,22/12/2015 , 13:00:00,5416,5416
2015,22/12/2015 , 13:15:00,4365,4365
2016,22/12/2015 , 13:30:00,3570,3570
2017,22/12/2015 , 13:45:00,2928,2928
2018,22/12/2015 , 14:00:00,3379,3379
2019,22/12/2015 , 14:15:00,3013,3013
2020,22/12/2015 , 14:30:00,2833,2833
2021,22/12/2015 , 14:45:00,2775,2775
2022,22/12/2015 , 15:00:00,2077,2077
2023,22/12/2015 , 15:15:00,2109,2109
2024,22/12/2015 , 15:30:00,1740,1740
2025,22/12/2015 , 15:45:00,1386,1386
2026,22/12/2015 , 16:00:00,1754,1754
2027,22/12/2015 , 16:15:00,1867,1867
2028,22/12/2015 , 16:30:00,1008,1008
2029,22/12/2015 , 16:45:00,792,792
2030,22/12/2015 , 17:00:00,510,510
2031,22/12/2015 , 17:15:00,329,329
2032,22/12/2015 , 17:30:00,181,181
2033,22/12/2015 , 17:45:00,116,116
2034,22/12/2015 , 18:00:00,78,78
2035,22/12/2015 , 18:15:00,39,39
2036,22/12/2015 , 18:30:00,35,35
2037,22/12/2015 , 18:45:00,35,35
2038,22/12/2015 , 19:00:00,34,34
2039,22/12/2015 , 19:15:00,35,35
2040,22/12/2015 , 19:30:00,35,35
2041,22/12/2015 , 19:45:00,34,34
2042,22/12/2015 , 20:00:00,35,35
2043,22/12/2015 , 20:15:00,36,36
2044,22/12/2015 , 20:30:00,35,35
2045,22/12/2015 , 20:45:00,35,35
2046,22/12/2015 , 21:00:00,36,36
2047,22/12/2015 , 21:15:00,35,35
2048,22/12/2015 , 21:30:00,35,35
2049,22/12/2015 , 21:45:00,35,35
2050,22/12/2015 , 22:00:00,35,35
2051,22/12/2015 , 22:15:00,35,35
2052,22/12/2015 , 22:30:00,35,35
2053,22/12/2015 , 22:45:00,35,35
2054,22/12/2015 , 23:00:00,36,36
2055,22/12/2015 , 23:15:00,35,35
2056,22/12/2015 , 23:30:00,35,35
2057,22/12/2015 , 23:45:00,35,35
2058,22/12/2015 , 24:00:00,35,35
2059,23/12/2015 , 00:15:00,35,35
2060,23/12/2015 , 00:30:00,36,36
2061,23/12/2015 , 00:45:00,35,35
2062,23/12/2015 , 01:00:00,35,35
2063,23/12/2015 , 01:15:00,35,35
2064,23/12/2015 , 01:30:00,36,36
2065,23/12/2015 , 01:45:00,35,35
2066,23/12/2015 , 02:00:00,35,35
2067,23/12/2015 , 02:15:00,35,35
2068,23/12/2015 , 02:30:00,35,35
2069,23/12/2015 , 02:45:00,35,35
2070,23/12/2015 , 03:00:00,36,36
2071,23/12/2015 , 03:15:00,35,35
2072,23/12/2015 , 03:30:00,36,36
2073,23/12/2015 , 03:45:00,36,36
2074,23/12/2015 , 04:00:00,35,35
2075,23/12/2015 , 04:15:00,36,36
2076,23/12/2015 , 04:30:00,35,35
2077,23/12/2015 , 04:45:00,36,36
2078,23/12/2015 , 05:00:00,35,35
2079,23/12/2015 , 05:15:00,35,35
2080,23/12/2015 , 05:30:00,35,35
2081,23/12/2015 , 05:45:00,35,35
2082,23/12/2015 , 06:00:00,35,35
2083,23/12/2015 , 06:15:00,36,36
2084,23/12/2015 , 06:30:00,35,35
2085,23/12/2015 , 06:45:00,35,35
2086,23/12/2015 , 07:00:00,42,42
2087,23/12/2015 , 07:15:00,89,89
2088,23/12/2015 , 07:30:00,275,275
2089,23/12/2015 , 07:45:00,613,613
2090,23/12/2015 , 08:00:00,732,732
2091,23/12/2015 , 08:15:00,560,560
2092,23/12/2015 , 08:30:00,887,887
2093,23/12/2015 , 08:45:00,919,919
2094,23/12/2015 , 09:00:00,1668,1668
2095,23/12/2015 , 09:15:00,4325,4325
2096,23/12/2015 , 09:30:00,3806,3806
2097,23/12/2015 , 09:45:00,3301,3301
2098,23/12/2015 , 10:00:00,2975,2975
2099,23/12/2015 , 10:15:00,5631,5631
2100,23/12/2015 , 10:30:00,7590,7590
2101,23/12/2015 , 10:45:00,6623,6623
2102,23/12/2015 , 11:00:00,6283,6283
2103,23/12/2015 , 11:15:00,8293,8293
2104,23/12/2015 , 11:30:00,7939,7939
2105,23/12/2015 , 11:45:00,8625,8625
2106,23/12/2015 , 12:00:00,9273,9273
2107,23/12/2015 , 12:15:00,8657,8657
2108,23/12/2015 , 12:30:00,9311,9311
2109,23/12/2015 , 12:45:00,8797,8797
2110,23/12/2015 , 13:00:00,6764,6764
2111,23/12/2015 , 13:15:00,6633,6633
2112,23/12/2015 , 13:30:00,7203,7203
2113,23/12/2015 , 13:45:00,6764,6764
2114,23/12/2015 , 14:00:00,4254,4254
2115,23/12/2015 , 14:15:00,3334,3334
2116,23/12/2015 , 14:30:00,3785,3785
2117,23/12/2015 , 14:45:00,2904,2904
2118,23/12/2015 , 15:00:00,2071,2071
2119,23/12/2015 , 15:15:00,2356,2356
2120,23/12/2015 , 15:30:00,1409,1409
2121,23/12/2015 , 15:45:00,967,967
2122,23/12/2015 , 16:00:00,1011,1011
2123,23/12/2015 , 16:15:00,1133,1133
2124,23/12/2015 , 16:30:00,1092,1092
2125,23/12/2015 , 16:45:00,879,879
2126,23/12/2015 , 17:00:00,560,560
2127,23/12/2015 , 17:15:00,471,471
2128,23/12/2015 , 17:30:00,388,388
2129,23/12/2015 , 17:45:00,195,195
2130,23/12/2015 , 18:00:00,98,98
2131,23/12/2015 , 18:15:00,44,44
2132,23/12/2015 , 18:30:00,35,35
2133,23/12/2015 , 18:45:00,35,35
2134,23/12/2015 , 19:00:00,34,34
2135,23/12/2015 , 19:15:00,34,34
2136,23/12/2015 , 19:30:00,34,34
2137,23/12/2015 , 19:45:00,36,36
2138,23/12/2015 , 20:00:00,35,35
2139,23/12/2015 , 20:15:00,35,35
2140,23/12/2015 , 20:30:00,35,35
2141,23/12/2015 , 20:45:00,35,35
2142,23/12/2015 , 21:00:00,35,35
2143,23/12/2015 , 21:15:00,35,35
2144,23/12/2015 , 21:30:00,36,36
2145,23/12/2015 , 21:45:00,35,35
2146,23/12/2015 , 22:00:00,36,36
2147,23/12/2015 , 22:15:00,35,35
2148,23/12/2015 , 22:30:00,35,35
2149,23/12/2015 , 22:45:00,36,36
2150,23/12/2015 , 23:00:00,35,35
2151,23/12/2015 , 23:15:00,35,35
2152,23/12/2015 , 23:30:00,35,35
2153,23/12/2015 , 23:45:00,35,35
2154,23/12/2015 , 24:00:00,35,35
2155,24/12/2015 , 00:15:00,36,36
2156,24/12/2015 , 00:30:00,35,35
2157,24/12/2015 , 00:45:00,36,36
2158,24/12/2015 , 01:00:00,36,36
2159,24/12/2015 , 01:15:00,36,36
2160,24/12/2015 , 01:30:00,35,35
2161,24/12/2015 , 01:45:00,36,36
2162,24/12/2015 , 02:00:00,36,36
2163,24/12/2015 , 02:15:00,36,36
2164,24/12/2015 , 02:30:00,35,35
2165,24/12/2015 , 02:45:00,36,36
2166,24/12/2015 , 03:00:00,35,35
2167,24/12/2015 , 03:15:00,36,36
2168,24/12/2015 , 03:30:00,36,36
2169,24/12/2015 , 03:45:00,36,36
2170,24/12/2015 , 04:00:00,36,36
2171,24/12/2015 , 04:15:00,36,36
2172,24/12/2015 , 04:30:00,36,36
2173,24/12/2015 , 04:45:00,35,35
2174,24/12/2015 , 05:00:00,36,36
2175,24/12/2015 , 05:15:00,35,35
2176,24/12/2015 , 05:30:00,36,36
2177,24/12/2015 , 05:45:00,36,36
2178,24/12/2015 , 06:00:00,35,35
2179,24/12/2015 , 06:15:00,36,36
2180,24/12/2015 , 06:30:00,36,36
2181,24/12/2015 , 06:45:00,36,36
2182,24/12/2015 , 07:00:00,42,42
2183,24/12/2015 , 07:15:00,79,79
2184,24/12/2015 , 07:30:00,193,193
2185,24/12/2015 , 07:45:00,377,377
2186,24/12/2015 , 08:00:00,810,810
2187,24/12/2015 , 08:15:00,606,606
2188,24/12/2015 , 08:30:00,839,839
2189,24/12/2015 , 08:45:00,805,805
2190,24/12/2015 , 09:00:00,3420,3420
2191,24/12/2015 , 09:15:00,8279,8279
2192,24/12/2015 , 09:30:00,6599,6599
2193,24/12/2015 , 09:45:00,3399,3399
2194,24/12/2015 , 10:00:00,0,0
2195,24/12/2015 , 10:15:00,0,0
2196,24/12/2015 , 10:30:00,0,0
2197,24/12/2015 , 10:45:00,0,0
2198,24/12/2015 , 11:00:00,0,0
2199,24/12/2015 , 11:15:00,0,0
2200,24/12/2015 , 11:30:00,0,0
2201,24/12/2015 , 11:45:00,0,0
2202,24/12/2015 , 12:00:00,0,0
2203,24/12/2015 , 12:15:00,0,0
2204,24/12/2015 , 12:30:00,12,12
