Scan No ,Date, Time,RAW VALUE ,CALIBRATED VALUE
1,01/12/2015 , 13:45:00,85,85
2,01/12/2015 , 14:00:00,90,90
3,01/12/2015 , 14:15:00,95,95
4,01/12/2015 , 14:30:00,96,96
5,01/12/2015 , 14:45:00,99,99
6,01/12/2015 , 15:00:00,101,101
7,01/12/2015 , 15:15:00,69,69
8,01/12/2015 , 15:30:00,1944,1944
9,01/12/2015 , 15:45:00,1755,1755
10,01/12/2015 , 16:00:00,1122,1122
11,01/12/2015 , 16:15:00,820,820
12,01/12/2015 , 16:30:00,886,886
13,01/12/2015 , 16:45:00,579,579
14,01/12/2015 , 17:00:00,430,430
15,01/12/2015 , 17:15:00,242,242
16,01/12/2015 , 17:30:00,142,142
17,01/12/2015 , 17:45:00,79,79
18,01/12/2015 , 18:00:00,17,17
19,01/12/2015 , 18:15:00,0,0
20,01/12/2015 , 18:30:00,0,0
21,01/12/2015 , 18:45:00,0,0
22,01/12/2015 , 19:00:00,0,0
23,01/12/2015 , 19:15:00,0,0
24,01/12/2015 , 19:30:00,0,0
25,01/12/2015 , 19:45:00,0,0
26,01/12/2015 , 20:00:00,0,0
27,01/12/2015 , 20:15:00,0,0
28,01/12/2015 , 20:30:00,0,0
29,01/12/2015 , 20:45:00,0,0
30,01/12/2015 , 21:00:00,0,0
31,01/12/2015 , 21:15:00,0,0
32,01/12/2015 , 21:30:00,0,0
33,01/12/2015 , 21:45:00,0,0
34,01/12/2015 , 22:00:00,0,0
35,01/12/2015 , 22:15:00,0,0
36,01/12/2015 , 22:30:00,0,0
37,01/12/2015 , 22:45:00,0,0
38,01/12/2015 , 23:00:00,0,0
39,01/12/2015 , 23:15:00,0,0
40,01/12/2015 , 23:30:00,0,0
41,01/12/2015 , 23:45:00,0,0
42,01/12/2015 , 24:00:00,0,0
43,02/12/2015 , 00:15:00,0,0
44,02/12/2015 , 00:30:00,0,0
45,02/12/2015 , 00:45:00,0,0
46,02/12/2015 , 01:00:00,0,0
47,02/12/2015 , 01:15:00,0,0
48,02/12/2015 , 01:30:00,0,0
49,02/12/2015 , 01:45:00,0,0
50,02/12/2015 , 02:00:00,0,0
51,02/12/2015 , 02:15:00,0,0
52,02/12/2015 , 02:30:00,0,0
53,02/12/2015 , 02:45:00,0,0
54,02/12/2015 , 03:00:00,0,0
55,02/12/2015 , 03:15:00,0,0
56,02/12/2015 , 03:30:00,0,0
57,02/12/2015 , 03:45:00,0,0
58,02/12/2015 , 04:00:00,0,0
59,02/12/2015 , 04:15:00,0,0
60,02/12/2015 , 04:30:00,0,0
61,02/12/2015 , 04:45:00,0,0
62,02/12/2015 , 05:00:00,0,0
63,02/12/2015 , 05:15:00,0,0
64,02/12/2015 , 05:30:00,0,0
65,02/12/2015 , 05:45:00,0,0
66,02/12/2015 , 06:00:00,0,0
67,02/12/2015 , 06:15:00,0,0
68,02/12/2015 , 06:30:00,0,0
69,02/12/2015 , 06:45:00,0,0
70,02/12/2015 , 07:00:00,32,32
71,02/12/2015 , 07:15:00,156,156
72,02/12/2015 , 07:30:00,188,188
73,02/12/2015 , 07:45:00,255,255
74,02/12/2015 , 08:00:00,888,888
75,02/12/2015 , 08:15:00,1253,1253
76,02/12/2015 , 08:30:00,1389,1389
77,02/12/2015 , 08:45:00,1929,1929
78,02/12/2015 , 09:00:00,9590,9590
79,02/12/2015 , 09:15:00,2282,2282
80,02/12/2015 , 09:30:00,1393,1393
81,02/12/2015 , 09:45:00,1813,1813
82,02/12/2015 , 10:00:00,1609,1609
83,02/12/2015 , 10:15:00,3737,3737
84,02/12/2015 , 10:30:00,2966,2966
85,02/12/2015 , 10:45:00,3660,3660
86,02/12/2015 , 11:00:00,2861,2861
87,02/12/2015 , 11:15:00,4587,4587
88,02/12/2015 , 11:30:00,7497,7497
89,02/12/2015 , 11:45:00,3641,3641
90,02/12/2015 , 12:00:00,3752,3752
91,02/12/2015 , 12:15:00,4625,4625
92,02/12/2015 , 12:30:00,4450,4450
93,02/12/2015 , 12:45:00,4744,4744
94,02/12/2015 , 13:00:00,4751,4751
95,02/12/2015 , 13:15:00,4910,4910
96,02/12/2015 , 13:30:00,5104,5104
97,02/12/2015 , 13:45:00,4811,4811
98,02/12/2015 , 14:00:00,4898,4898
99,02/12/2015 , 14:15:00,4318,4318
100,02/12/2015 , 14:30:00,3910,3910
101,02/12/2015 , 14:45:00,2716,2716
102,02/12/2015 , 15:00:00,2004,2004
103,02/12/2015 , 15:15:00,2200,2200
104,02/12/2015 , 15:30:00,1329,1329
105,02/12/2015 , 15:45:00,1295,1295
106,02/12/2015 , 16:00:00,1119,1119
107,02/12/2015 , 16:15:00,799,799
108,02/12/2015 , 16:30:00,899,899
109,02/12/2015 , 16:45:00,385,385
110,02/12/2015 , 17:00:00,267,267
111,02/12/2015 , 17:15:00,87,87
112,02/12/2015 , 17:30:00,66,66
113,02/12/2015 , 17:45:00,47,47
114,02/12/2015 , 18:00:00,5,5
115,02/12/2015 , 18:15:00,0,0
116,02/12/2015 , 18:30:00,0,0
117,02/12/2015 , 18:45:00,0,0
118,02/12/2015 , 19:00:00,0,0
119,02/12/2015 , 19:15:00,0,0
120,02/12/2015 , 19:30:00,0,0
121,02/12/2015 , 19:45:00,0,0
122,02/12/2015 , 20:00:00,0,0
123,02/12/2015 , 20:15:00,0,0
124,02/12/2015 , 20:30:00,0,0
125,02/12/2015 , 20:45:00,0,0
126,02/12/2015 , 21:00:00,0,0
127,02/12/2015 , 21:15:00,0,0
128,02/12/2015 , 21:30:00,0,0
129,02/12/2015 , 21:45:00,0,0
130,02/12/2015 , 22:00:00,0,0
131,02/12/2015 , 22:15:00,0,0
132,02/12/2015 , 22:30:00,0,0
133,02/12/2015 , 22:45:00,0,0
134,02/12/2015 , 23:00:00,0,0
135,02/12/2015 , 23:15:00,0,0
136,02/12/2015 , 23:30:00,0,0
137,02/12/2015 , 23:45:00,0,0
138,02/12/2015 , 24:00:00,0,0
139,03/12/2015 , 00:15:00,0,0
140,03/12/2015 , 00:30:00,0,0
141,03/12/2015 , 00:45:00,0,0
142,03/12/2015 , 01:00:00,0,0
143,03/12/2015 , 01:15:00,0,0
144,03/12/2015 , 01:30:00,0,0
145,03/12/2015 , 01:45:00,0,0
146,03/12/2015 , 02:00:00,0,0
147,03/12/2015 , 02:15:00,0,0
148,03/12/2015 , 02:30:00,0,0
149,03/12/2015 , 02:45:00,0,0
150,03/12/2015 , 03:00:00,0,0
151,03/12/2015 , 03:15:00,0,0
152,03/12/2015 , 03:30:00,0,0
153,03/12/2015 , 03:45:00,0,0
154,03/12/2015 , 04:00:00,0,0
155,03/12/2015 , 04:15:00,0,0
156,03/12/2015 , 04:30:00,0,0
157,03/12/2015 , 04:45:00,0,0
158,03/12/2015 , 05:00:00,0,0
159,03/12/2015 , 05:15:00,0,0
160,03/12/2015 , 05:30:00,0,0
161,03/12/2015 , 05:45:00,0,0
162,03/12/2015 , 06:00:00,0,0
163,03/12/2015 , 06:15:00,0,0
164,03/12/2015 , 06:30:00,0,0
165,03/12/2015 , 06:45:00,1,1
166,03/12/2015 , 07:00:00,29,29
167,03/12/2015 , 07:15:00,144,144
168,03/12/2015 , 07:30:00,249,249
169,03/12/2015 , 07:45:00,372,372
170,03/12/2015 , 08:00:00,368,368
171,03/12/2015 , 08:15:00,738,738
172,03/12/2015 , 08:30:00,621,621
173,03/12/2015 , 08:45:00,1276,1276
174,03/12/2015 , 09:00:00,6820,6820
175,03/12/2015 , 09:15:00,4392,4392
176,03/12/2015 , 09:30:00,2671,2671
177,03/12/2015 , 09:45:00,2703,2703
178,03/12/2015 , 10:00:00,4331,4331
179,03/12/2015 , 10:15:00,7406,7406
180,03/12/2015 , 10:30:00,2709,2709
181,03/12/2015 , 10:45:00,6345,6345
182,03/12/2015 , 11:00:00,5848,5848
183,03/12/2015 , 11:15:00,9685,9685
184,03/12/2015 , 11:30:00,10531,10531
185,03/12/2015 , 11:45:00,10675,10675
186,03/12/2015 , 12:00:00,10109,10109
187,03/12/2015 , 12:15:00,7814,7814
188,03/12/2015 , 12:30:00,6384,6384
189,03/12/2015 , 12:45:00,6922,6922
190,03/12/2015 , 13:00:00,5197,5197
191,03/12/2015 , 13:15:00,5929,5929
192,03/12/2015 , 13:30:00,4954,4954
193,03/12/2015 , 13:45:00,4051,4051
194,03/12/2015 , 14:00:00,2862,2862
195,03/12/2015 , 14:15:00,2830,2830
196,03/12/2015 , 14:30:00,2987,2987
197,03/12/2015 , 14:45:00,2261,2261
198,03/12/2015 , 15:00:00,2278,2278
199,03/12/2015 , 15:15:00,1705,1705
200,03/12/2015 , 15:30:00,2129,2129
201,03/12/2015 , 15:45:00,1048,1048
202,03/12/2015 , 16:00:00,1499,1499
203,03/12/2015 , 16:15:00,801,801
204,03/12/2015 , 16:30:00,859,859
205,03/12/2015 , 16:45:00,723,723
206,03/12/2015 , 17:00:00,605,605
207,03/12/2015 , 17:15:00,340,340
208,03/12/2015 , 17:30:00,242,242
209,03/12/2015 , 17:45:00,119,119
210,03/12/2015 , 18:00:00,31,31
211,03/12/2015 , 18:15:00,6,6
212,03/12/2015 , 18:30:00,5,5
213,03/12/2015 , 18:45:00,4,4
214,03/12/2015 , 19:00:00,5,5
215,03/12/2015 , 19:15:00,5,5
216,03/12/2015 , 19:30:00,5,5
217,03/12/2015 , 19:45:00,3,3
218,03/12/2015 , 20:00:00,0,0
219,03/12/2015 , 20:15:00,0,0
220,03/12/2015 , 20:30:00,0,0
221,03/12/2015 , 20:45:00,0,0
222,03/12/2015 , 21:00:00,0,0
223,03/12/2015 , 21:15:00,0,0
224,03/12/2015 , 21:30:00,5,5
225,03/12/2015 , 21:45:00,1,1
226,03/12/2015 , 22:00:00,1,1
227,03/12/2015 , 22:15:00,0,0
228,03/12/2015 , 22:30:00,0,0
229,03/12/2015 , 22:45:00,1,1
230,03/12/2015 , 23:00:00,0,0
231,03/12/2015 , 23:15:00,0,0
232,03/12/2015 , 23:30:00,0,0
233,03/12/2015 , 23:45:00,0,0
234,03/12/2015 , 24:00:00,0,0
235,04/12/2015 , 00:15:00,0,0
236,04/12/2015 , 00:30:00,0,0
237,04/12/2015 , 00:45:00,0,0
238,04/12/2015 , 01:00:00,0,0
239,04/12/2015 , 01:15:00,0,0
240,04/12/2015 , 01:30:00,0,0
241,04/12/2015 , 01:45:00,0,0
242,04/12/2015 , 02:00:00,0,0
243,04/12/2015 , 02:15:00,0,0
244,04/12/2015 , 02:30:00,0,0
245,04/12/2015 , 02:45:00,0,0
246,04/12/2015 , 03:00:00,0,0
247,04/12/2015 , 03:15:00,0,0
248,04/12/2015 , 03:30:00,0,0
249,04/12/2015 , 03:45:00,0,0
250,04/12/2015 , 04:00:00,0,0
251,04/12/2015 , 04:15:00,0,0
252,04/12/2015 , 04:30:00,0,0
253,04/12/2015 , 04:45:00,0,0
254,04/12/2015 , 05:00:00,0,0
255,04/12/2015 , 05:15:00,0,0
256,04/12/2015 , 05:30:00,1,1
257,04/12/2015 , 05:45:00,0,0
258,04/12/2015 , 06:00:00,7,7
259,04/12/2015 , 06:15:00,2,2
260,04/12/2015 , 06:30:00,1,1
261,04/12/2015 , 06:45:00,6,6
262,04/12/2015 , 07:00:00,24,24
263,04/12/2015 , 07:15:00,138,138
264,04/12/2015 , 07:30:00,403,403
265,04/12/2015 , 07:45:00,604,604
266,04/12/2015 , 08:00:00,921,921
267,04/12/2015 , 08:15:00,533,533
268,04/12/2015 , 08:30:00,600,600
269,04/12/2015 , 08:45:00,1044,1044
270,04/12/2015 , 09:00:00,3989,3989
271,04/12/2015 , 09:15:00,7133,7133
272,04/12/2015 , 09:30:00,1978,1978
273,04/12/2015 , 09:45:00,1908,1908
274,04/12/2015 , 10:00:00,5725,5725
275,04/12/2015 , 10:15:00,1945,1945
276,04/12/2015 , 10:30:00,4493,4493
277,04/12/2015 , 10:45:00,5170,5170
278,04/12/2015 , 11:00:00,7006,7006
279,04/12/2015 , 11:15:00,7467,7467
280,04/12/2015 , 11:30:00,10006,10006
281,04/12/2015 , 11:45:00,10075,10075
282,04/12/2015 , 12:00:00,9925,9925
283,04/12/2015 , 12:15:00,8936,8936
284,04/12/2015 , 12:30:00,5913,5913
285,04/12/2015 , 12:45:00,6732,6732
286,04/12/2015 , 13:00:00,4909,4909
287,04/12/2015 , 13:15:00,4602,4602
288,04/12/2015 , 13:30:00,3907,3907
289,04/12/2015 , 13:45:00,2873,2873
290,04/12/2015 , 14:00:00,2082,2082
291,04/12/2015 , 14:15:00,1606,1606
292,04/12/2015 , 14:30:00,1346,1346
293,04/12/2015 , 14:45:00,2098,2098
294,04/12/2015 , 15:00:00,1610,1610
295,04/12/2015 , 15:15:00,1482,1482
296,04/12/2015 , 15:30:00,1289,1289
297,04/12/2015 , 15:45:00,1087,1087
298,04/12/2015 , 16:00:00,970,970
299,04/12/2015 , 16:15:00,814,814
300,04/12/2015 , 16:30:00,562,562
301,04/12/2015 , 16:45:00,520,520
302,04/12/2015 , 17:00:00,429,429
303,04/12/2015 , 17:15:00,235,235
304,04/12/2015 , 17:30:00,156,156
305,04/12/2015 , 17:45:00,93,93
306,04/12/2015 , 18:00:00,31,31
307,04/12/2015 , 18:15:00,5,5
308,04/12/2015 , 18:30:00,3,3
309,04/12/2015 , 18:45:00,3,3
310,04/12/2015 , 19:00:00,3,3
311,04/12/2015 , 19:15:00,3,3
312,04/12/2015 , 19:30:00,3,3
313,04/12/2015 , 19:45:00,3,3
314,04/12/2015 , 20:00:00,4,4
315,04/12/2015 , 20:15:00,3,3
316,04/12/2015 , 20:30:00,3,3
317,04/12/2015 , 20:45:00,3,3
318,04/12/2015 , 21:00:00,3,3
319,04/12/2015 , 21:15:00,3,3
320,04/12/2015 , 21:30:00,3,3
321,04/12/2015 , 21:45:00,3,3
322,04/12/2015 , 22:00:00,3,3
323,04/12/2015 , 22:15:00,3,3
324,04/12/2015 , 22:30:00,3,3
325,04/12/2015 , 22:45:00,3,3
326,04/12/2015 , 23:00:00,3,3
327,04/12/2015 , 23:15:00,3,3
328,04/12/2015 , 23:30:00,3,3
329,04/12/2015 , 23:45:00,4,4
330,04/12/2015 , 24:00:00,3,3
331,05/12/2015 , 00:15:00,3,3
332,05/12/2015 , 00:30:00,3,3
333,05/12/2015 , 00:45:00,3,3
334,05/12/2015 , 01:00:00,3,3
335,05/12/2015 , 01:15:00,3,3
336,05/12/2015 , 01:30:00,3,3
337,05/12/2015 , 01:45:00,3,3
338,05/12/2015 , 02:00:00,3,3
339,05/12/2015 , 02:15:00,3,3
340,05/12/2015 , 02:30:00,3,3
341,05/12/2015 , 02:45:00,3,3
342,05/12/2015 , 03:00:00,3,3
343,05/12/2015 , 03:15:00,3,3
344,05/12/2015 , 03:30:00,3,3
345,05/12/2015 , 03:45:00,3,3
346,05/12/2015 , 04:00:00,3,3
347,05/12/2015 , 04:15:00,3,3
348,05/12/2015 , 04:30:00,2,2
349,05/12/2015 , 04:45:00,3,3
350,05/12/2015 , 05:00:00,3,3
351,05/12/2015 , 05:15:00,3,3
352,05/12/2015 , 05:30:00,3,3
353,05/12/2015 , 05:45:00,3,3
354,05/12/2015 , 06:00:00,3,3
355,05/12/2015 , 06:15:00,3,3
356,05/12/2015 , 06:30:00,3,3
357,05/12/2015 , 06:45:00,5,5
358,05/12/2015 , 07:00:00,21,21
359,05/12/2015 , 07:15:00,111,111
360,05/12/2015 , 07:30:00,235,235
361,05/12/2015 , 07:45:00,286,286
362,05/12/2015 , 08:00:00,751,751
363,05/12/2015 , 08:15:00,779,779
364,05/12/2015 , 08:30:00,879,879
365,05/12/2015 , 08:45:00,1441,1441
366,05/12/2015 , 09:00:00,6838,6838
367,05/12/2015 , 09:15:00,4430,4430
368,05/12/2015 , 09:30:00,1667,1667
369,05/12/2015 , 09:45:00,1503,1503
370,05/12/2015 , 10:00:00,2772,2772
371,05/12/2015 , 10:15:00,2856,2856
372,05/12/2015 , 10:30:00,2329,2329
373,05/12/2015 , 10:45:00,2381,2381
374,05/12/2015 , 11:00:00,3976,3976
375,05/12/2015 , 11:15:00,4362,4362
376,05/12/2015 , 11:30:00,3803,3803
377,05/12/2015 , 11:45:00,5612,5612
378,05/12/2015 , 12:00:00,7940,7940
379,05/12/2015 , 12:15:00,9187,9187
380,05/12/2015 , 12:30:00,6309,6309
381,05/12/2015 , 12:45:00,7067,7067
382,05/12/2015 , 13:00:00,5629,5629
383,05/12/2015 , 13:15:00,5335,5335
384,05/12/2015 , 13:30:00,5246,5246
385,05/12/2015 , 13:45:00,4266,4266
386,05/12/2015 , 14:00:00,3449,3449
387,05/12/2015 , 14:15:00,3537,3537
388,05/12/2015 , 14:30:00,2512,2512
389,05/12/2015 , 14:45:00,1998,1998
390,05/12/2015 , 15:00:00,1791,1791
391,05/12/2015 , 15:15:00,1616,1616
392,05/12/2015 , 15:30:00,1524,1524
393,05/12/2015 , 15:45:00,980,980
394,05/12/2015 , 16:00:00,760,760
395,05/12/2015 , 16:15:00,900,900
396,05/12/2015 , 16:30:00,472,472
397,05/12/2015 , 16:45:00,477,477
398,05/12/2015 , 17:00:00,431,431
399,05/12/2015 , 17:15:00,188,188
400,05/12/2015 , 17:30:00,146,146
401,05/12/2015 , 17:45:00,97,97
402,05/12/2015 , 18:00:00,25,25
403,05/12/2015 , 18:15:00,1,1
404,05/12/2015 , 18:30:00,0,0
405,05/12/2015 , 18:45:00,0,0
406,05/12/2015 , 19:00:00,0,0
407,05/12/2015 , 19:15:00,0,0
408,05/12/2015 , 19:30:00,0,0
409,05/12/2015 , 19:45:00,0,0
410,05/12/2015 , 20:00:00,0,0
411,05/12/2015 , 20:15:00,0,0
412,05/12/2015 , 20:30:00,0,0
413,05/12/2015 , 20:45:00,0,0
414,05/12/2015 , 21:00:00,0,0
415,05/12/2015 , 21:15:00,0,0
416,05/12/2015 , 21:30:00,0,0
417,05/12/2015 , 21:45:00,2,2
418,05/12/2015 , 22:00:00,0,0
419,05/12/2015 , 22:15:00,0,0
420,05/12/2015 , 22:30:00,0,0
421,05/12/2015 , 22:45:00,0,0
422,05/12/2015 , 23:00:00,0,0
423,05/12/2015 , 23:15:00,0,0
424,05/12/2015 , 23:30:00,0,0
425,05/12/2015 , 23:45:00,0,0
426,05/12/2015 , 24:00:00,0,0
427,06/12/2015 , 00:15:00,0,0
428,06/12/2015 , 00:30:00,0,0
429,06/12/2015 , 00:45:00,0,0
430,06/12/2015 , 01:00:00,0,0
431,06/12/2015 , 01:15:00,0,0
432,06/12/2015 , 01:30:00,0,0
433,06/12/2015 , 01:45:00,0,0
434,06/12/2015 , 02:00:00,3,3
435,06/12/2015 , 02:15:00,0,0
436,06/12/2015 , 02:30:00,2,2
437,06/12/2015 , 02:45:00,1,1
438,06/12/2015 , 03:00:00,0,0
439,06/12/2015 , 03:15:00,0,0
440,06/12/2015 , 03:30:00,0,0
441,06/12/2015 , 03:45:00,0,0
442,06/12/2015 , 04:00:00,0,0
443,06/12/2015 , 04:15:00,0,0
444,06/12/2015 , 04:30:00,0,0
445,06/12/2015 , 04:45:00,0,0
446,06/12/2015 , 05:00:00,0,0
447,06/12/2015 , 05:15:00,0,0
448,06/12/2015 , 05:30:00,0,0
449,06/12/2015 , 05:45:00,0,0
450,06/12/2015 , 06:00:00,0,0
451,06/12/2015 , 06:15:00,0,0
452,06/12/2015 , 06:30:00,0,0
453,06/12/2015 , 06:45:00,0,0
454,06/12/2015 , 07:00:00,19,19
455,06/12/2015 , 07:15:00,86,86
456,06/12/2015 , 07:30:00,213,213
457,06/12/2015 , 07:45:00,403,403
458,06/12/2015 , 08:00:00,450,450
459,06/12/2015 , 08:15:00,707,707
460,06/12/2015 , 08:30:00,1026,1026
461,06/12/2015 , 08:45:00,1277,1277
462,06/12/2015 , 09:00:00,2780,2780
463,06/12/2015 , 09:15:00,1906,1906
464,06/12/2015 , 09:30:00,1466,1466
465,06/12/2015 , 09:45:00,2348,2348
466,06/12/2015 , 10:00:00,3128,3128
467,06/12/2015 , 10:15:00,3657,3657
468,06/12/2015 , 10:30:00,4194,4194
469,06/12/2015 , 10:45:00,5716,5716
470,06/12/2015 , 11:00:00,8319,8319
471,06/12/2015 , 11:15:00,6332,6332
472,06/12/2015 , 11:30:00,8692,8692
473,06/12/2015 , 11:45:00,10162,10162
474,06/12/2015 , 12:00:00,9643,9643
475,06/12/2015 , 12:15:00,9890,9890
476,06/12/2015 , 12:30:00,5649,5649
477,06/12/2015 , 12:45:00,6227,6227
478,06/12/2015 , 13:00:00,4099,4099
479,06/12/2015 , 13:15:00,5647,5647
480,06/12/2015 , 13:30:00,8870,8870
481,06/12/2015 , 13:45:00,6874,6874
482,06/12/2015 , 14:00:00,6951,6951
483,06/12/2015 , 14:15:00,4447,4447
484,06/12/2015 , 14:30:00,4054,4054
485,06/12/2015 , 14:45:00,3189,3189
486,06/12/2015 , 15:00:00,3084,3084
487,06/12/2015 , 15:15:00,2277,2277
488,06/12/2015 , 15:30:00,1994,1994
489,06/12/2015 , 15:45:00,1335,1335
490,06/12/2015 , 16:00:00,755,755
491,06/12/2015 , 16:15:00,839,839
492,06/12/2015 , 16:30:00,615,615
493,06/12/2015 , 16:45:00,659,659
494,06/12/2015 , 17:00:00,662,662
495,06/12/2015 , 17:15:00,553,553
496,06/12/2015 , 17:30:00,163,163
497,06/12/2015 , 17:45:00,89,89
498,06/12/2015 , 18:00:00,29,29
499,06/12/2015 , 18:15:00,1,1
500,06/12/2015 , 18:30:00,0,0
501,06/12/2015 , 18:45:00,0,0
502,06/12/2015 , 19:00:00,0,0
503,06/12/2015 , 19:15:00,0,0
504,06/12/2015 , 19:30:00,0,0
505,06/12/2015 , 19:45:00,0,0
506,06/12/2015 , 20:00:00,0,0
507,06/12/2015 , 20:15:00,0,0
508,06/12/2015 , 20:30:00,0,0
509,06/12/2015 , 20:45:00,0,0
510,06/12/2015 , 21:00:00,0,0
511,06/12/2015 , 21:15:00,0,0
512,06/12/2015 , 21:30:00,0,0
513,06/12/2015 , 21:45:00,0,0
514,06/12/2015 , 22:00:00,0,0
515,06/12/2015 , 22:15:00,0,0
516,06/12/2015 , 22:30:00,0,0
517,06/12/2015 , 22:45:00,0,0
518,06/12/2015 , 23:00:00,0,0
519,06/12/2015 , 23:15:00,0,0
520,06/12/2015 , 23:30:00,0,0
521,06/12/2015 , 23:45:00,0,0
522,06/12/2015 , 24:00:00,0,0
523,07/12/2015 , 00:15:00,0,0
524,07/12/2015 , 00:30:00,0,0
525,07/12/2015 , 00:45:00,0,0
526,07/12/2015 , 01:00:00,0,0
527,07/12/2015 , 01:15:00,0,0
528,07/12/2015 , 01:30:00,0,0
529,07/12/2015 , 01:45:00,0,0
530,07/12/2015 , 02:00:00,0,0
531,07/12/2015 , 02:15:00,0,0
532,07/12/2015 , 02:30:00,0,0
533,07/12/2015 , 02:45:00,0,0
534,07/12/2015 , 03:00:00,0,0
535,07/12/2015 , 03:15:00,0,0
536,07/12/2015 , 03:30:00,0,0
537,07/12/2015 , 03:45:00,0,0
538,07/12/2015 , 04:00:00,0,0
539,07/12/2015 , 04:15:00,0,0
540,07/12/2015 , 04:30:00,0,0
541,07/12/2015 , 04:45:00,0,0
542,07/12/2015 , 05:00:00,0,0
543,07/12/2015 , 05:15:00,0,0
544,07/12/2015 , 05:30:00,0,0
545,07/12/2015 , 05:45:00,0,0
546,07/12/2015 , 06:00:00,0,0
547,07/12/2015 , 06:15:00,0,0
548,07/12/2015 , 06:30:00,0,0
549,07/12/2015 , 06:45:00,0,0
550,07/12/2015 , 07:00:00,19,19
551,07/12/2015 , 07:15:00,89,89
552,07/12/2015 , 07:30:00,253,253
553,07/12/2015 , 07:45:00,473,473
554,07/12/2015 , 08:00:00,629,629
555,07/12/2015 , 08:15:00,826,826
556,07/12/2015 , 08:30:00,1015,1015
557,07/12/2015 , 08:45:00,1346,1346
558,07/12/2015 , 09:00:00,1338,1338
559,07/12/2015 , 09:15:00,1188,1188
560,07/12/2015 , 09:30:00,1145,1145
561,07/12/2015 , 09:45:00,1901,1901
562,07/12/2015 , 10:00:00,2341,2341
563,07/12/2015 , 10:15:00,2857,2857
564,07/12/2015 , 10:30:00,4402,4402
565,07/12/2015 , 10:45:00,7525,7525
566,07/12/2015 , 11:00:00,8272,8272
567,07/12/2015 , 11:15:00,7345,7345
568,07/12/2015 , 11:30:00,7482,7482
569,07/12/2015 , 11:45:00,3866,3866
570,07/12/2015 , 12:00:00,6831,6831
571,07/12/2015 , 12:15:00,5407,5407
572,07/12/2015 , 12:30:00,4854,4854
573,07/12/2015 , 12:45:00,3589,3589
574,07/12/2015 , 13:00:00,3287,3287
575,07/12/2015 , 13:15:00,4327,4327
576,07/12/2015 , 13:30:00,4495,4495
577,07/12/2015 , 13:45:00,4649,4649
578,07/12/2015 , 14:00:00,6309,6309
579,07/12/2015 , 14:15:00,4971,4971
580,07/12/2015 , 14:30:00,3279,3279
581,07/12/2015 , 14:45:00,1831,1831
582,07/12/2015 , 15:00:00,2202,2202
583,07/12/2015 , 15:15:00,2018,2018
584,07/12/2015 , 15:30:00,1013,1013
585,07/12/2015 , 15:45:00,1072,1072
586,07/12/2015 , 16:00:00,822,822
587,07/12/2015 , 16:15:00,964,964
588,07/12/2015 , 16:30:00,749,749
589,07/12/2015 , 16:45:00,424,424
590,07/12/2015 , 17:00:00,317,317
591,07/12/2015 , 17:15:00,255,255
592,07/12/2015 , 17:30:00,195,195
593,07/12/2015 , 17:45:00,94,94
594,07/12/2015 , 18:00:00,29,29
595,07/12/2015 , 18:15:00,1,1
596,07/12/2015 , 18:30:00,0,0
597,07/12/2015 , 18:45:00,0,0
598,07/12/2015 , 19:00:00,0,0
599,07/12/2015 , 19:15:00,0,0
600,07/12/2015 , 19:30:00,0,0
601,07/12/2015 , 19:45:00,0,0
602,07/12/2015 , 20:00:00,0,0
603,07/12/2015 , 20:15:00,0,0
604,07/12/2015 , 20:30:00,0,0
605,07/12/2015 , 20:45:00,0,0
606,07/12/2015 , 21:00:00,0,0
607,07/12/2015 , 21:15:00,0,0
608,07/12/2015 , 21:30:00,0,0
609,07/12/2015 , 21:45:00,0,0
610,07/12/2015 , 22:00:00,0,0
611,07/12/2015 , 22:15:00,0,0
612,07/12/2015 , 22:30:00,0,0
613,07/12/2015 , 22:45:00,0,0
614,07/12/2015 , 23:00:00,0,0
615,07/12/2015 , 23:15:00,0,0
616,07/12/2015 , 23:30:00,0,0
617,07/12/2015 , 23:45:00,0,0
618,07/12/2015 , 24:00:00,0,0
619,08/12/2015 , 00:15:00,0,0
620,08/12/2015 , 00:30:00,0,0
621,08/12/2015 , 00:45:00,0,0
622,08/12/2015 , 01:00:00,0,0
623,08/12/2015 , 01:15:00,0,0
624,08/12/2015 , 01:30:00,0,0
625,08/12/2015 , 01:45:00,0,0
626,08/12/2015 , 02:00:00,0,0
627,08/12/2015 , 02:15:00,0,0
628,08/12/2015 , 02:30:00,0,0
629,08/12/2015 , 02:45:00,0,0
630,08/12/2015 , 03:00:00,0,0
631,08/12/2015 , 03:15:00,0,0
632,08/12/2015 , 03:30:00,0,0
633,08/12/2015 , 03:45:00,0,0
634,08/12/2015 , 04:00:00,0,0
635,08/12/2015 , 04:15:00,0,0
636,08/12/2015 , 04:30:00,0,0
637,08/12/2015 , 04:45:00,0,0
638,08/12/2015 , 05:00:00,0,0
639,08/12/2015 , 05:15:00,0,0
640,08/12/2015 , 05:30:00,0,0
641,08/12/2015 , 05:45:00,0,0
642,08/12/2015 , 06:00:00,0,0
643,08/12/2015 , 06:15:00,0,0
644,08/12/2015 , 06:30:00,0,0
645,08/12/2015 , 06:45:00,0,0
646,08/12/2015 , 07:00:00,8,8
647,08/12/2015 , 07:15:00,101,101
648,08/12/2015 , 07:30:00,217,217
649,08/12/2015 , 07:45:00,364,364
650,08/12/2015 , 08:00:00,792,792
651,08/12/2015 , 08:15:00,902,902
652,08/12/2015 , 08:30:00,847,847
653,08/12/2015 , 08:45:00,722,722
654,08/12/2015 , 09:00:00,1649,1649
655,08/12/2015 , 09:15:00,2547,2547
656,08/12/2015 , 09:30:00,1970,1970
657,08/12/2015 , 09:45:00,1515,1515
658,08/12/2015 , 10:00:00,2664,2664
659,08/12/2015 , 10:15:00,4289,4289
660,08/12/2015 , 10:30:00,6672,6672
661,08/12/2015 , 10:45:00,7384,7384
662,08/12/2015 , 11:00:00,5408,5408
663,08/12/2015 , 11:15:00,6230,6230
664,08/12/2015 , 11:30:00,6981,6981
665,08/12/2015 , 11:45:00,5890,5890
666,08/12/2015 , 12:00:00,6644,6644
667,08/12/2015 , 12:15:00,6510,6510
668,08/12/2015 , 12:30:00,5279,5279
669,08/12/2015 , 12:45:00,4122,4122
670,08/12/2015 , 13:00:00,3892,3892
671,08/12/2015 , 13:15:00,3948,3948
672,08/12/2015 , 13:30:00,4155,4155
673,08/12/2015 , 13:45:00,4137,4137
674,08/12/2015 , 14:00:00,3582,3582
675,08/12/2015 , 14:15:00,4607,4607
676,08/12/2015 , 14:30:00,4615,4615
677,08/12/2015 , 14:45:00,2890,2890
678,08/12/2015 , 15:00:00,2443,2443
679,08/12/2015 , 15:15:00,2530,2530
680,08/12/2015 , 15:30:00,2927,2927
681,08/12/2015 , 15:45:00,2029,2029
682,08/12/2015 , 16:00:00,1473,1473
683,08/12/2015 , 16:15:00,1269,1269
684,08/12/2015 , 16:30:00,1252,1252
685,08/12/2015 , 16:45:00,627,627
686,08/12/2015 , 17:00:00,518,518
687,08/12/2015 , 17:15:00,300,300
688,08/12/2015 , 17:30:00,212,212
689,08/12/2015 , 17:45:00,124,124
690,08/12/2015 , 18:00:00,30,30
691,08/12/2015 , 18:15:00,1,1
692,08/12/2015 , 18:30:00,0,0
693,08/12/2015 , 18:45:00,0,0
694,08/12/2015 , 19:00:00,0,0
695,08/12/2015 , 19:15:00,0,0
696,08/12/2015 , 19:30:00,0,0
697,08/12/2015 , 19:45:00,0,0
698,08/12/2015 , 20:00:00,0,0
699,08/12/2015 , 20:15:00,0,0
700,08/12/2015 , 20:30:00,0,0
701,08/12/2015 , 20:45:00,0,0
702,08/12/2015 , 21:00:00,0,0
703,08/12/2015 , 21:15:00,0,0
704,08/12/2015 , 21:30:00,0,0
705,08/12/2015 , 21:45:00,0,0
706,08/12/2015 , 22:00:00,0,0
707,08/12/2015 , 22:15:00,0,0
708,08/12/2015 , 22:30:00,0,0
709,08/12/2015 , 22:45:00,0,0
710,08/12/2015 , 23:00:00,0,0
711,08/12/2015 , 23:15:00,0,0
712,08/12/2015 , 23:30:00,0,0
713,08/12/2015 , 23:45:00,0,0
714,08/12/2015 , 24:00:00,0,0
715,09/12/2015 , 00:15:00,0,0
716,09/12/2015 , 00:30:00,0,0
717,09/12/2015 , 00:45:00,0,0
718,09/12/2015 , 01:00:00,0,0
719,09/12/2015 , 01:15:00,0,0
720,09/12/2015 , 01:30:00,0,0
721,09/12/2015 , 01:45:00,0,0
722,09/12/2015 , 02:00:00,0,0
723,09/12/2015 , 02:15:00,0,0
724,09/12/2015 , 02:30:00,0,0
725,09/12/2015 , 02:45:00,0,0
726,09/12/2015 , 03:00:00,0,0
727,09/12/2015 , 03:15:00,0,0
728,09/12/2015 , 03:30:00,0,0
729,09/12/2015 , 03:45:00,0,0
730,09/12/2015 , 04:00:00,0,0
731,09/12/2015 , 04:15:00,0,0
732,09/12/2015 , 04:30:00,0,0
733,09/12/2015 , 04:45:00,0,0
734,09/12/2015 , 05:00:00,0,0
735,09/12/2015 , 05:15:00,0,0
736,09/12/2015 , 05:30:00,0,0
737,09/12/2015 , 05:45:00,0,0
738,09/12/2015 , 06:00:00,0,0
739,09/12/2015 , 06:15:00,0,0
740,09/12/2015 , 06:30:00,0,0
741,09/12/2015 , 06:45:00,0,0
742,09/12/2015 , 07:00:00,13,13
743,09/12/2015 , 07:15:00,93,93
744,09/12/2015 , 07:30:00,265,265
745,09/12/2015 , 07:45:00,463,463
746,09/12/2015 , 08:00:00,632,632
747,09/12/2015 , 08:15:00,794,794
748,09/12/2015 , 08:30:00,1205,1205
749,09/12/2015 , 08:45:00,1300,1300
750,09/12/2015 , 09:00:00,1640,1640
751,09/12/2015 , 09:15:00,2034,2034
752,09/12/2015 , 09:30:00,2360,2360
753,09/12/2015 , 09:45:00,2665,2665
754,09/12/2015 , 10:00:00,3269,3269
755,09/12/2015 , 10:15:00,3888,3888
756,09/12/2015 , 10:30:00,4379,4379
757,09/12/2015 , 10:45:00,3727,3727
758,09/12/2015 , 11:00:00,3291,3291
759,09/12/2015 , 11:15:00,3915,3915
760,09/12/2015 , 11:30:00,4068,4068
761,09/12/2015 , 11:45:00,3443,3443
762,09/12/2015 , 12:00:00,4013,4013
763,09/12/2015 , 12:15:00,4004,4004
764,09/12/2015 , 12:30:00,3482,3482
765,09/12/2015 , 12:45:00,3146,3146
766,09/12/2015 , 13:00:00,2804,2804
767,09/12/2015 , 13:15:00,1973,1973
768,09/12/2015 , 13:30:00,2623,2623
769,09/12/2015 , 13:45:00,3255,3255
770,09/12/2015 , 14:00:00,3120,3120
771,09/12/2015 , 14:15:00,2447,2447
772,09/12/2015 , 14:30:00,2813,2813
773,09/12/2015 , 14:45:00,2741,2741
774,09/12/2015 , 15:00:00,2312,2312
775,09/12/2015 , 15:15:00,1616,1616
776,09/12/2015 , 15:30:00,1772,1772
777,09/12/2015 , 15:45:00,1577,1577
778,09/12/2015 , 16:00:00,662,662
779,09/12/2015 , 16:15:00,819,819
780,09/12/2015 , 16:30:00,733,733
781,09/12/2015 , 16:45:00,552,552
782,09/12/2015 , 17:00:00,524,524
783,09/12/2015 , 17:15:00,401,401
784,09/12/2015 , 17:30:00,185,185
785,09/12/2015 , 17:45:00,104,104
786,09/12/2015 , 18:00:00,29,29
787,09/12/2015 , 18:15:00,0,0
788,09/12/2015 , 18:30:00,0,0
789,09/12/2015 , 18:45:00,0,0
790,09/12/2015 , 19:00:00,0,0
791,09/12/2015 , 19:15:00,0,0
792,09/12/2015 , 19:30:00,0,0
793,09/12/2015 , 19:45:00,0,0
794,09/12/2015 , 20:00:00,0,0
795,09/12/2015 , 20:15:00,0,0
796,09/12/2015 , 20:30:00,0,0
797,09/12/2015 , 20:45:00,0,0
798,09/12/2015 , 21:00:00,0,0
799,09/12/2015 , 21:15:00,0,0
800,09/12/2015 , 21:30:00,0,0
801,09/12/2015 , 21:45:00,0,0
802,09/12/2015 , 22:00:00,0,0
803,09/12/2015 , 22:15:00,0,0
804,09/12/2015 , 22:30:00,0,0
805,09/12/2015 , 22:45:00,0,0
806,09/12/2015 , 23:00:00,0,0
807,09/12/2015 , 23:15:00,0,0
808,09/12/2015 , 23:30:00,0,0
809,09/12/2015 , 23:45:00,0,0
810,09/12/2015 , 24:00:00,0,0
811,10/12/2015 , 00:15:00,0,0
812,10/12/2015 , 00:30:00,0,0
813,10/12/2015 , 00:45:00,0,0
814,10/12/2015 , 01:00:00,0,0
815,10/12/2015 , 01:15:00,0,0
816,10/12/2015 , 01:30:00,0,0
817,10/12/2015 , 01:45:00,0,0
818,10/12/2015 , 02:00:00,0,0
819,10/12/2015 , 02:15:00,0,0
820,10/12/2015 , 02:30:00,0,0
821,10/12/2015 , 02:45:00,0,0
822,10/12/2015 , 03:00:00,0,0
823,10/12/2015 , 03:15:00,0,0
824,10/12/2015 , 03:30:00,0,0
825,10/12/2015 , 03:45:00,0,0
826,10/12/2015 , 04:00:00,0,0
827,10/12/2015 , 04:15:00,0,0
828,10/12/2015 , 04:30:00,0,0
829,10/12/2015 , 04:45:00,0,0
830,10/12/2015 , 05:00:00,0,0
831,10/12/2015 , 05:15:00,0,0
832,10/12/2015 , 05:30:00,0,0
833,10/12/2015 , 05:45:00,0,0
834,10/12/2015 , 06:00:00,0,0
835,10/12/2015 , 06:15:00,0,0
836,10/12/2015 , 06:30:00,0,0
837,10/12/2015 , 06:45:00,0,0
838,10/12/2015 , 07:00:00,8,8
839,10/12/2015 , 07:15:00,93,93
840,10/12/2015 , 07:30:00,257,257
841,10/12/2015 , 07:45:00,430,430
842,10/12/2015 , 08:00:00,783,783
843,10/12/2015 , 08:15:00,606,606
844,10/12/2015 , 08:30:00,913,913
845,10/12/2015 , 08:45:00,1217,1217
846,10/12/2015 , 09:00:00,1876,1876
847,10/12/2015 , 09:15:00,1271,1271
848,10/12/2015 , 09:30:00,2496,2496
849,10/12/2015 , 09:45:00,3117,3117
850,10/12/2015 , 10:00:00,3883,3883
851,10/12/2015 , 10:15:00,3935,3935
852,10/12/2015 , 10:30:00,6647,6647
853,10/12/2015 , 10:45:00,4842,4842
854,10/12/2015 , 11:00:00,3907,3907
855,10/12/2015 , 11:15:00,4816,4816
856,10/12/2015 , 11:30:00,5498,5498
857,10/12/2015 , 11:45:00,10048,10048
858,10/12/2015 , 12:00:00,7426,7426
859,10/12/2015 , 12:15:00,9104,9104
860,10/12/2015 , 12:30:00,7687,7687
861,10/12/2015 , 12:45:00,5758,5758
862,10/12/2015 , 13:00:00,5604,5604
863,10/12/2015 , 13:15:00,3510,3510
864,10/12/2015 , 13:30:00,3820,3820
865,10/12/2015 , 13:45:00,3730,3730
866,10/12/2015 , 14:00:00,4201,4201
867,10/12/2015 , 14:15:00,4304,4304
868,10/12/2015 , 14:30:00,3245,3245
869,10/12/2015 , 14:45:00,2051,2051
870,10/12/2015 , 15:00:00,1874,1874
871,10/12/2015 , 15:15:00,2103,2103
872,10/12/2015 , 15:30:00,1038,1038
873,10/12/2015 , 15:45:00,905,905
874,10/12/2015 , 16:00:00,818,818
875,10/12/2015 , 16:15:00,860,860
876,10/12/2015 , 16:30:00,693,693
877,10/12/2015 , 16:45:00,638,638
878,10/12/2015 , 17:00:00,377,377
879,10/12/2015 , 17:15:00,338,338
880,10/12/2015 , 17:30:00,191,191
881,10/12/2015 , 17:45:00,98,98
882,10/12/2015 , 18:00:00,25,25
883,10/12/2015 , 18:15:00,0,0
884,10/12/2015 , 18:30:00,0,0
885,10/12/2015 , 18:45:00,0,0
886,10/12/2015 , 19:00:00,0,0
887,10/12/2015 , 19:15:00,0,0
888,10/12/2015 , 19:30:00,0,0
889,10/12/2015 , 19:45:00,0,0
890,10/12/2015 , 20:00:00,0,0
891,10/12/2015 , 20:15:00,0,0
892,10/12/2015 , 20:30:00,0,0
893,10/12/2015 , 20:45:00,0,0
894,10/12/2015 , 21:00:00,0,0
895,10/12/2015 , 21:15:00,0,0
896,10/12/2015 , 21:30:00,0,0
897,10/12/2015 , 21:45:00,0,0
898,10/12/2015 , 22:00:00,0,0
899,10/12/2015 , 22:15:00,0,0
900,10/12/2015 , 22:30:00,0,0
901,10/12/2015 , 22:45:00,0,0
902,10/12/2015 , 23:00:00,0,0
903,10/12/2015 , 23:15:00,0,0
904,10/12/2015 , 23:30:00,0,0
905,10/12/2015 , 23:45:00,0,0
906,10/12/2015 , 24:00:00,0,0
907,11/12/2015 , 00:15:00,0,0
908,11/12/2015 , 00:30:00,0,0
909,11/12/2015 , 00:45:00,0,0
910,11/12/2015 , 01:00:00,0,0
911,11/12/2015 , 01:15:00,0,0
912,11/12/2015 , 01:30:00,0,0
913,11/12/2015 , 01:45:00,0,0
914,11/12/2015 , 02:00:00,0,0
915,11/12/2015 , 02:15:00,0,0
916,11/12/2015 , 02:30:00,0,0
917,11/12/2015 , 02:45:00,0,0
918,11/12/2015 , 03:00:00,0,0
919,11/12/2015 , 03:15:00,0,0
920,11/12/2015 , 03:30:00,0,0
921,11/12/2015 , 03:45:00,0,0
922,11/12/2015 , 04:00:00,0,0
923,11/12/2015 , 04:15:00,0,0
924,11/12/2015 , 04:30:00,0,0
925,11/12/2015 , 04:45:00,0,0
926,11/12/2015 , 05:00:00,0,0
927,11/12/2015 , 05:15:00,0,0
928,11/12/2015 , 05:30:00,0,0
929,11/12/2015 , 05:45:00,0,0
930,11/12/2015 , 06:00:00,0,0
931,11/12/2015 , 06:15:00,0,0
932,11/12/2015 , 06:30:00,0,0
933,11/12/2015 , 06:45:00,0,0
934,11/12/2015 , 07:00:00,5,5
935,11/12/2015 , 07:15:00,83,83
936,11/12/2015 , 07:30:00,281,281
937,11/12/2015 , 07:45:00,301,301
938,11/12/2015 , 08:00:00,580,580
939,11/12/2015 , 08:15:00,1169,1169
940,11/12/2015 , 08:30:00,1525,1525
941,11/12/2015 , 08:45:00,1371,1371
942,11/12/2015 , 09:00:00,2341,2341
943,11/12/2015 , 09:15:00,2127,2127
944,11/12/2015 , 09:30:00,3513,3513
945,11/12/2015 , 09:45:00,3530,3530
946,11/12/2015 , 10:00:00,4017,4017
947,11/12/2015 , 10:15:00,5558,5558
948,11/12/2015 , 10:30:00,5884,5884
949,11/12/2015 , 10:45:00,7091,7091
950,11/12/2015 , 11:00:00,9096,9096
951,11/12/2015 , 11:15:00,7124,7124
952,11/12/2015 , 11:30:00,9704,9704
953,11/12/2015 , 11:45:00,5161,5161
954,11/12/2015 , 12:00:00,10164,10164
955,11/12/2015 , 12:15:00,6969,6969
956,11/12/2015 , 12:30:00,5180,5180
957,11/12/2015 , 12:45:00,2419,2419
958,11/12/2015 , 13:00:00,2515,2515
959,11/12/2015 , 13:15:00,2702,2702
960,11/12/2015 , 13:30:00,3647,3647
961,11/12/2015 , 13:45:00,1304,1304
962,11/12/2015 , 14:00:00,1533,1533
963,11/12/2015 , 14:15:00,1654,1654
964,11/12/2015 , 14:30:00,1668,1668
965,11/12/2015 , 14:45:00,2768,2768
966,11/12/2015 , 15:00:00,1484,1484
967,11/12/2015 , 15:15:00,1481,1481
968,11/12/2015 , 15:30:00,1344,1344
969,11/12/2015 , 15:45:00,1291,1291
970,11/12/2015 , 16:00:00,975,975
971,11/12/2015 , 16:15:00,738,738
972,11/12/2015 , 16:30:00,678,678
973,11/12/2015 , 16:45:00,476,476
974,11/12/2015 , 17:00:00,858,858
975,11/12/2015 , 17:15:00,266,266
976,11/12/2015 , 17:30:00,405,405
977,11/12/2015 , 17:45:00,186,186
978,11/12/2015 , 18:00:00,25,25
979,11/12/2015 , 18:15:00,1,1
980,11/12/2015 , 18:30:00,0,0
981,11/12/2015 , 18:45:00,0,0
982,11/12/2015 , 19:00:00,0,0
983,11/12/2015 , 19:15:00,0,0
984,11/12/2015 , 19:30:00,0,0
985,11/12/2015 , 19:45:00,0,0
986,11/12/2015 , 20:00:00,0,0
987,11/12/2015 , 20:15:00,0,0
988,11/12/2015 , 20:30:00,0,0
989,11/12/2015 , 20:45:00,0,0
990,11/12/2015 , 21:00:00,0,0
991,11/12/2015 , 21:15:00,0,0
992,11/12/2015 , 21:30:00,0,0
993,11/12/2015 , 21:45:00,0,0
994,11/12/2015 , 22:00:00,0,0
995,11/12/2015 , 22:15:00,0,0
996,11/12/2015 , 22:30:00,0,0
997,11/12/2015 , 22:45:00,0,0
998,11/12/2015 , 23:00:00,0,0
999,11/12/2015 , 23:15:00,0,0
1000,11/12/2015 , 23:30:00,0,0
1001,11/12/2015 , 23:45:00,0,0
1002,11/12/2015 , 24:00:00,0,0
1003,12/12/2015 , 00:15:00,0,0
1004,12/12/2015 , 00:30:00,0,0
1005,12/12/2015 , 00:45:00,0,0
1006,12/12/2015 , 01:00:00,0,0
1007,12/12/2015 , 01:15:00,0,0
1008,12/12/2015 , 01:30:00,0,0
1009,12/12/2015 , 01:45:00,0,0
1010,12/12/2015 , 02:00:00,0,0
1011,12/12/2015 , 02:15:00,0,0
1012,12/12/2015 , 02:30:00,0,0
1013,12/12/2015 , 02:45:00,0,0
1014,12/12/2015 , 03:00:00,0,0
1015,12/12/2015 , 03:15:00,0,0
1016,12/12/2015 , 03:30:00,0,0
1017,12/12/2015 , 03:45:00,0,0
1018,12/12/2015 , 04:00:00,0,0
1019,12/12/2015 , 04:15:00,0,0
1020,12/12/2015 , 04:30:00,0,0
1021,12/12/2015 , 04:45:00,0,0
1022,12/12/2015 , 05:00:00,0,0
1023,12/12/2015 , 05:15:00,0,0
1024,12/12/2015 , 05:30:00,0,0
1025,12/12/2015 , 05:45:00,0,0
1026,12/12/2015 , 06:00:00,0,0
1027,12/12/2015 , 06:15:00,0,0
1028,12/12/2015 , 06:30:00,0,0
1029,12/12/2015 , 06:45:00,0,0
1030,12/12/2015 , 07:00:00,0,0
1031,12/12/2015 , 07:15:00,73,73
1032,12/12/2015 , 07:30:00,281,281
1033,12/12/2015 , 07:45:00,510,510
1034,12/12/2015 , 08:00:00,894,894
1035,12/12/2015 , 08:15:00,1236,1236
1036,12/12/2015 , 08:30:00,1504,1504
1037,12/12/2015 , 08:45:00,1661,1661
1038,12/12/2015 , 09:00:00,6848,6848
1039,12/12/2015 , 09:15:00,6722,6722
1040,12/12/2015 , 09:30:00,4157,4157
1041,12/12/2015 , 09:45:00,5393,5393
1042,12/12/2015 , 10:00:00,6444,6444
1043,12/12/2015 , 10:15:00,7126,7126
1044,12/12/2015 , 10:30:00,7873,7873
1045,12/12/2015 , 10:45:00,8600,8600
1046,12/12/2015 , 11:00:00,9941,9941
1047,12/12/2015 , 11:15:00,9703,9703
1048,12/12/2015 , 11:30:00,9874,9874
1049,12/12/2015 , 11:45:00,10256,10256
1050,12/12/2015 , 12:00:00,7156,7156
1051,12/12/2015 , 12:15:00,8445,8445
1052,12/12/2015 , 12:30:00,8865,8865
1053,12/12/2015 , 12:45:00,6264,6264
1054,12/12/2015 , 13:00:00,5249,5249
1055,12/12/2015 , 13:15:00,2573,2573
1056,12/12/2015 , 13:30:00,2376,2376
1057,12/12/2015 , 13:45:00,2933,2933
1058,12/12/2015 , 14:00:00,2187,2187
1059,12/12/2015 , 14:15:00,1846,1846
1060,12/12/2015 , 14:30:00,1731,1731
1061,12/12/2015 , 14:45:00,1049,1049
1062,12/12/2015 , 15:00:00,1877,1877
1063,12/12/2015 , 15:15:00,1697,1697
1064,12/12/2015 , 15:30:00,1835,1835
1065,12/12/2015 , 15:45:00,1213,1213
1066,12/12/2015 , 16:00:00,1865,1865
1067,12/12/2015 , 16:15:00,1436,1436
1068,12/12/2015 , 16:30:00,1367,1367
1069,12/12/2015 , 16:45:00,963,963
1070,12/12/2015 , 17:00:00,755,755
1071,12/12/2015 , 17:15:00,479,479
1072,12/12/2015 , 17:30:00,333,333
1073,12/12/2015 , 17:45:00,154,154
1074,12/12/2015 , 18:00:00,31,31
1075,12/12/2015 , 18:15:00,0,0
1076,12/12/2015 , 18:30:00,0,0
1077,12/12/2015 , 18:45:00,0,0
1078,12/12/2015 , 19:00:00,0,0
1079,12/12/2015 , 19:15:00,0,0
1080,12/12/2015 , 19:30:00,0,0
1081,12/12/2015 , 19:45:00,0,0
1082,12/12/2015 , 20:00:00,0,0
1083,12/12/2015 , 20:15:00,0,0
1084,12/12/2015 , 20:30:00,0,0
1085,12/12/2015 , 20:45:00,0,0
1086,12/12/2015 , 21:00:00,0,0
1087,12/12/2015 , 21:15:00,0,0
1088,12/12/2015 , 21:30:00,0,0
1089,12/12/2015 , 21:45:00,0,0
1090,12/12/2015 , 22:00:00,0,0
1091,12/12/2015 , 22:15:00,0,0
1092,12/12/2015 , 22:30:00,0,0
1093,12/12/2015 , 22:45:00,0,0
1094,12/12/2015 , 23:00:00,0,0
1095,12/12/2015 , 23:15:00,0,0
1096,12/12/2015 , 23:30:00,0,0
1097,12/12/2015 , 23:45:00,0,0
1098,12/12/2015 , 24:00:00,0,0
1099,13/12/2015 , 00:15:00,0,0
1100,13/12/2015 , 00:30:00,0,0
1101,13/12/2015 , 00:45:00,0,0
1102,13/12/2015 , 01:00:00,0,0
1103,13/12/2015 , 01:15:00,0,0
1104,13/12/2015 , 01:30:00,0,0
1105,13/12/2015 , 01:45:00,0,0
1106,13/12/2015 , 02:00:00,0,0
1107,13/12/2015 , 02:15:00,0,0
1108,13/12/2015 , 02:30:00,0,0
1109,13/12/2015 , 02:45:00,0,0
1110,13/12/2015 , 03:00:00,0,0
1111,13/12/2015 , 03:15:00,0,0
1112,13/12/2015 , 03:30:00,0,0
1113,13/12/2015 , 03:45:00,0,0
1114,13/12/2015 , 04:00:00,0,0
1115,13/12/2015 , 04:15:00,0,0
1116,13/12/2015 , 04:30:00,0,0
1117,13/12/2015 , 04:45:00,0,0
1118,13/12/2015 , 05:00:00,0,0
1119,13/12/2015 , 05:15:00,0,0
1120,13/12/2015 , 05:30:00,0,0
1121,13/12/2015 , 05:45:00,0,0
1122,13/12/2015 , 06:00:00,0,0
1123,13/12/2015 , 06:15:00,0,0
1124,13/12/2015 , 06:30:00,0,0
1125,13/12/2015 , 06:45:00,0,0
1126,13/12/2015 , 07:00:00,1,1
1127,13/12/2015 , 07:15:00,73,73
1128,13/12/2015 , 07:30:00,204,204
1129,13/12/2015 , 07:45:00,341,341
1130,13/12/2015 , 08:00:00,481,481
1131,13/12/2015 , 08:15:00,597,597
1132,13/12/2015 , 08:30:00,774,774
1133,13/12/2015 , 08:45:00,1142,1142
1134,13/12/2015 , 09:00:00,7944,7944
1135,13/12/2015 , 09:15:00,6325,6325
1136,13/12/2015 , 09:30:00,4077,4077
1137,13/12/2015 , 09:45:00,5323,5323
1138,13/12/2015 , 10:00:00,6355,6355
1139,13/12/2015 , 10:15:00,7062,7062
1140,13/12/2015 , 10:30:00,7828,7828
1141,13/12/2015 , 10:45:00,8553,8553
1142,13/12/2015 , 11:00:00,9966,9966
1143,13/12/2015 , 11:15:00,5833,5833
1144,13/12/2015 , 11:30:00,9286,9286
1145,13/12/2015 , 11:45:00,10220,10220
1146,13/12/2015 , 12:00:00,10208,10208
1147,13/12/2015 , 12:15:00,9794,9794
1148,13/12/2015 , 12:30:00,8574,8574
1149,13/12/2015 , 12:45:00,5477,5477
1150,13/12/2015 , 13:00:00,3068,3068
1151,13/12/2015 , 13:15:00,3940,3940
1152,13/12/2015 , 13:30:00,3404,3404
1153,13/12/2015 , 13:45:00,3761,3761
1154,13/12/2015 , 14:00:00,3646,3646
1155,13/12/2015 , 14:15:00,2017,2017
1156,13/12/2015 , 14:30:00,1115,1115
1157,13/12/2015 , 14:45:00,800,800
1158,13/12/2015 , 15:00:00,550,550
1159,13/12/2015 , 15:15:00,741,741
1160,13/12/2015 , 15:30:00,605,605
1161,13/12/2015 , 15:45:00,972,972
1162,13/12/2015 , 16:00:00,995,995
1163,13/12/2015 , 16:15:00,1049,1049
1164,13/12/2015 , 16:30:00,701,701
1165,13/12/2015 , 16:45:00,1033,1033
1166,13/12/2015 , 17:00:00,487,487
1167,13/12/2015 , 17:15:00,283,283
1168,13/12/2015 , 17:30:00,226,226
1169,13/12/2015 , 17:45:00,81,81
1170,13/12/2015 , 18:00:00,8,8
1171,13/12/2015 , 18:15:00,0,0
1172,13/12/2015 , 18:30:00,0,0
1173,13/12/2015 , 18:45:00,0,0
1174,13/12/2015 , 19:00:00,0,0
1175,13/12/2015 , 19:15:00,0,0
1176,13/12/2015 , 19:30:00,0,0
1177,13/12/2015 , 19:45:00,0,0
1178,13/12/2015 , 20:00:00,0,0
1179,13/12/2015 , 20:15:00,0,0
1180,13/12/2015 , 20:30:00,0,0
1181,13/12/2015 , 20:45:00,0,0
1182,13/12/2015 , 21:00:00,0,0
1183,13/12/2015 , 21:15:00,0,0
1184,13/12/2015 , 21:30:00,0,0
1185,13/12/2015 , 21:45:00,0,0
1186,13/12/2015 , 22:00:00,0,0
1187,13/12/2015 , 22:15:00,0,0
1188,13/12/2015 , 22:30:00,0,0
1189,13/12/2015 , 22:45:00,0,0
1190,13/12/2015 , 23:00:00,0,0
1191,13/12/2015 , 23:15:00,0,0
1192,13/12/2015 , 23:30:00,0,0
1193,13/12/2015 , 23:45:00,0,0
1194,13/12/2015 , 24:00:00,0,0
1195,14/12/2015 , 00:15:00,0,0
1196,14/12/2015 , 00:30:00,0,0
1197,14/12/2015 , 00:45:00,0,0
1198,14/12/2015 , 01:00:00,0,0
1199,14/12/2015 , 01:15:00,0,0
1200,14/12/2015 , 01:30:00,0,0
1201,14/12/2015 , 01:45:00,0,0
1202,14/12/2015 , 02:00:00,0,0
1203,14/12/2015 , 02:15:00,0,0
1204,14/12/2015 , 02:30:00,0,0
1205,14/12/2015 , 02:45:00,0,0
1206,14/12/2015 , 03:00:00,0,0
1207,14/12/2015 , 03:15:00,0,0
1208,14/12/2015 , 03:30:00,0,0
1209,14/12/2015 , 03:45:00,0,0
1210,14/12/2015 , 04:00:00,0,0
1211,14/12/2015 , 04:15:00,0,0
1212,14/12/2015 , 04:30:00,0,0
1213,14/12/2015 , 04:45:00,0,0
1214,14/12/2015 , 05:00:00,0,0
1215,14/12/2015 , 05:15:00,0,0
1216,14/12/2015 , 05:30:00,0,0
1217,14/12/2015 , 05:45:00,0,0
1218,14/12/2015 , 06:00:00,0,0
1219,14/12/2015 , 06:15:00,0,0
1220,14/12/2015 , 06:30:00,0,0
1221,14/12/2015 , 06:45:00,0,0
1222,14/12/2015 , 07:00:00,0,0
1223,14/12/2015 , 07:15:00,16,16
1224,14/12/2015 , 07:30:00,283,283
1225,14/12/2015 , 07:45:00,381,381
1226,14/12/2015 , 08:00:00,392,392
1227,14/12/2015 , 08:15:00,816,816
1228,14/12/2015 , 08:30:00,928,928
1229,14/12/2015 , 08:45:00,1018,1018
1230,14/12/2015 , 09:00:00,2894,2894
1231,14/12/2015 , 09:15:00,3225,3225
1232,14/12/2015 , 09:30:00,4367,4367
1233,14/12/2015 , 09:45:00,5114,5114
1234,14/12/2015 , 10:00:00,6015,6015
1235,14/12/2015 , 10:15:00,2466,2466
1236,14/12/2015 , 10:30:00,1926,1926
1237,14/12/2015 , 10:45:00,4226,4226
1238,14/12/2015 , 11:00:00,1484,1484
1239,14/12/2015 , 11:15:00,1100,1100
1240,14/12/2015 , 11:30:00,1241,1241
1241,14/12/2015 , 11:45:00,3605,3605
1242,14/12/2015 , 12:00:00,3536,3536
1243,14/12/2015 , 12:15:00,5494,5494
1244,14/12/2015 , 12:30:00,10310,10310
1245,14/12/2015 , 12:45:00,5812,5812
1246,14/12/2015 , 13:00:00,4837,4837
1247,14/12/2015 , 13:15:00,9902,9902
1248,14/12/2015 , 13:30:00,2579,2579
1249,14/12/2015 , 13:45:00,5174,5174
1250,14/12/2015 , 14:00:00,2650,2650
1251,14/12/2015 , 14:15:00,5090,5090
1252,14/12/2015 , 14:30:00,3346,3346
1253,14/12/2015 , 14:45:00,2749,2749
1254,14/12/2015 , 15:00:00,2749,2749
1255,14/12/2015 , 15:15:00,3026,3026
1256,14/12/2015 , 15:30:00,3567,3567
1257,14/12/2015 , 15:45:00,2448,2448
1258,14/12/2015 , 16:00:00,767,767
1259,14/12/2015 , 16:15:00,1418,1418
1260,14/12/2015 , 16:30:00,574,574
1261,14/12/2015 , 16:45:00,463,463
1262,14/12/2015 , 17:00:00,452,452
1263,14/12/2015 , 17:15:00,225,225
1264,14/12/2015 , 17:30:00,215,215
1265,14/12/2015 , 17:45:00,103,103
1266,14/12/2015 , 18:00:00,1,1
1267,14/12/2015 , 18:15:00,0,0
1268,14/12/2015 , 18:30:00,0,0
1269,14/12/2015 , 18:45:00,0,0
1270,14/12/2015 , 19:00:00,0,0
1271,14/12/2015 , 19:15:00,0,0
1272,14/12/2015 , 19:30:00,0,0
1273,14/12/2015 , 19:45:00,0,0
1274,14/12/2015 , 20:00:00,0,0
1275,14/12/2015 , 20:15:00,0,0
1276,14/12/2015 , 20:30:00,0,0
1277,14/12/2015 , 20:45:00,0,0
1278,14/12/2015 , 21:00:00,0,0
1279,14/12/2015 , 21:15:00,0,0
1280,14/12/2015 , 21:30:00,0,0
1281,14/12/2015 , 21:45:00,0,0
1282,14/12/2015 , 22:00:00,0,0
1283,14/12/2015 , 22:15:00,0,0
1284,14/12/2015 , 22:30:00,0,0
1285,14/12/2015 , 22:45:00,0,0
1286,14/12/2015 , 23:00:00,0,0
1287,14/12/2015 , 23:15:00,0,0
1288,14/12/2015 , 23:30:00,0,0
1289,14/12/2015 , 23:45:00,0,0
1290,14/12/2015 , 24:00:00,0,0
1291,15/12/2015 , 00:15:00,0,0
1292,15/12/2015 , 00:30:00,0,0
1293,15/12/2015 , 00:45:00,0,0
1294,15/12/2015 , 01:00:00,0,0
1295,15/12/2015 , 01:15:00,0,0
1296,15/12/2015 , 01:30:00,0,0
1297,15/12/2015 , 01:45:00,0,0
1298,15/12/2015 , 02:00:00,0,0
1299,15/12/2015 , 02:15:00,0,0
1300,15/12/2015 , 02:30:00,0,0
1301,15/12/2015 , 02:45:00,0,0
1302,15/12/2015 , 03:00:00,0,0
1303,15/12/2015 , 03:15:00,0,0
1304,15/12/2015 , 03:30:00,0,0
1305,15/12/2015 , 03:45:00,0,0
1306,15/12/2015 , 04:00:00,0,0
1307,15/12/2015 , 04:15:00,0,0
1308,15/12/2015 , 04:30:00,0,0
1309,15/12/2015 , 04:45:00,0,0
1310,15/12/2015 , 05:00:00,0,0
1311,15/12/2015 , 05:15:00,0,0
1312,15/12/2015 , 05:30:00,0,0
1313,15/12/2015 , 05:45:00,0,0
1314,15/12/2015 , 06:00:00,0,0
1315,15/12/2015 , 06:15:00,0,0
1316,15/12/2015 , 06:30:00,0,0
1317,15/12/2015 , 06:45:00,0,0
1318,15/12/2015 , 07:00:00,0,0
1319,15/12/2015 , 07:15:00,38,38
1320,15/12/2015 , 07:30:00,232,232
1321,15/12/2015 , 07:45:00,411,411
1322,15/12/2015 , 08:00:00,560,560
1323,15/12/2015 , 08:15:00,789,789
1324,15/12/2015 , 08:30:00,977,977
1325,15/12/2015 , 08:45:00,1243,1243
1326,15/12/2015 , 09:00:00,6780,6780
1327,15/12/2015 , 09:15:00,6689,6689
1328,15/12/2015 , 09:30:00,4240,4240
1329,15/12/2015 , 09:45:00,5355,5355
1330,15/12/2015 , 10:00:00,6509,6509
1331,15/12/2015 , 10:15:00,7320,7320
1332,15/12/2015 , 10:30:00,8503,8503
1333,15/12/2015 , 10:45:00,9777,9777
1334,15/12/2015 , 11:00:00,8935,8935
1335,15/12/2015 , 11:15:00,8701,8701
1336,15/12/2015 , 11:30:00,11385,11385
1337,15/12/2015 , 11:45:00,9193,9193
1338,15/12/2015 , 12:00:00,8973,8973
1339,15/12/2015 , 12:15:00,10230,10230
1340,15/12/2015 , 12:30:00,9222,9222
1341,15/12/2015 , 12:45:00,7144,7144
1342,15/12/2015 , 13:00:00,7878,7878
1343,15/12/2015 , 13:15:00,7639,7639
1344,15/12/2015 , 13:30:00,7934,7934
1345,15/12/2015 , 13:45:00,7236,7236
1346,15/12/2015 , 14:00:00,5152,5152
1347,15/12/2015 , 14:15:00,3820,3820
1348,15/12/2015 , 14:30:00,4504,4504
1349,15/12/2015 , 14:45:00,2786,2786
1350,15/12/2015 , 15:00:00,3226,3226
1351,15/12/2015 , 15:15:00,1675,1675
1352,15/12/2015 , 15:30:00,1549,1549
1353,15/12/2015 , 15:45:00,1562,1562
1354,15/12/2015 , 16:00:00,1357,1357
1355,15/12/2015 , 16:15:00,1677,1677
1356,15/12/2015 , 16:30:00,1060,1060
1357,15/12/2015 , 16:45:00,926,926
1358,15/12/2015 , 17:00:00,1151,1151
1359,15/12/2015 , 17:15:00,246,246
1360,15/12/2015 , 17:30:00,198,198
1361,15/12/2015 , 17:45:00,225,225
1362,15/12/2015 , 18:00:00,15,15
1363,15/12/2015 , 18:15:00,0,0
1364,15/12/2015 , 18:30:00,0,0
1365,15/12/2015 , 18:45:00,0,0
1366,15/12/2015 , 19:00:00,0,0
1367,15/12/2015 , 19:15:00,0,0
1368,15/12/2015 , 19:30:00,0,0
1369,15/12/2015 , 19:45:00,0,0
1370,15/12/2015 , 20:00:00,0,0
1371,15/12/2015 , 20:15:00,0,0
1372,15/12/2015 , 20:30:00,0,0
1373,15/12/2015 , 20:45:00,0,0
1374,15/12/2015 , 21:00:00,0,0
1375,15/12/2015 , 21:15:00,0,0
1376,15/12/2015 , 21:30:00,0,0
1377,15/12/2015 , 21:45:00,0,0
1378,15/12/2015 , 22:00:00,0,0
1379,15/12/2015 , 22:15:00,0,0
1380,15/12/2015 , 22:30:00,0,0
1381,15/12/2015 , 22:45:00,0,0
1382,15/12/2015 , 23:00:00,0,0
1383,15/12/2015 , 23:15:00,0,0
1384,15/12/2015 , 23:30:00,0,0
1385,15/12/2015 , 23:45:00,0,0
1386,15/12/2015 , 24:00:00,0,0
1387,16/12/2015 , 00:15:00,0,0
1388,16/12/2015 , 00:30:00,0,0
1389,16/12/2015 , 00:45:00,0,0
1390,16/12/2015 , 01:00:00,0,0
1391,16/12/2015 , 01:15:00,0,0
1392,16/12/2015 , 01:30:00,0,0
1393,16/12/2015 , 01:45:00,0,0
1394,16/12/2015 , 02:00:00,0,0
1395,16/12/2015 , 02:15:00,0,0
1396,16/12/2015 , 02:30:00,0,0
1397,16/12/2015 , 02:45:00,0,0
1398,16/12/2015 , 03:00:00,0,0
1399,16/12/2015 , 03:15:00,0,0
1400,16/12/2015 , 03:30:00,0,0
1401,16/12/2015 , 03:45:00,0,0
1402,16/12/2015 , 04:00:00,0,0
1403,16/12/2015 , 04:15:00,0,0
1404,16/12/2015 , 04:30:00,0,0
1405,16/12/2015 , 04:45:00,0,0
1406,16/12/2015 , 05:00:00,0,0
1407,16/12/2015 , 05:15:00,0,0
1408,16/12/2015 , 05:30:00,0,0
1409,16/12/2015 , 05:45:00,0,0
1410,16/12/2015 , 06:00:00,0,0
1411,16/12/2015 , 06:15:00,0,0
1412,16/12/2015 , 06:30:00,0,0
1413,16/12/2015 , 06:45:00,7,7
1414,16/12/2015 , 07:00:00,26,26
1415,16/12/2015 , 07:15:00,96,96
1416,16/12/2015 , 07:30:00,237,237
1417,16/12/2015 , 07:45:00,394,394
1418,16/12/2015 , 08:00:00,917,917
1419,16/12/2015 , 08:15:00,642,642
1420,16/12/2015 , 08:30:00,784,784
1421,16/12/2015 , 08:45:00,1405,1405
1422,16/12/2015 , 09:00:00,3670,3670
1423,16/12/2015 , 09:15:00,6957,6957
1424,16/12/2015 , 09:30:00,3223,3223
1425,16/12/2015 , 09:45:00,2853,2853
1426,16/12/2015 , 10:00:00,4275,4275
1427,16/12/2015 , 10:15:00,3353,3353
1428,16/12/2015 , 10:30:00,4759,4759
1429,16/12/2015 , 10:45:00,6281,6281
1430,16/12/2015 , 11:00:00,5809,5809
1431,16/12/2015 , 11:15:00,6057,6057
1432,16/12/2015 , 11:30:00,5355,5355
1433,16/12/2015 , 11:45:00,11774,11774
1434,16/12/2015 , 12:00:00,10553,10553
1435,16/12/2015 , 12:15:00,10219,10219
1436,16/12/2015 , 12:30:00,9484,9484
1437,16/12/2015 , 12:45:00,7249,7249
1438,16/12/2015 , 13:00:00,7316,7316
1439,16/12/2015 , 13:15:00,7697,7697
1440,16/12/2015 , 13:30:00,7515,7515
1441,16/12/2015 , 13:45:00,6165,6165
1442,16/12/2015 , 14:00:00,5463,5463
1443,16/12/2015 , 14:15:00,4654,4654
1444,16/12/2015 , 14:30:00,4942,4942
1445,16/12/2015 , 14:45:00,4402,4402
1446,16/12/2015 , 15:00:00,3328,3328
1447,16/12/2015 , 15:15:00,2787,2787
1448,16/12/2015 , 15:30:00,1670,1670
1449,16/12/2015 , 15:45:00,2315,2315
1450,16/12/2015 , 16:00:00,1766,1766
1451,16/12/2015 , 16:15:00,1532,1532
1452,16/12/2015 , 16:30:00,2076,2076
1453,16/12/2015 , 16:45:00,614,614
1454,16/12/2015 , 17:00:00,1232,1232
1455,16/12/2015 , 17:15:00,540,540
1456,16/12/2015 , 17:30:00,438,438
1457,16/12/2015 , 17:45:00,187,187
1458,16/12/2015 , 18:00:00,87,87
1459,16/12/2015 , 18:15:00,36,36
1460,16/12/2015 , 18:30:00,30,30
1461,16/12/2015 , 18:45:00,29,29
1462,16/12/2015 , 19:00:00,30,30
1463,16/12/2015 , 19:15:00,29,29
1464,16/12/2015 , 19:30:00,30,30
1465,16/12/2015 , 19:45:00,30,30
1466,16/12/2015 , 20:00:00,29,29
1467,16/12/2015 , 20:15:00,29,29
1468,16/12/2015 , 20:30:00,30,30
1469,16/12/2015 , 20:45:00,30,30
1470,16/12/2015 , 21:00:00,31,31
1471,16/12/2015 , 21:15:00,30,30
1472,16/12/2015 , 21:30:00,30,30
1473,16/12/2015 , 21:45:00,31,31
1474,16/12/2015 , 22:00:00,31,31
1475,16/12/2015 , 22:15:00,31,31
1476,16/12/2015 , 22:30:00,33,33
1477,16/12/2015 , 22:45:00,31,31
1478,16/12/2015 , 23:00:00,32,32
1479,16/12/2015 , 23:15:00,32,32
1480,16/12/2015 , 23:30:00,31,31
1481,16/12/2015 , 23:45:00,33,33
1482,16/12/2015 , 24:00:00,33,33
1483,17/12/2015 , 00:15:00,32,32
1484,17/12/2015 , 00:30:00,32,32
1485,17/12/2015 , 00:45:00,32,32
1486,17/12/2015 , 01:00:00,33,33
1487,17/12/2015 , 01:15:00,31,31
1488,17/12/2015 , 01:30:00,32,32
1489,17/12/2015 , 01:45:00,32,32
1490,17/12/2015 , 02:00:00,33,33
1491,17/12/2015 , 02:15:00,33,33
1492,17/12/2015 , 02:30:00,33,33
1493,17/12/2015 , 02:45:00,33,33
1494,17/12/2015 , 03:00:00,33,33
1495,17/12/2015 , 03:15:00,34,34
1496,17/12/2015 , 03:30:00,33,33
1497,17/12/2015 , 03:45:00,33,33
1498,17/12/2015 , 04:00:00,33,33
1499,17/12/2015 , 04:15:00,33,33
1500,17/12/2015 , 04:30:00,33,33
1501,17/12/2015 , 04:45:00,33,33
1502,17/12/2015 , 05:00:00,32,32
1503,17/12/2015 , 05:15:00,34,34
1504,17/12/2015 , 05:30:00,33,33
1505,17/12/2015 , 05:45:00,34,34
1506,17/12/2015 , 06:00:00,34,34
1507,17/12/2015 , 06:15:00,32,32
1508,17/12/2015 , 06:30:00,32,32
1509,17/12/2015 , 06:45:00,33,33
1510,17/12/2015 , 07:00:00,45,45
1511,17/12/2015 , 07:15:00,92,92
1512,17/12/2015 , 07:30:00,772,772
1513,17/12/2015 , 07:45:00,364,364
1514,17/12/2015 , 08:00:00,435,435
1515,17/12/2015 , 08:15:00,1260,1260
1516,17/12/2015 , 08:30:00,1319,1319
1517,17/12/2015 , 08:45:00,1605,1605
1518,17/12/2015 , 09:00:00,1562,1562
1519,17/12/2015 , 09:15:00,2544,2544
1520,17/12/2015 , 09:30:00,4880,4880
1521,17/12/2015 , 09:45:00,2308,2308
1522,17/12/2015 , 10:00:00,2412,2412
1523,17/12/2015 , 10:15:00,5263,5263
1524,17/12/2015 , 10:30:00,2256,2256
1525,17/12/2015 , 10:45:00,1199,1199
1526,17/12/2015 , 11:00:00,1600,1600
1527,17/12/2015 , 11:15:00,1303,1303
1528,17/12/2015 , 11:30:00,1218,1218
1529,17/12/2015 , 11:45:00,1148,1148
1530,17/12/2015 , 12:00:00,1389,1389
1531,17/12/2015 , 12:15:00,1750,1750
1532,17/12/2015 , 12:30:00,1727,1727
1533,17/12/2015 , 12:45:00,2280,2280
1534,17/12/2015 , 13:00:00,6052,6052
1535,17/12/2015 , 13:15:00,6477,6477
1536,17/12/2015 , 13:30:00,6400,6400
1537,17/12/2015 , 13:45:00,5646,5646
1538,17/12/2015 , 14:00:00,3676,3676
1539,17/12/2015 , 14:15:00,4457,4457
1540,17/12/2015 , 14:30:00,2700,2700
1541,17/12/2015 , 14:45:00,2801,2801
1542,17/12/2015 , 15:00:00,2105,2105
1543,17/12/2015 , 15:15:00,1953,1953
1544,17/12/2015 , 15:30:00,1704,1704
1545,17/12/2015 , 15:45:00,1883,1883
1546,17/12/2015 , 16:00:00,1375,1375
1547,17/12/2015 , 16:15:00,758,758
1548,17/12/2015 , 16:30:00,905,905
1549,17/12/2015 , 16:45:00,816,816
1550,17/12/2015 , 17:00:00,466,466
1551,17/12/2015 , 17:15:00,308,308
1552,17/12/2015 , 17:30:00,209,209
1553,17/12/2015 , 17:45:00,122,122
1554,17/12/2015 , 18:00:00,74,74
1555,17/12/2015 , 18:15:00,35,35
1556,17/12/2015 , 18:30:00,28,28
1557,17/12/2015 , 18:45:00,29,29
1558,17/12/2015 , 19:00:00,28,28
1559,17/12/2015 , 19:15:00,28,28
1560,17/12/2015 , 19:30:00,31,31
1561,17/12/2015 , 19:45:00,29,29
1562,17/12/2015 , 20:00:00,30,30
1563,17/12/2015 , 20:15:00,31,31
1564,17/12/2015 , 20:30:00,32,32
1565,17/12/2015 , 20:45:00,32,32
1566,17/12/2015 , 21:00:00,33,33
1567,17/12/2015 , 21:15:00,32,32
1568,17/12/2015 , 21:30:00,33,33
1569,17/12/2015 , 21:45:00,33,33
1570,17/12/2015 , 22:00:00,33,33
1571,17/12/2015 , 22:15:00,32,32
1572,17/12/2015 , 22:30:00,32,32
1573,17/12/2015 , 22:45:00,33,33
1574,17/12/2015 , 23:00:00,33,33
1575,17/12/2015 , 23:15:00,33,33
1576,17/12/2015 , 23:30:00,33,33
1577,17/12/2015 , 23:45:00,33,33
1578,17/12/2015 , 24:00:00,35,35
1579,18/12/2015 , 00:15:00,34,34
1580,18/12/2015 , 00:30:00,34,34
1581,18/12/2015 , 00:45:00,34,34
1582,18/12/2015 , 01:00:00,34,34
1583,18/12/2015 , 01:15:00,34,34
1584,18/12/2015 , 01:30:00,33,33
1585,18/12/2015 , 01:45:00,34,34
1586,18/12/2015 , 02:00:00,34,34
1587,18/12/2015 , 02:15:00,33,33
1588,18/12/2015 , 02:30:00,34,34
1589,18/12/2015 , 02:45:00,34,34
1590,18/12/2015 , 03:00:00,34,34
1591,18/12/2015 , 03:15:00,35,35
1592,18/12/2015 , 03:30:00,35,35
1593,18/12/2015 , 03:45:00,34,34
1594,18/12/2015 , 04:00:00,33,33
1595,18/12/2015 , 04:15:00,34,34
1596,18/12/2015 , 04:30:00,34,34
1597,18/12/2015 , 04:45:00,34,34
1598,18/12/2015 , 05:00:00,33,33
1599,18/12/2015 , 05:15:00,34,34
1600,18/12/2015 , 05:30:00,34,34
1601,18/12/2015 , 05:45:00,34,34
1602,18/12/2015 , 06:00:00,34,34
1603,18/12/2015 , 06:15:00,33,33
1604,18/12/2015 , 06:30:00,31,31
1605,18/12/2015 , 06:45:00,31,31
1606,18/12/2015 , 07:00:00,40,40
1607,18/12/2015 , 07:15:00,100,100
1608,18/12/2015 , 07:30:00,329,329
1609,18/12/2015 , 07:45:00,610,610
1610,18/12/2015 , 08:00:00,804,804
1611,18/12/2015 , 08:15:00,1196,1196
1612,18/12/2015 , 08:30:00,1864,1864
1613,18/12/2015 , 08:45:00,1926,1926
1614,18/12/2015 , 09:00:00,2488,2488
1615,18/12/2015 , 09:15:00,2538,2538
1616,18/12/2015 , 09:30:00,3166,3166
1617,18/12/2015 , 09:45:00,1403,1403
1618,18/12/2015 , 10:00:00,1446,1446
1619,18/12/2015 , 10:15:00,4579,4579
1620,18/12/2015 , 10:30:00,3159,3159
1621,18/12/2015 , 10:45:00,2645,2645
1622,18/12/2015 , 11:00:00,6036,6036
1623,18/12/2015 , 11:15:00,8535,8535
1624,18/12/2015 , 11:30:00,9584,9584
1625,18/12/2015 , 11:45:00,11269,11269
1626,18/12/2015 , 12:00:00,7893,7893
1627,18/12/2015 , 12:15:00,7744,7744
1628,18/12/2015 , 12:30:00,7814,7814
1629,18/12/2015 , 12:45:00,5530,5530
1630,18/12/2015 , 13:00:00,6685,6685
1631,18/12/2015 , 13:15:00,6803,6803
1632,18/12/2015 , 13:30:00,5117,5117
1633,18/12/2015 , 13:45:00,5365,5365
1634,18/12/2015 , 14:00:00,3681,3681
1635,18/12/2015 , 14:15:00,3392,3392
1636,18/12/2015 , 14:30:00,1086,1086
1637,18/12/2015 , 14:45:00,1188,1188
1638,18/12/2015 , 15:00:00,1025,1025
1639,18/12/2015 , 15:15:00,774,774
1640,18/12/2015 , 15:30:00,581,581
1641,18/12/2015 , 15:45:00,436,436
1642,18/12/2015 , 16:00:00,762,762
1643,18/12/2015 , 16:15:00,1474,1474
1644,18/12/2015 , 16:30:00,1225,1225
1645,18/12/2015 , 16:45:00,1482,1482
1646,18/12/2015 , 17:00:00,1198,1198
1647,18/12/2015 , 17:15:00,694,694
1648,18/12/2015 , 17:30:00,341,341
1649,18/12/2015 , 17:45:00,148,148
1650,18/12/2015 , 18:00:00,38,38
1651,18/12/2015 , 18:15:00,8,8
1652,18/12/2015 , 18:30:00,6,6
1653,18/12/2015 , 18:45:00,6,6
1654,18/12/2015 , 19:00:00,5,5
1655,18/12/2015 , 19:15:00,5,5
1656,18/12/2015 , 19:30:00,6,6
1657,18/12/2015 , 19:45:00,6,6
1658,18/12/2015 , 20:00:00,7,7
1659,18/12/2015 , 20:15:00,7,7
1660,18/12/2015 , 20:30:00,7,7
1661,18/12/2015 , 20:45:00,8,8
1662,18/12/2015 , 21:00:00,8,8
1663,18/12/2015 , 21:15:00,8,8
1664,18/12/2015 , 21:30:00,9,9
1665,18/12/2015 , 21:45:00,8,8
1666,18/12/2015 , 22:00:00,9,9
1667,18/12/2015 , 22:15:00,10,10
1668,18/12/2015 , 22:30:00,11,11
1669,18/12/2015 , 22:45:00,10,10
1670,18/12/2015 , 23:00:00,10,10
1671,18/12/2015 , 23:15:00,13,13
1672,18/12/2015 , 23:30:00,14,14
1673,18/12/2015 , 23:45:00,12,12
1674,18/12/2015 , 24:00:00,11,11
1675,19/12/2015 , 00:15:00,11,11
1676,19/12/2015 , 00:30:00,10,10
1677,19/12/2015 , 00:45:00,11,11
1678,19/12/2015 , 01:00:00,12,12
1679,19/12/2015 , 01:15:00,12,12
1680,19/12/2015 , 01:30:00,13,13
1681,19/12/2015 , 01:45:00,12,12
1682,19/12/2015 , 02:00:00,12,12
1683,19/12/2015 , 02:15:00,15,15
1684,19/12/2015 , 02:30:00,15,15
1685,19/12/2015 , 02:45:00,15,15
1686,19/12/2015 , 03:00:00,16,16
1687,19/12/2015 , 03:15:00,15,15
1688,19/12/2015 , 03:30:00,15,15
1689,19/12/2015 , 03:45:00,15,15
1690,19/12/2015 , 04:00:00,16,16
1691,19/12/2015 , 04:15:00,14,14
1692,19/12/2015 , 04:30:00,15,15
1693,19/12/2015 , 04:45:00,16,16
1694,19/12/2015 , 05:00:00,15,15
1695,19/12/2015 , 05:15:00,15,15
1696,19/12/2015 , 05:30:00,16,16
1697,19/12/2015 , 05:45:00,17,17
1698,19/12/2015 , 06:00:00,16,16
1699,19/12/2015 , 06:15:00,17,17
1700,19/12/2015 , 06:30:00,12,12
1701,19/12/2015 , 06:45:00,12,12
1702,19/12/2015 , 07:00:00,18,18
1703,19/12/2015 , 07:15:00,61,61
1704,19/12/2015 , 07:30:00,239,239
1705,19/12/2015 , 07:45:00,336,336
1706,19/12/2015 , 08:00:00,728,728
1707,19/12/2015 , 08:15:00,746,746
1708,19/12/2015 , 08:30:00,772,772
1709,19/12/2015 , 08:45:00,599,599
1710,19/12/2015 , 09:00:00,709,709
1711,19/12/2015 , 09:15:00,3461,3461
1712,19/12/2015 , 09:30:00,5536,5536
1713,19/12/2015 , 09:45:00,3869,3869
1714,19/12/2015 , 10:00:00,4052,4052
1715,19/12/2015 , 10:15:00,4948,4948
1716,19/12/2015 , 10:30:00,3680,3680
1717,19/12/2015 , 10:45:00,6157,6157
1718,19/12/2015 , 11:00:00,3059,3059
1719,19/12/2015 , 11:15:00,5909,5909
1720,19/12/2015 , 11:30:00,8306,8306
1721,19/12/2015 , 11:45:00,6593,6593
1722,19/12/2015 , 12:00:00,5153,5153
1723,19/12/2015 , 12:15:00,8316,8316
1724,19/12/2015 , 12:30:00,9172,9172
1725,19/12/2015 , 12:45:00,7826,7826
1726,19/12/2015 , 13:00:00,6959,6959
1727,19/12/2015 , 13:15:00,4607,4607
1728,19/12/2015 , 13:30:00,3182,3182
1729,19/12/2015 , 13:45:00,2956,2956
1730,19/12/2015 , 14:00:00,1628,1628
1731,19/12/2015 , 14:15:00,2168,2168
1732,19/12/2015 , 14:30:00,2898,2898
1733,19/12/2015 , 14:45:00,2715,2715
1734,19/12/2015 , 15:00:00,3238,3238
1735,19/12/2015 , 15:15:00,3023,3023
1736,19/12/2015 , 15:30:00,2446,2446
1737,19/12/2015 , 15:45:00,1716,1716
1738,19/12/2015 , 16:00:00,1254,1254
1739,19/12/2015 , 16:15:00,1092,1092
1740,19/12/2015 , 16:30:00,1038,1038
1741,19/12/2015 , 16:45:00,755,755
1742,19/12/2015 , 17:00:00,454,454
1743,19/12/2015 , 17:15:00,609,609
1744,19/12/2015 , 17:30:00,390,390
1745,19/12/2015 , 17:45:00,212,212
1746,19/12/2015 , 18:00:00,99,99
1747,19/12/2015 , 18:15:00,22,22
1748,19/12/2015 , 18:30:00,13,13
1749,19/12/2015 , 18:45:00,12,12
1750,19/12/2015 , 19:00:00,12,12
1751,19/12/2015 , 19:15:00,12,12
1752,19/12/2015 , 19:30:00,13,13
1753,19/12/2015 , 19:45:00,12,12
1754,19/12/2015 , 20:00:00,12,12
1755,19/12/2015 , 20:15:00,12,12
1756,19/12/2015 , 20:30:00,13,13
1757,19/12/2015 , 20:45:00,12,12
1758,19/12/2015 , 21:00:00,12,12
1759,19/12/2015 , 21:15:00,12,12
1760,19/12/2015 , 21:30:00,13,13
1761,19/12/2015 , 21:45:00,13,13
1762,19/12/2015 , 22:00:00,14,14
1763,19/12/2015 , 22:15:00,13,13
1764,19/12/2015 , 22:30:00,12,12
1765,19/12/2015 , 22:45:00,11,11
1766,19/12/2015 , 23:00:00,12,12
1767,19/12/2015 , 23:15:00,13,13
1768,19/12/2015 , 23:30:00,11,11
1769,19/12/2015 , 23:45:00,13,13
1770,19/12/2015 , 24:00:00,14,14
1771,20/12/2015 , 00:15:00,14,14
1772,20/12/2015 , 00:30:00,14,14
1773,20/12/2015 , 00:45:00,14,14
1774,20/12/2015 , 01:00:00,14,14
1775,20/12/2015 , 01:15:00,15,15
1776,20/12/2015 , 01:30:00,15,15
1777,20/12/2015 , 01:45:00,16,16
1778,20/12/2015 , 02:00:00,15,15
1779,20/12/2015 , 02:15:00,16,16
1780,20/12/2015 , 02:30:00,16,16
1781,20/12/2015 , 02:45:00,16,16
1782,20/12/2015 , 03:00:00,16,16
1783,20/12/2015 , 03:15:00,15,15
1784,20/12/2015 , 03:30:00,14,14
1785,20/12/2015 , 03:45:00,15,15
1786,20/12/2015 , 04:00:00,14,14
1787,20/12/2015 , 04:15:00,15,15
1788,20/12/2015 , 04:30:00,15,15
1789,20/12/2015 , 04:45:00,14,14
1790,20/12/2015 , 05:00:00,13,13
1791,20/12/2015 , 05:15:00,13,13
1792,20/12/2015 , 05:30:00,15,15
1793,20/12/2015 , 05:45:00,14,14
1794,20/12/2015 , 06:00:00,13,13
1795,20/12/2015 , 06:15:00,13,13
1796,20/12/2015 , 06:30:00,14,14
1797,20/12/2015 , 06:45:00,13,13
1798,20/12/2015 , 07:00:00,19,19
1799,20/12/2015 , 07:15:00,80,80
1800,20/12/2015 , 07:30:00,332,332
1801,20/12/2015 , 07:45:00,653,653
1802,20/12/2015 , 08:00:00,553,553
1803,20/12/2015 , 08:15:00,942,942
1804,20/12/2015 , 08:30:00,889,889
1805,20/12/2015 , 08:45:00,1077,1077
1806,20/12/2015 , 09:00:00,551,551
1807,20/12/2015 , 09:15:00,2249,2249
1808,20/12/2015 , 09:30:00,2138,2138
1809,20/12/2015 , 09:45:00,1353,1353
1810,20/12/2015 , 10:00:00,1410,1410
1811,20/12/2015 , 10:15:00,2529,2529
1812,20/12/2015 , 10:30:00,1815,1815
1813,20/12/2015 , 10:45:00,1308,1308
1814,20/12/2015 , 11:00:00,1644,1644
1815,20/12/2015 , 11:15:00,2969,2969
1816,20/12/2015 , 11:30:00,5818,5818
1817,20/12/2015 , 11:45:00,4259,4259
1818,20/12/2015 , 12:00:00,7643,7643
1819,20/12/2015 , 12:15:00,10621,10621
1820,20/12/2015 , 12:30:00,10141,10141
1821,20/12/2015 , 12:45:00,8992,8992
1822,20/12/2015 , 13:00:00,9106,9106
1823,20/12/2015 , 13:15:00,6463,6463
1824,20/12/2015 , 13:30:00,6436,6436
1825,20/12/2015 , 13:45:00,6894,6894
1826,20/12/2015 , 14:00:00,2932,2932
1827,20/12/2015 , 14:15:00,5420,5420
1828,20/12/2015 , 14:30:00,4881,4881
1829,20/12/2015 , 14:45:00,3026,3026
1830,20/12/2015 , 15:00:00,1978,1978
1831,20/12/2015 , 15:15:00,1321,1321
1832,20/12/2015 , 15:30:00,1727,1727
1833,20/12/2015 , 15:45:00,1458,1458
1834,20/12/2015 , 16:00:00,1040,1040
1835,20/12/2015 , 16:15:00,975,975
1836,20/12/2015 , 16:30:00,1164,1164
1837,20/12/2015 , 16:45:00,525,525
1838,20/12/2015 , 17:00:00,366,366
1839,20/12/2015 , 17:15:00,306,306
1840,20/12/2015 , 17:30:00,178,178
1841,20/12/2015 , 17:45:00,114,114
1842,20/12/2015 , 18:00:00,34,34
1843,20/12/2015 , 18:15:00,0,0
1844,20/12/2015 , 18:30:00,0,0
1845,20/12/2015 , 18:45:00,0,0
1846,20/12/2015 , 19:00:00,0,0
1847,20/12/2015 , 19:15:00,0,0
1848,20/12/2015 , 19:30:00,0,0
1849,20/12/2015 , 19:45:00,0,0
1850,20/12/2015 , 20:00:00,0,0
1851,20/12/2015 , 20:15:00,0,0
1852,20/12/2015 , 20:30:00,0,0
1853,20/12/2015 , 20:45:00,2,2
1854,20/12/2015 , 21:00:00,1,1
1855,20/12/2015 , 21:15:00,0,0
1856,20/12/2015 , 21:30:00,2,2
1857,20/12/2015 , 21:45:00,0,0
1858,20/12/2015 , 22:00:00,1,1
1859,20/12/2015 , 22:15:00,1,1
1860,20/12/2015 , 22:30:00,0,0
1861,20/12/2015 , 22:45:00,0,0
1862,20/12/2015 , 23:00:00,0,0
1863,20/12/2015 , 23:15:00,0,0
1864,20/12/2015 , 23:30:00,0,0
1865,20/12/2015 , 23:45:00,0,0
1866,20/12/2015 , 24:00:00,0,0
1867,21/12/2015 , 00:15:00,0,0
1868,21/12/2015 , 00:30:00,0,0
1869,21/12/2015 , 00:45:00,0,0
1870,21/12/2015 , 01:00:00,0,0
1871,21/12/2015 , 01:15:00,0,0
1872,21/12/2015 , 01:30:00,0,0
1873,21/12/2015 , 01:45:00,0,0
1874,21/12/2015 , 02:00:00,0,0
1875,21/12/2015 , 02:15:00,0,0
1876,21/12/2015 , 02:30:00,0,0
1877,21/12/2015 , 02:45:00,0,0
1878,21/12/2015 , 03:00:00,0,0
1879,21/12/2015 , 03:15:00,0,0
1880,21/12/2015 , 03:30:00,0,0
1881,21/12/2015 , 03:45:00,0,0
1882,21/12/2015 , 04:00:00,0,0
1883,21/12/2015 , 04:15:00,0,0
1884,21/12/2015 , 04:30:00,0,0
1885,21/12/2015 , 04:45:00,0,0
1886,21/12/2015 , 05:00:00,0,0
1887,21/12/2015 , 05:15:00,0,0
1888,21/12/2015 , 05:30:00,0,0
1889,21/12/2015 , 05:45:00,0,0
1890,21/12/2015 , 06:00:00,0,0
1891,21/12/2015 , 06:15:00,0,0
1892,21/12/2015 , 06:30:00,0,0
1893,21/12/2015 , 06:45:00,0,0
1894,21/12/2015 , 07:00:00,4,4
1895,21/12/2015 , 07:15:00,74,74
1896,21/12/2015 , 07:30:00,270,270
1897,21/12/2015 , 07:45:00,681,681
1898,21/12/2015 , 08:00:00,892,892
1899,21/12/2015 , 08:15:00,1212,1212
1900,21/12/2015 , 08:30:00,1317,1317
1901,21/12/2015 , 08:45:00,1386,1386
1902,21/12/2015 , 09:00:00,1642,1642
1903,21/12/2015 , 09:15:00,3111,3111
1904,21/12/2015 , 09:30:00,4028,4028
1905,21/12/2015 , 09:45:00,2717,2717
1906,21/12/2015 , 10:00:00,4116,4116
1907,21/12/2015 , 10:15:00,7466,7466
1908,21/12/2015 , 10:30:00,7099,7099
1909,21/12/2015 , 10:45:00,6845,6845
1910,21/12/2015 , 11:00:00,9790,9790
1911,21/12/2015 , 11:15:00,6875,6875
1912,21/12/2015 , 11:30:00,6907,6907
1913,21/12/2015 , 11:45:00,9285,9285
1914,21/12/2015 , 12:00:00,10400,10400
1915,21/12/2015 , 12:15:00,5200,5200
1916,21/12/2015 , 12:30:00,8142,8142
1917,21/12/2015 , 12:45:00,7499,7499
1918,21/12/2015 , 13:00:00,4913,4913
1919,21/12/2015 , 13:15:00,5303,5303
1920,21/12/2015 , 13:30:00,3913,3913
1921,21/12/2015 , 13:45:00,3751,3751
1922,21/12/2015 , 14:00:00,4008,4008
1923,21/12/2015 , 14:15:00,3392,3392
1924,21/12/2015 , 14:30:00,4820,4820
1925,21/12/2015 , 14:45:00,4316,4316
1926,21/12/2015 , 15:00:00,2427,2427
1927,21/12/2015 , 15:15:00,2531,2531
1928,21/12/2015 , 15:30:00,2504,2504
1929,21/12/2015 , 15:45:00,1492,1492
1930,21/12/2015 , 16:00:00,1326,1326
1931,21/12/2015 , 16:15:00,1359,1359
1932,21/12/2015 , 16:30:00,845,845
1933,21/12/2015 , 16:45:00,706,706
1934,21/12/2015 , 17:00:00,672,672
1935,21/12/2015 , 17:15:00,320,320
1936,21/12/2015 , 17:30:00,241,241
1937,21/12/2015 , 17:45:00,121,121
1938,21/12/2015 , 18:00:00,42,42
1939,21/12/2015 , 18:15:00,1,1
1940,21/12/2015 , 18:30:00,0,0
1941,21/12/2015 , 18:45:00,0,0
1942,21/12/2015 , 19:00:00,0,0
1943,21/12/2015 , 19:15:00,0,0
1944,21/12/2015 , 19:30:00,0,0
1945,21/12/2015 , 19:45:00,0,0
1946,21/12/2015 , 20:00:00,0,0
1947,21/12/2015 , 20:15:00,0,0
1948,21/12/2015 , 20:30:00,0,0
1949,21/12/2015 , 20:45:00,0,0
1950,21/12/2015 , 21:00:00,0,0
1951,21/12/2015 , 21:15:00,0,0
1952,21/12/2015 , 21:30:00,0,0
1953,21/12/2015 , 21:45:00,0,0
1954,21/12/2015 , 22:00:00,0,0
1955,21/12/2015 , 22:15:00,0,0
1956,21/12/2015 , 22:30:00,0,0
1957,21/12/2015 , 22:45:00,0,0
1958,21/12/2015 , 23:00:00,0,0
1959,21/12/2015 , 23:15:00,0,0
1960,21/12/2015 , 23:30:00,0,0
1961,21/12/2015 , 23:45:00,0,0
1962,21/12/2015 , 24:00:00,0,0
1963,22/12/2015 , 00:15:00,0,0
1964,22/12/2015 , 00:30:00,0,0
1965,22/12/2015 , 00:45:00,0,0
1966,22/12/2015 , 01:00:00,0,0
1967,22/12/2015 , 01:15:00,0,0
1968,22/12/2015 , 01:30:00,0,0
1969,22/12/2015 , 01:45:00,0,0
1970,22/12/2015 , 02:00:00,0,0
1971,22/12/2015 , 02:15:00,0,0
1972,22/12/2015 , 02:30:00,0,0
1973,22/12/2015 , 02:45:00,0,0
1974,22/12/2015 , 03:00:00,0,0
1975,22/12/2015 , 03:15:00,0,0
1976,22/12/2015 , 03:30:00,0,0
1977,22/12/2015 , 03:45:00,0,0
1978,22/12/2015 , 04:00:00,0,0
1979,22/12/2015 , 04:15:00,0,0
1980,22/12/2015 , 04:30:00,0,0
1981,22/12/2015 , 04:45:00,0,0
1982,22/12/2015 , 05:00:00,0,0
1983,22/12/2015 , 05:15:00,0,0
1984,22/12/2015 , 05:30:00,0,0
1985,22/12/2015 , 05:45:00,0,0
1986,22/12/2015 , 06:00:00,0,0
1987,22/12/2015 , 06:15:00,0,0
1988,22/12/2015 , 06:30:00,0,0
1989,22/12/2015 , 06:45:00,0,0
1990,22/12/2015 , 07:00:00,0,0
1991,22/12/2015 , 07:15:00,5,5
1992,22/12/2015 , 07:30:00,394,394
1993,22/12/2015 , 07:45:00,433,433
1994,22/12/2015 , 08:00:00,491,491
1995,22/12/2015 , 08:15:00,590,590
1996,22/12/2015 , 08:30:00,931,931
1997,22/12/2015 , 08:45:00,1217,1217
1998,22/12/2015 , 09:00:00,3233,3233
1999,22/12/2015 , 09:15:00,8587,8587
2000,22/12/2015 , 09:30:00,9500,9500
2001,22/12/2015 , 09:45:00,2127,2127
2002,22/12/2015 , 10:00:00,3765,3765
2003,22/12/2015 , 10:15:00,5684,5684
2004,22/12/2015 , 10:30:00,4003,4003
2005,22/12/2015 , 10:45:00,5818,5818
2006,22/12/2015 , 11:00:00,6076,6076
2007,22/12/2015 , 11:15:00,6412,6412
2008,22/12/2015 , 11:30:00,5485,5485
2009,22/12/2015 , 11:45:00,7102,7102
2010,22/12/2015 , 12:00:00,3957,3957
2011,22/12/2015 , 12:15:00,3400,3400
2012,22/12/2015 , 12:30:00,4643,4643
2013,22/12/2015 , 12:45:00,6815,6815
2014,22/12/2015 , 13:00:00,5563,5563
2015,22/12/2015 , 13:15:00,4781,4781
2016,22/12/2015 , 13:30:00,3837,3837
2017,22/12/2015 , 13:45:00,3117,3117
2018,22/12/2015 , 14:00:00,3624,3624
2019,22/12/2015 , 14:15:00,3198,3198
2020,22/12/2015 , 14:30:00,3004,3004
2021,22/12/2015 , 14:45:00,2939,2939
2022,22/12/2015 , 15:00:00,2192,2192
2023,22/12/2015 , 15:15:00,2218,2218
2024,22/12/2015 , 15:30:00,1819,1819
2025,22/12/2015 , 15:45:00,1440,1440
2026,22/12/2015 , 16:00:00,1846,1846
2027,22/12/2015 , 16:15:00,1946,1946
2028,22/12/2015 , 16:30:00,1013,1013
2029,22/12/2015 , 16:45:00,780,780
2030,22/12/2015 , 17:00:00,477,477
2031,22/12/2015 , 17:15:00,280,280
2032,22/12/2015 , 17:30:00,123,123
2033,22/12/2015 , 17:45:00,53,53
2034,22/12/2015 , 18:00:00,15,15
2035,22/12/2015 , 18:15:00,0,0
2036,22/12/2015 , 18:30:00,0,0
2037,22/12/2015 , 18:45:00,0,0
2038,22/12/2015 , 19:00:00,0,0
2039,22/12/2015 , 19:15:00,0,0
2040,22/12/2015 , 19:30:00,0,0
2041,22/12/2015 , 19:45:00,0,0
2042,22/12/2015 , 20:00:00,0,0
2043,22/12/2015 , 20:15:00,0,0
2044,22/12/2015 , 20:30:00,0,0
2045,22/12/2015 , 20:45:00,0,0
2046,22/12/2015 , 21:00:00,0,0
2047,22/12/2015 , 21:15:00,0,0
2048,22/12/2015 , 21:30:00,0,0
2049,22/12/2015 , 21:45:00,0,0
2050,22/12/2015 , 22:00:00,0,0
2051,22/12/2015 , 22:15:00,0,0
2052,22/12/2015 , 22:30:00,0,0
2053,22/12/2015 , 22:45:00,0,0
2054,22/12/2015 , 23:00:00,0,0
2055,22/12/2015 , 23:15:00,0,0
2056,22/12/2015 , 23:30:00,0,0
2057,22/12/2015 , 23:45:00,0,0
2058,22/12/2015 , 24:00:00,0,0
2059,23/12/2015 , 00:15:00,0,0
2060,23/12/2015 , 00:30:00,0,0
2061,23/12/2015 , 00:45:00,0,0
2062,23/12/2015 , 01:00:00,0,0
2063,23/12/2015 , 01:15:00,0,0
2064,23/12/2015 , 01:30:00,0,0
2065,23/12/2015 , 01:45:00,0,0
2066,23/12/2015 , 02:00:00,0,0
2067,23/12/2015 , 02:15:00,0,0
2068,23/12/2015 , 02:30:00,0,0
2069,23/12/2015 , 02:45:00,0,0
2070,23/12/2015 , 03:00:00,0,0
2071,23/12/2015 , 03:15:00,0,0
2072,23/12/2015 , 03:30:00,0,0
2073,23/12/2015 , 03:45:00,0,0
2074,23/12/2015 , 04:00:00,0,0
2075,23/12/2015 , 04:15:00,0,0
2076,23/12/2015 , 04:30:00,0,0
2077,23/12/2015 , 04:45:00,0,0
2078,23/12/2015 , 05:00:00,0,0
2079,23/12/2015 , 05:15:00,0,0
2080,23/12/2015 , 05:30:00,0,0
2081,23/12/2015 , 05:45:00,0,0
2082,23/12/2015 , 06:00:00,0,0
2083,23/12/2015 , 06:15:00,0,0
2084,23/12/2015 , 06:30:00,0,0
2085,23/12/2015 , 06:45:00,0,0
2086,23/12/2015 , 07:00:00,0,0
2087,23/12/2015 , 07:15:00,16,16
2088,23/12/2015 , 07:30:00,218,218
2089,23/12/2015 , 07:45:00,586,586
2090,23/12/2015 , 08:00:00,709,709
2091,23/12/2015 , 08:15:00,540,540
2092,23/12/2015 , 08:30:00,899,899
2093,23/12/2015 , 08:45:00,928,928
2094,23/12/2015 , 09:00:00,1654,1654
2095,23/12/2015 , 09:15:00,4835,4835
2096,23/12/2015 , 09:30:00,4507,4507
2097,23/12/2015 , 09:45:00,3579,3579
2098,23/12/2015 , 10:00:00,3215,3215
2099,23/12/2015 , 10:15:00,6158,6158
2100,23/12/2015 , 10:30:00,8348,8348
2101,23/12/2015 , 10:45:00,7410,7410
2102,23/12/2015 , 11:00:00,6785,6785
2103,23/12/2015 , 11:15:00,9130,9130
2104,23/12/2015 , 11:30:00,8961,8961
2105,23/12/2015 , 11:45:00,9563,9563
2106,23/12/2015 , 12:00:00,10348,10348
2107,23/12/2015 , 12:15:00,9674,9674
2108,23/12/2015 , 12:30:00,10272,10272
2109,23/12/2015 , 12:45:00,9910,9910
2110,23/12/2015 , 13:00:00,6855,6855
2111,23/12/2015 , 13:15:00,7415,7415
2112,23/12/2015 , 13:30:00,7775,7775
2113,23/12/2015 , 13:45:00,7319,7319
2114,23/12/2015 , 14:00:00,4617,4617
2115,23/12/2015 , 14:15:00,3493,3493
2116,23/12/2015 , 14:30:00,3940,3940
2117,23/12/2015 , 14:45:00,3021,3021
2118,23/12/2015 , 15:00:00,2150,2150
2119,23/12/2015 , 15:15:00,2428,2428
2120,23/12/2015 , 15:30:00,1425,1425
2121,23/12/2015 , 15:45:00,958,958
2122,23/12/2015 , 16:00:00,995,995
2123,23/12/2015 , 16:15:00,1117,1117
2124,23/12/2015 , 16:30:00,1088,1088
2125,23/12/2015 , 16:45:00,850,850
2126,23/12/2015 , 17:00:00,510,510
2127,23/12/2015 , 17:15:00,413,413
2128,23/12/2015 , 17:30:00,322,322
2129,23/12/2015 , 17:45:00,115,115
2130,23/12/2015 , 18:00:00,16,16
2131,23/12/2015 , 18:15:00,0,0
2132,23/12/2015 , 18:30:00,0,0
2133,23/12/2015 , 18:45:00,0,0
2134,23/12/2015 , 19:00:00,0,0
2135,23/12/2015 , 19:15:00,0,0
2136,23/12/2015 , 19:30:00,0,0
2137,23/12/2015 , 19:45:00,0,0
2138,23/12/2015 , 20:00:00,0,0
2139,23/12/2015 , 20:15:00,0,0
2140,23/12/2015 , 20:30:00,0,0
2141,23/12/2015 , 20:45:00,0,0
2142,23/12/2015 , 21:00:00,0,0
2143,23/12/2015 , 21:15:00,0,0
2144,23/12/2015 , 21:30:00,0,0
2145,23/12/2015 , 21:45:00,0,0
2146,23/12/2015 , 22:00:00,0,0
2147,23/12/2015 , 22:15:00,0,0
2148,23/12/2015 , 22:30:00,0,0
2149,23/12/2015 , 22:45:00,0,0
2150,23/12/2015 , 23:00:00,0,0
2151,23/12/2015 , 23:15:00,0,0
2152,23/12/2015 , 23:30:00,0,0
2153,23/12/2015 , 23:45:00,0,0
2154,23/12/2015 , 24:00:00,0,0
2155,24/12/2015 , 00:15:00,0,0
2156,24/12/2015 , 00:30:00,0,0
2157,24/12/2015 , 00:45:00,0,0
2158,24/12/2015 , 01:00:00,0,0
2159,24/12/2015 , 01:15:00,0,0
2160,24/12/2015 , 01:30:00,0,0
2161,24/12/2015 , 01:45:00,0,0
2162,24/12/2015 , 02:00:00,0,0
2163,24/12/2015 , 02:15:00,0,0
2164,24/12/2015 , 02:30:00,0,0
2165,24/12/2015 , 02:45:00,0,0
2166,24/12/2015 , 03:00:00,0,0
2167,24/12/2015 , 03:15:00,0,0
2168,24/12/2015 , 03:30:00,0,0
2169,24/12/2015 , 03:45:00,0,0
2170,24/12/2015 , 04:00:00,0,0
2171,24/12/2015 , 04:15:00,0,0
2172,24/12/2015 , 04:30:00,0,0
2173,24/12/2015 , 04:45:00,0,0
2174,24/12/2015 , 05:00:00,0,0
2175,24/12/2015 , 05:15:00,0,0
2176,24/12/2015 , 05:30:00,0,0
2177,24/12/2015 , 05:45:00,0,0
2178,24/12/2015 , 06:00:00,0,0
2179,24/12/2015 , 06:15:00,0,0
2180,24/12/2015 , 06:30:00,0,0
2181,24/12/2015 , 06:45:00,0,0
2182,24/12/2015 , 07:00:00,0,0
2183,24/12/2015 , 07:15:00,0,0
2184,24/12/2015 , 07:30:00,97,97
2185,24/12/2015 , 07:45:00,302,302
2186,24/12/2015 , 08:00:00,758,758
2187,24/12/2015 , 08:15:00,562,562
2188,24/12/2015 , 08:30:00,795,795
2189,24/12/2015 , 08:45:00,766,766
2190,24/12/2015 , 09:00:00,3263,3263
2191,24/12/2015 , 09:15:00,9301,9301
2192,24/12/2015 , 09:30:00,8468,8468
2193,24/12/2015 , 09:45:00,3655,3655
2194,24/12/2015 , 10:00:00,0,0
2195,24/12/2015 , 10:15:00,0,0
2196,24/12/2015 , 10:30:00,0,0
2197,24/12/2015 , 10:45:00,0,0
2198,24/12/2015 , 11:00:00,0,0
2199,24/12/2015 , 11:15:00,0,0
2200,24/12/2015 , 11:30:00,0,0
2201,24/12/2015 , 11:45:00,0,0
2202,24/12/2015 , 12:00:00,0,0
2203,24/12/2015 , 12:15:00,0,0
2204,24/12/2015 , 12:30:00,0,0
