Scan No ,Date and Time,RAW VALUE ,CALIBRATED VALUE
1,01/12/2015 , 13:45:00,65,11.8
2,01/12/2015 , 14:00:00,66,12
3,01/12/2015 , 14:15:00,65,11.8
4,01/12/2015 , 14:30:00,65,11.8
5,01/12/2015 , 14:45:00,64,11.6
6,01/12/2015 , 15:00:00,66,12
7,01/12/2015 , 15:15:00,44,8
8,01/12/2015 , 15:30:00,897,162.6
9,01/12/2015 , 15:45:00,782,141.7
10,01/12/2015 , 16:00:00,556,100.8
11,01/12/2015 , 16:15:00,362,65.6
12,01/12/2015 , 16:30:00,424,76.9
13,01/12/2015 , 16:45:00,253,45.9
14,01/12/2015 , 17:00:00,194,35.2
15,01/12/2015 , 17:15:00,103,18.7
16,01/12/2015 , 17:30:00,59,10.7
17,01/12/2015 , 17:45:00,26,4.7
18,01/12/2015 , 18:00:00,1,0.2
19,01/12/2015 , 18:15:00,0,0
20,01/12/2015 , 18:30:00,0,0
21,01/12/2015 , 18:45:00,0,0
22,01/12/2015 , 19:00:00,0,0
23,01/12/2015 , 19:15:00,0,0
24,01/12/2015 , 19:30:00,0,0
25,01/12/2015 , 19:45:00,0,0
26,01/12/2015 , 20:00:00,0,0
27,01/12/2015 , 20:15:00,0,0
28,01/12/2015 , 20:30:00,0,0
29,01/12/2015 , 20:45:00,0,0
30,01/12/2015 , 21:00:00,0,0
31,01/12/2015 , 21:15:00,0,0
32,01/12/2015 , 21:30:00,0,0
33,01/12/2015 , 21:45:00,0,0
34,01/12/2015 , 22:00:00,0,0
35,01/12/2015 , 22:15:00,0,0
36,01/12/2015 , 22:30:00,0,0
37,01/12/2015 , 22:45:00,0,0
38,01/12/2015 , 23:00:00,0,0
39,01/12/2015 , 23:15:00,0,0
40,01/12/2015 , 23:30:00,0,0
41,01/12/2015 , 23:45:00,0,0
42,01/12/2015 , 24:00:00,0,0
43,02/12/2015 , 00:15:00,0,0
44,02/12/2015 , 00:30:00,0,0
45,02/12/2015 , 00:45:00,0,0
46,02/12/2015 , 01:00:00,0,0
47,02/12/2015 , 01:15:00,0,0
48,02/12/2015 , 01:30:00,0,0
49,02/12/2015 , 01:45:00,0,0
50,02/12/2015 , 02:00:00,0,0
51,02/12/2015 , 02:15:00,0,0
52,02/12/2015 , 02:30:00,0,0
53,02/12/2015 , 02:45:00,0,0
54,02/12/2015 , 03:00:00,0,0
55,02/12/2015 , 03:15:00,0,0
56,02/12/2015 , 03:30:00,0,0
57,02/12/2015 , 03:45:00,0,0
58,02/12/2015 , 04:00:00,0,0
59,02/12/2015 , 04:15:00,0,0
60,02/12/2015 , 04:30:00,0,0
61,02/12/2015 , 04:45:00,0,0
62,02/12/2015 , 05:00:00,0,0
63,02/12/2015 , 05:15:00,0,0
64,02/12/2015 , 05:30:00,0,0
65,02/12/2015 , 05:45:00,0,0
66,02/12/2015 , 06:00:00,0,0
67,02/12/2015 , 06:15:00,0,0
68,02/12/2015 , 06:30:00,0,0
69,02/12/2015 , 06:45:00,0,0
70,02/12/2015 , 07:00:00,4,0.7
71,02/12/2015 , 07:15:00,56,10.2
72,02/12/2015 , 07:30:00,74,13.4
73,02/12/2015 , 07:45:00,104,18.9
74,02/12/2015 , 08:00:00,428,77.6
75,02/12/2015 , 08:15:00,628,113.8
76,02/12/2015 , 08:30:00,933,169.1
77,02/12/2015 , 08:45:00,1193,216.2
78,02/12/2015 , 09:00:00,1340,242.9
79,02/12/2015 , 09:15:00,650,117.8
80,02/12/2015 , 09:30:00,667,120.9
81,02/12/2015 , 09:45:00,928,168.2
82,02/12/2015 , 10:00:00,777,140.8
83,02/12/2015 , 10:15:00,1786,323.7
84,02/12/2015 , 10:30:00,1508,273.3
85,02/12/2015 , 10:45:00,1767,320.3
86,02/12/2015 , 11:00:00,1399,253.6
87,02/12/2015 , 11:15:00,2173,393.9
88,02/12/2015 , 11:30:00,2212,400.9
89,02/12/2015 , 11:45:00,1458,264.3
90,02/12/2015 , 12:00:00,1801,326.5
91,02/12/2015 , 12:15:00,1910,346.2
92,02/12/2015 , 12:30:00,2079,376.8
93,02/12/2015 , 12:45:00,1832,332.1
94,02/12/2015 , 13:00:00,1976,358.2
95,02/12/2015 , 13:15:00,2031,368.1
96,02/12/2015 , 13:30:00,2148,389.3
97,02/12/2015 , 13:45:00,1825,330.8
98,02/12/2015 , 14:00:00,1861,337.3
99,02/12/2015 , 14:15:00,1653,299.6
100,02/12/2015 , 14:30:00,1626,294.7
101,02/12/2015 , 14:45:00,1060,192.1
102,02/12/2015 , 15:00:00,722,130.9
103,02/12/2015 , 15:15:00,746,135.2
104,02/12/2015 , 15:30:00,460,83.4
105,02/12/2015 , 15:45:00,536,97.2
106,02/12/2015 , 16:00:00,775,140.5
107,02/12/2015 , 16:15:00,371,67.2
108,02/12/2015 , 16:30:00,336,60.9
109,02/12/2015 , 16:45:00,172,31.2
110,02/12/2015 , 17:00:00,184,33.4
111,02/12/2015 , 17:15:00,108,19.6
112,02/12/2015 , 17:30:00,79,14.3
113,02/12/2015 , 17:45:00,34,6.2
114,02/12/2015 , 18:00:00,1,0.2
115,02/12/2015 , 18:15:00,0,0
116,02/12/2015 , 18:30:00,0,0
117,02/12/2015 , 18:45:00,0,0
118,02/12/2015 , 19:00:00,0,0
119,02/12/2015 , 19:15:00,0,0
120,02/12/2015 , 19:30:00,0,0
121,02/12/2015 , 19:45:00,0,0
122,02/12/2015 , 20:00:00,0,0
123,02/12/2015 , 20:15:00,0,0
124,02/12/2015 , 20:30:00,0,0
125,02/12/2015 , 20:45:00,0,0
126,02/12/2015 , 21:00:00,0,0
127,02/12/2015 , 21:15:00,0,0
128,02/12/2015 , 21:30:00,0,0
129,02/12/2015 , 21:45:00,0,0
130,02/12/2015 , 22:00:00,0,0
131,02/12/2015 , 22:15:00,0,0
132,02/12/2015 , 22:30:00,0,0
133,02/12/2015 , 22:45:00,0,0
134,02/12/2015 , 23:00:00,0,0
135,02/12/2015 , 23:15:00,0,0
136,02/12/2015 , 23:30:00,0,0
137,02/12/2015 , 23:45:00,0,0
138,02/12/2015 , 24:00:00,0,0
139,03/12/2015 , 00:15:00,0,0
140,03/12/2015 , 00:30:00,0,0
141,03/12/2015 , 00:45:00,0,0
142,03/12/2015 , 01:00:00,0,0
143,03/12/2015 , 01:15:00,0,0
144,03/12/2015 , 01:30:00,0,0
145,03/12/2015 , 01:45:00,0,0
146,03/12/2015 , 02:00:00,0,0
147,03/12/2015 , 02:15:00,0,0
148,03/12/2015 , 02:30:00,0,0
149,03/12/2015 , 02:45:00,0,0
150,03/12/2015 , 03:00:00,0,0
151,03/12/2015 , 03:15:00,0,0
152,03/12/2015 , 03:30:00,0,0
153,03/12/2015 , 03:45:00,0,0
154,03/12/2015 , 04:00:00,0,0
155,03/12/2015 , 04:15:00,0,0
156,03/12/2015 , 04:30:00,0,0
157,03/12/2015 , 04:45:00,0,0
158,03/12/2015 , 05:00:00,0,0
159,03/12/2015 , 05:15:00,0,0
160,03/12/2015 , 05:30:00,0,0
161,03/12/2015 , 05:45:00,0,0
162,03/12/2015 , 06:00:00,0,0
163,03/12/2015 , 06:15:00,0,0
164,03/12/2015 , 06:30:00,0,0
165,03/12/2015 , 06:45:00,0,0
166,03/12/2015 , 07:00:00,3,0.5
167,03/12/2015 , 07:15:00,62,11.2
168,03/12/2015 , 07:30:00,122,22.1
169,03/12/2015 , 07:45:00,200,36.3
170,03/12/2015 , 08:00:00,210,38.1
171,03/12/2015 , 08:15:00,529,95.9
172,03/12/2015 , 08:30:00,833,151
173,03/12/2015 , 08:45:00,1400,253.8
174,03/12/2015 , 09:00:00,1519,275.3
175,03/12/2015 , 09:15:00,1906,345.5
176,03/12/2015 , 09:30:00,1528,277
177,03/12/2015 , 09:45:00,1431,259.4
178,03/12/2015 , 10:00:00,1659,300.7
179,03/12/2015 , 10:15:00,3580,648.9
180,03/12/2015 , 10:30:00,1484,269
181,03/12/2015 , 10:45:00,2369,429.4
182,03/12/2015 , 11:00:00,2002,362.9
183,03/12/2015 , 11:15:00,1845,334.4
184,03/12/2015 , 11:30:00,1544,279.9
185,03/12/2015 , 11:45:00,1362,246.9
186,03/12/2015 , 12:00:00,1158,209.9
187,03/12/2015 , 12:15:00,1153,209
188,03/12/2015 , 12:30:00,993,180
189,03/12/2015 , 12:45:00,914,165.7
190,03/12/2015 , 13:00:00,1583,286.9
191,03/12/2015 , 13:15:00,952,172.6
192,03/12/2015 , 13:30:00,632,114.6
193,03/12/2015 , 13:45:00,1011,183.3
194,03/12/2015 , 14:00:00,738,133.8
195,03/12/2015 , 14:15:00,533,96.6
196,03/12/2015 , 14:30:00,614,111.3
197,03/12/2015 , 14:45:00,568,103
198,03/12/2015 , 15:00:00,946,171.5
199,03/12/2015 , 15:15:00,662,120
200,03/12/2015 , 15:30:00,1032,187.1
201,03/12/2015 , 15:45:00,592,107.3
202,03/12/2015 , 16:00:00,818,148.3
203,03/12/2015 , 16:15:00,427,77.4
204,03/12/2015 , 16:30:00,446,80.8
205,03/12/2015 , 16:45:00,360,65.3
206,03/12/2015 , 17:00:00,315,57.1
207,03/12/2015 , 17:15:00,168,30.5
208,03/12/2015 , 17:30:00,113,20.5
209,03/12/2015 , 17:45:00,48,8.7
210,03/12/2015 , 18:00:00,1,0.2
211,03/12/2015 , 18:15:00,0,0
212,03/12/2015 , 18:30:00,0,0
213,03/12/2015 , 18:45:00,0,0
214,03/12/2015 , 19:00:00,0,0
215,03/12/2015 , 19:15:00,0,0
216,03/12/2015 , 19:30:00,0,0
217,03/12/2015 , 19:45:00,0,0
218,03/12/2015 , 20:00:00,0,0
219,03/12/2015 , 20:15:00,0,0
220,03/12/2015 , 20:30:00,0,0
221,03/12/2015 , 20:45:00,0,0
222,03/12/2015 , 21:00:00,0,0
223,03/12/2015 , 21:15:00,0,0
224,03/12/2015 , 21:30:00,0,0
225,03/12/2015 , 21:45:00,0,0
226,03/12/2015 , 22:00:00,0,0
227,03/12/2015 , 22:15:00,0,0
228,03/12/2015 , 22:30:00,0,0
229,03/12/2015 , 22:45:00,0,0
230,03/12/2015 , 23:00:00,0,0
231,03/12/2015 , 23:15:00,0,0
232,03/12/2015 , 23:30:00,0,0
233,03/12/2015 , 23:45:00,0,0
234,03/12/2015 , 24:00:00,0,0
235,04/12/2015 , 00:15:00,0,0
236,04/12/2015 , 00:30:00,0,0
237,04/12/2015 , 00:45:00,0,0
238,04/12/2015 , 01:00:00,0,0
239,04/12/2015 , 01:15:00,0,0
240,04/12/2015 , 01:30:00,0,0
241,04/12/2015 , 01:45:00,0,0
242,04/12/2015 , 02:00:00,0,0
243,04/12/2015 , 02:15:00,0,0
244,04/12/2015 , 02:30:00,0,0
245,04/12/2015 , 02:45:00,0,0
246,04/12/2015 , 03:00:00,0,0
247,04/12/2015 , 03:15:00,0,0
248,04/12/2015 , 03:30:00,0,0
249,04/12/2015 , 03:45:00,0,0
250,04/12/2015 , 04:00:00,0,0
251,04/12/2015 , 04:15:00,0,0
252,04/12/2015 , 04:30:00,0,0
253,04/12/2015 , 04:45:00,0,0
254,04/12/2015 , 05:00:00,0,0
255,04/12/2015 , 05:15:00,0,0
256,04/12/2015 , 05:30:00,2,0.4
257,04/12/2015 , 05:45:00,0,0
258,04/12/2015 , 06:00:00,0,0
259,04/12/2015 , 06:15:00,0,0
260,04/12/2015 , 06:30:00,0,0
261,04/12/2015 , 06:45:00,0,0
262,04/12/2015 , 07:00:00,1,0.2
263,04/12/2015 , 07:15:00,53,9.6
264,04/12/2015 , 07:30:00,189,34.3
265,04/12/2015 , 07:45:00,299,54.2
266,04/12/2015 , 08:00:00,533,96.6
267,04/12/2015 , 08:15:00,468,84.8
268,04/12/2015 , 08:30:00,911,165.1
269,04/12/2015 , 08:45:00,1012,183.4
270,04/12/2015 , 09:00:00,886,160.6
271,04/12/2015 , 09:15:00,1286,233.1
272,04/12/2015 , 09:30:00,972,176.2
273,04/12/2015 , 09:45:00,1069,193.8
274,04/12/2015 , 10:00:00,3010,545.6
275,04/12/2015 , 10:15:00,1187,215.2
276,04/12/2015 , 10:30:00,2516,456.1
277,04/12/2015 , 10:45:00,2007,363.8
278,04/12/2015 , 11:00:00,2021,366.3
279,04/12/2015 , 11:15:00,1518,275.2
280,04/12/2015 , 11:30:00,1579,286.2
281,04/12/2015 , 11:45:00,1416,256.7
282,04/12/2015 , 12:00:00,1115,202.1
283,04/12/2015 , 12:15:00,845,153.2
284,04/12/2015 , 12:30:00,876,158.8
285,04/12/2015 , 12:45:00,683,123.8
286,04/12/2015 , 13:00:00,717,130
287,04/12/2015 , 13:15:00,721,130.7
288,04/12/2015 , 13:30:00,619,112.2
289,04/12/2015 , 13:45:00,758,137.4
290,04/12/2015 , 14:00:00,635,115.1
291,04/12/2015 , 14:15:00,463,83.9
292,04/12/2015 , 14:30:00,431,78.1
293,04/12/2015 , 14:45:00,461,83.6
294,04/12/2015 , 15:00:00,284,51.5
295,04/12/2015 , 15:15:00,150,27.2
296,04/12/2015 , 15:30:00,421,76.3
297,04/12/2015 , 15:45:00,451,81.7
298,04/12/2015 , 16:00:00,751,136.1
299,04/12/2015 , 16:15:00,579,105
300,04/12/2015 , 16:30:00,319,57.8
301,04/12/2015 , 16:45:00,265,48
302,04/12/2015 , 17:00:00,214,38.8
303,04/12/2015 , 17:15:00,118,21.4
304,04/12/2015 , 17:30:00,76,13.8
305,04/12/2015 , 17:45:00,37,6.7
306,04/12/2015 , 18:00:00,2,0.4
307,04/12/2015 , 18:15:00,0,0
308,04/12/2015 , 18:30:00,0,0
309,04/12/2015 , 18:45:00,0,0
310,04/12/2015 , 19:00:00,0,0
311,04/12/2015 , 19:15:00,0,0
312,04/12/2015 , 19:30:00,0,0
313,04/12/2015 , 19:45:00,0,0
314,04/12/2015 , 20:00:00,0,0
315,04/12/2015 , 20:15:00,0,0
316,04/12/2015 , 20:30:00,0,0
317,04/12/2015 , 20:45:00,0,0
318,04/12/2015 , 21:00:00,0,0
319,04/12/2015 , 21:15:00,0,0
320,04/12/2015 , 21:30:00,0,0
321,04/12/2015 , 21:45:00,0,0
322,04/12/2015 , 22:00:00,0,0
323,04/12/2015 , 22:15:00,0,0
324,04/12/2015 , 22:30:00,0,0
325,04/12/2015 , 22:45:00,0,0
326,04/12/2015 , 23:00:00,0,0
327,04/12/2015 , 23:15:00,0,0
328,04/12/2015 , 23:30:00,0,0
329,04/12/2015 , 23:45:00,0,0
330,04/12/2015 , 24:00:00,0,0
331,05/12/2015 , 00:15:00,0,0
332,05/12/2015 , 00:30:00,0,0
333,05/12/2015 , 00:45:00,0,0
334,05/12/2015 , 01:00:00,0,0
335,05/12/2015 , 01:15:00,0,0
336,05/12/2015 , 01:30:00,0,0
337,05/12/2015 , 01:45:00,0,0
338,05/12/2015 , 02:00:00,0,0
339,05/12/2015 , 02:15:00,0,0
340,05/12/2015 , 02:30:00,0,0
341,05/12/2015 , 02:45:00,0,0
342,05/12/2015 , 03:00:00,0,0
343,05/12/2015 , 03:15:00,0,0
344,05/12/2015 , 03:30:00,0,0
345,05/12/2015 , 03:45:00,0,0
346,05/12/2015 , 04:00:00,0,0
347,05/12/2015 , 04:15:00,0,0
348,05/12/2015 , 04:30:00,0,0
349,05/12/2015 , 04:45:00,0,0
350,05/12/2015 , 05:00:00,0,0
351,05/12/2015 , 05:15:00,0,0
352,05/12/2015 , 05:30:00,0,0
353,05/12/2015 , 05:45:00,0,0
354,05/12/2015 , 06:00:00,0,0
355,05/12/2015 , 06:15:00,0,0
356,05/12/2015 , 06:30:00,0,0
357,05/12/2015 , 06:45:00,0,0
358,05/12/2015 , 07:00:00,0,0
359,05/12/2015 , 07:15:00,46,8.3
360,05/12/2015 , 07:30:00,125,22.7
361,05/12/2015 , 07:45:00,168,30.5
362,05/12/2015 , 08:00:00,452,81.9
363,05/12/2015 , 08:15:00,575,104.2
364,05/12/2015 , 08:30:00,725,131.4
365,05/12/2015 , 08:45:00,942,170.7
366,05/12/2015 , 09:00:00,1575,285.5
367,05/12/2015 , 09:15:00,1196,216.8
368,05/12/2015 , 09:30:00,1196,216.8
369,05/12/2015 , 09:45:00,949,172
370,05/12/2015 , 10:00:00,1666,302
371,05/12/2015 , 10:15:00,2073,375.8
372,05/12/2015 , 10:30:00,1511,273.9
373,05/12/2015 , 10:45:00,1493,270.6
374,05/12/2015 , 11:00:00,1939,351.5
375,05/12/2015 , 11:15:00,2085,377.9
376,05/12/2015 , 11:30:00,1957,354.7
377,05/12/2015 , 11:45:00,1585,287.3
378,05/12/2015 , 12:00:00,1583,286.9
379,05/12/2015 , 12:15:00,1036,187.8
380,05/12/2015 , 12:30:00,1103,199.9
381,05/12/2015 , 12:45:00,891,161.5
382,05/12/2015 , 13:00:00,941,170.6
383,05/12/2015 , 13:15:00,802,145.4
384,05/12/2015 , 13:30:00,777,140.8
385,05/12/2015 , 13:45:00,1169,211.9
386,05/12/2015 , 14:00:00,1269,230
387,05/12/2015 , 14:15:00,726,131.6
388,05/12/2015 , 14:30:00,699,126.7
389,05/12/2015 , 14:45:00,772,139.9
390,05/12/2015 , 15:00:00,760,137.8
391,05/12/2015 , 15:15:00,720,130.5
392,05/12/2015 , 15:30:00,809,146.6
393,05/12/2015 , 15:45:00,932,168.9
394,05/12/2015 , 16:00:00,1080,195.8
395,05/12/2015 , 16:15:00,684,124
396,05/12/2015 , 16:30:00,255,46.2
397,05/12/2015 , 16:45:00,254,46
398,05/12/2015 , 17:00:00,229,41.5
399,05/12/2015 , 17:15:00,100,18.1
400,05/12/2015 , 17:30:00,73,13.2
401,05/12/2015 , 17:45:00,40,7.3
402,05/12/2015 , 18:00:00,1,0.2
403,05/12/2015 , 18:15:00,0,0
404,05/12/2015 , 18:30:00,0,0
405,05/12/2015 , 18:45:00,0,0
406,05/12/2015 , 19:00:00,0,0
407,05/12/2015 , 19:15:00,0,0
408,05/12/2015 , 19:30:00,0,0
409,05/12/2015 , 19:45:00,0,0
410,05/12/2015 , 20:00:00,0,0
411,05/12/2015 , 20:15:00,0,0
412,05/12/2015 , 20:30:00,0,0
413,05/12/2015 , 20:45:00,0,0
414,05/12/2015 , 21:00:00,0,0
415,05/12/2015 , 21:15:00,0,0
416,05/12/2015 , 21:30:00,0,0
417,05/12/2015 , 21:45:00,0,0
418,05/12/2015 , 22:00:00,0,0
419,05/12/2015 , 22:15:00,0,0
420,05/12/2015 , 22:30:00,0,0
421,05/12/2015 , 22:45:00,0,0
422,05/12/2015 , 23:00:00,0,0
423,05/12/2015 , 23:15:00,0,0
424,05/12/2015 , 23:30:00,0,0
425,05/12/2015 , 23:45:00,0,0
426,05/12/2015 , 24:00:00,0,0
427,06/12/2015 , 00:15:00,0,0
428,06/12/2015 , 00:30:00,0,0
429,06/12/2015 , 00:45:00,0,0
430,06/12/2015 , 01:00:00,0,0
431,06/12/2015 , 01:15:00,0,0
432,06/12/2015 , 01:30:00,0,0
433,06/12/2015 , 01:45:00,0,0
434,06/12/2015 , 02:00:00,0,0
435,06/12/2015 , 02:15:00,0,0
436,06/12/2015 , 02:30:00,0,0
437,06/12/2015 , 02:45:00,0,0
438,06/12/2015 , 03:00:00,0,0
439,06/12/2015 , 03:15:00,0,0
440,06/12/2015 , 03:30:00,0,0
441,06/12/2015 , 03:45:00,0,0
442,06/12/2015 , 04:00:00,0,0
443,06/12/2015 , 04:15:00,0,0
444,06/12/2015 , 04:30:00,0,0
445,06/12/2015 , 04:45:00,0,0
446,06/12/2015 , 05:00:00,0,0
447,06/12/2015 , 05:15:00,0,0
448,06/12/2015 , 05:30:00,0,0
449,06/12/2015 , 05:45:00,0,0
450,06/12/2015 , 06:00:00,0,0
451,06/12/2015 , 06:15:00,0,0
452,06/12/2015 , 06:30:00,0,0
453,06/12/2015 , 06:45:00,0,0
454,06/12/2015 , 07:00:00,0,0
455,06/12/2015 , 07:15:00,36,6.5
456,06/12/2015 , 07:30:00,115,20.8
457,06/12/2015 , 07:45:00,253,45.9
458,06/12/2015 , 08:00:00,259,46.9
459,06/12/2015 , 08:15:00,425,77
460,06/12/2015 , 08:30:00,672,121.8
461,06/12/2015 , 08:45:00,838,151.9
462,06/12/2015 , 09:00:00,1257,227.8
463,06/12/2015 , 09:15:00,914,165.7
464,06/12/2015 , 09:30:00,941,170.6
465,06/12/2015 , 09:45:00,1382,250.5
466,06/12/2015 , 10:00:00,2467,447.2
467,06/12/2015 , 10:15:00,3619,656
468,06/12/2015 , 10:30:00,3011,545.8
469,06/12/2015 , 10:45:00,1639,297.1
470,06/12/2015 , 11:00:00,1711,310.1
471,06/12/2015 , 11:15:00,1434,259.9
472,06/12/2015 , 11:30:00,1508,273.3
473,06/12/2015 , 11:45:00,1309,237.3
474,06/12/2015 , 12:00:00,1083,196.3
475,06/12/2015 , 12:15:00,925,167.7
476,06/12/2015 , 12:30:00,1008,182.7
477,06/12/2015 , 12:45:00,1136,205.9
478,06/12/2015 , 13:00:00,1544,279.9
479,06/12/2015 , 13:15:00,1762,319.4
480,06/12/2015 , 13:30:00,2156,390.8
481,06/12/2015 , 13:45:00,1784,323.4
482,06/12/2015 , 14:00:00,1914,346.9
483,06/12/2015 , 14:15:00,1906,345.5
484,06/12/2015 , 14:30:00,1891,342.8
485,06/12/2015 , 14:45:00,1648,298.7
486,06/12/2015 , 15:00:00,1613,292.4
487,06/12/2015 , 15:15:00,1207,218.8
488,06/12/2015 , 15:30:00,1020,184.9
489,06/12/2015 , 15:45:00,701,127.1
490,06/12/2015 , 16:00:00,389,70.5
491,06/12/2015 , 16:15:00,429,77.8
492,06/12/2015 , 16:30:00,295,53.5
493,06/12/2015 , 16:45:00,360,65.3
494,06/12/2015 , 17:00:00,341,61.8
495,06/12/2015 , 17:15:00,278,50.4
496,06/12/2015 , 17:30:00,77,14
497,06/12/2015 , 17:45:00,34,6.2
498,06/12/2015 , 18:00:00,1,0.2
499,06/12/2015 , 18:15:00,0,0
500,06/12/2015 , 18:30:00,0,0
501,06/12/2015 , 18:45:00,0,0
502,06/12/2015 , 19:00:00,0,0
503,06/12/2015 , 19:15:00,0,0
504,06/12/2015 , 19:30:00,0,0
505,06/12/2015 , 19:45:00,0,0
506,06/12/2015 , 20:00:00,0,0
507,06/12/2015 , 20:15:00,0,0
508,06/12/2015 , 20:30:00,0,0
509,06/12/2015 , 20:45:00,0,0
510,06/12/2015 , 21:00:00,0,0
511,06/12/2015 , 21:15:00,0,0
512,06/12/2015 , 21:30:00,0,0
513,06/12/2015 , 21:45:00,0,0
514,06/12/2015 , 22:00:00,0,0
515,06/12/2015 , 22:15:00,0,0
516,06/12/2015 , 22:30:00,0,0
517,06/12/2015 , 22:45:00,0,0
518,06/12/2015 , 23:00:00,0,0
519,06/12/2015 , 23:15:00,0,0
520,06/12/2015 , 23:30:00,0,0
521,06/12/2015 , 23:45:00,0,0
522,06/12/2015 , 24:00:00,0,0
523,07/12/2015 , 00:15:00,0,0
524,07/12/2015 , 00:30:00,0,0
525,07/12/2015 , 00:45:00,0,0
526,07/12/2015 , 01:00:00,0,0
527,07/12/2015 , 01:15:00,0,0
528,07/12/2015 , 01:30:00,0,0
529,07/12/2015 , 01:45:00,0,0
530,07/12/2015 , 02:00:00,0,0
531,07/12/2015 , 02:15:00,0,0
532,07/12/2015 , 02:30:00,0,0
533,07/12/2015 , 02:45:00,0,0
534,07/12/2015 , 03:00:00,0,0
535,07/12/2015 , 03:15:00,0,0
536,07/12/2015 , 03:30:00,0,0
537,07/12/2015 , 03:45:00,0,0
538,07/12/2015 , 04:00:00,0,0
539,07/12/2015 , 04:15:00,0,0
540,07/12/2015 , 04:30:00,0,0
541,07/12/2015 , 04:45:00,0,0
542,07/12/2015 , 05:00:00,0,0
543,07/12/2015 , 05:15:00,0,0
544,07/12/2015 , 05:30:00,0,0
545,07/12/2015 , 05:45:00,0,0
546,07/12/2015 , 06:00:00,0,0
547,07/12/2015 , 06:15:00,0,0
548,07/12/2015 , 06:30:00,0,0
549,07/12/2015 , 06:45:00,0,0
550,07/12/2015 , 07:00:00,0,0
551,07/12/2015 , 07:15:00,34,6.2
552,07/12/2015 , 07:30:00,131,23.7
553,07/12/2015 , 07:45:00,267,48.4
554,07/12/2015 , 08:00:00,364,66
555,07/12/2015 , 08:15:00,490,88.8
556,07/12/2015 , 08:30:00,601,108.9
557,07/12/2015 , 08:45:00,788,142.8
558,07/12/2015 , 09:00:00,756,137
559,07/12/2015 , 09:15:00,689,124.9
560,07/12/2015 , 09:30:00,654,118.5
561,07/12/2015 , 09:45:00,1064,192.9
562,07/12/2015 , 10:00:00,1296,234.9
563,07/12/2015 , 10:15:00,1576,285.7
564,07/12/2015 , 10:30:00,2374,430.3
565,07/12/2015 , 10:45:00,3029,549
566,07/12/2015 , 11:00:00,2550,462.2
567,07/12/2015 , 11:15:00,2820,511.2
568,07/12/2015 , 11:30:00,2325,421.4
569,07/12/2015 , 11:45:00,1739,315.2
570,07/12/2015 , 12:00:00,2032,368.3
571,07/12/2015 , 12:15:00,2083,377.6
572,07/12/2015 , 12:30:00,2041,370
573,07/12/2015 , 12:45:00,1869,338.8
574,07/12/2015 , 13:00:00,1704,308.9
575,07/12/2015 , 13:15:00,1870,339
576,07/12/2015 , 13:30:00,1929,349.7
577,07/12/2015 , 13:45:00,1947,352.9
578,07/12/2015 , 14:00:00,1993,361.3
579,07/12/2015 , 14:15:00,1661,301.1
580,07/12/2015 , 14:30:00,1257,227.8
581,07/12/2015 , 14:45:00,842,152.6
582,07/12/2015 , 15:00:00,903,163.7
583,07/12/2015 , 15:15:00,917,166.2
584,07/12/2015 , 15:30:00,571,103.5
585,07/12/2015 , 15:45:00,540,97.9
586,07/12/2015 , 16:00:00,360,65.3
587,07/12/2015 , 16:15:00,432,78.3
588,07/12/2015 , 16:30:00,332,60.2
589,07/12/2015 , 16:45:00,197,35.7
590,07/12/2015 , 17:00:00,156,28.3
591,07/12/2015 , 17:15:00,127,23
592,07/12/2015 , 17:30:00,87,15.8
593,07/12/2015 , 17:45:00,36,6.5
594,07/12/2015 , 18:00:00,1,0.2
595,07/12/2015 , 18:15:00,0,0
596,07/12/2015 , 18:30:00,0,0
597,07/12/2015 , 18:45:00,0,0
598,07/12/2015 , 19:00:00,0,0
599,07/12/2015 , 19:15:00,0,0
600,07/12/2015 , 19:30:00,0,0
601,07/12/2015 , 19:45:00,0,0
602,07/12/2015 , 20:00:00,0,0
603,07/12/2015 , 20:15:00,0,0
604,07/12/2015 , 20:30:00,0,0
605,07/12/2015 , 20:45:00,0,0
606,07/12/2015 , 21:00:00,0,0
607,07/12/2015 , 21:15:00,0,0
608,07/12/2015 , 21:30:00,0,0
609,07/12/2015 , 21:45:00,0,0
610,07/12/2015 , 22:00:00,0,0
611,07/12/2015 , 22:15:00,0,0
612,07/12/2015 , 22:30:00,0,0
613,07/12/2015 , 22:45:00,0,0
614,07/12/2015 , 23:00:00,0,0
615,07/12/2015 , 23:15:00,0,0
616,07/12/2015 , 23:30:00,0,0
617,07/12/2015 , 23:45:00,0,0
618,07/12/2015 , 24:00:00,0,0
619,08/12/2015 , 00:15:00,0,0
620,08/12/2015 , 00:30:00,0,0
621,08/12/2015 , 00:45:00,0,0
622,08/12/2015 , 01:00:00,0,0
623,08/12/2015 , 01:15:00,0,0
624,08/12/2015 , 01:30:00,0,0
625,08/12/2015 , 01:45:00,0,0
626,08/12/2015 , 02:00:00,0,0
627,08/12/2015 , 02:15:00,0,0
628,08/12/2015 , 02:30:00,0,0
629,08/12/2015 , 02:45:00,0,0
630,08/12/2015 , 03:00:00,0,0
631,08/12/2015 , 03:15:00,0,0
632,08/12/2015 , 03:30:00,0,0
633,08/12/2015 , 03:45:00,0,0
634,08/12/2015 , 04:00:00,0,0
635,08/12/2015 , 04:15:00,0,0
636,08/12/2015 , 04:30:00,0,0
637,08/12/2015 , 04:45:00,0,0
638,08/12/2015 , 05:00:00,0,0
639,08/12/2015 , 05:15:00,0,0
640,08/12/2015 , 05:30:00,0,0
641,08/12/2015 , 05:45:00,0,0
642,08/12/2015 , 06:00:00,0,0
643,08/12/2015 , 06:15:00,0,0
644,08/12/2015 , 06:30:00,0,0
645,08/12/2015 , 06:45:00,0,0
646,08/12/2015 , 07:00:00,0,0
647,08/12/2015 , 07:15:00,37,6.7
648,08/12/2015 , 07:30:00,102,18.5
649,08/12/2015 , 07:45:00,183,33.2
650,08/12/2015 , 08:00:00,421,76.3
651,08/12/2015 , 08:15:00,538,97.5
652,08/12/2015 , 08:30:00,534,96.8
653,08/12/2015 , 08:45:00,390,70.7
654,08/12/2015 , 09:00:00,880,159.5
655,08/12/2015 , 09:15:00,1342,243.3
656,08/12/2015 , 09:30:00,1089,197.4
657,08/12/2015 , 09:45:00,810,146.8
658,08/12/2015 , 10:00:00,1497,271.3
659,08/12/2015 , 10:15:00,2740,496.7
660,08/12/2015 , 10:30:00,3118,565.2
661,08/12/2015 , 10:45:00,2345,425.1
662,08/12/2015 , 11:00:00,2121,384.5
663,08/12/2015 , 11:15:00,2217,401.9
664,08/12/2015 , 11:30:00,2350,426
665,08/12/2015 , 11:45:00,2711,491.4
666,08/12/2015 , 12:00:00,2718,492.7
667,08/12/2015 , 12:15:00,2804,508.3
668,08/12/2015 , 12:30:00,2503,453.7
669,08/12/2015 , 12:45:00,2190,397
670,08/12/2015 , 13:00:00,2040,369.8
671,08/12/2015 , 13:15:00,2078,376.7
672,08/12/2015 , 13:30:00,2139,387.7
673,08/12/2015 , 13:45:00,2039,369.6
674,08/12/2015 , 14:00:00,1612,292.2
675,08/12/2015 , 14:15:00,1653,299.6
676,08/12/2015 , 14:30:00,1872,339.3
677,08/12/2015 , 14:45:00,1439,260.8
678,08/12/2015 , 15:00:00,1255,227.5
679,08/12/2015 , 15:15:00,1131,205
680,08/12/2015 , 15:30:00,1294,234.6
681,08/12/2015 , 15:45:00,965,174.9
682,08/12/2015 , 16:00:00,757,137.2
683,08/12/2015 , 16:15:00,650,117.8
684,08/12/2015 , 16:30:00,619,112.2
685,08/12/2015 , 16:45:00,305,55.3
686,08/12/2015 , 17:00:00,230,41.7
687,08/12/2015 , 17:15:00,132,23.9
688,08/12/2015 , 17:30:00,91,16.5
689,08/12/2015 , 17:45:00,47,8.5
690,08/12/2015 , 18:00:00,3,0.5
691,08/12/2015 , 18:15:00,0,0
692,08/12/2015 , 18:30:00,0,0
693,08/12/2015 , 18:45:00,0,0
694,08/12/2015 , 19:00:00,0,0
695,08/12/2015 , 19:15:00,0,0
696,08/12/2015 , 19:30:00,0,0
697,08/12/2015 , 19:45:00,0,0
698,08/12/2015 , 20:00:00,0,0
699,08/12/2015 , 20:15:00,0,0
700,08/12/2015 , 20:30:00,0,0
701,08/12/2015 , 20:45:00,0,0
702,08/12/2015 , 21:00:00,0,0
703,08/12/2015 , 21:15:00,0,0
704,08/12/2015 , 21:30:00,0,0
705,08/12/2015 , 21:45:00,0,0
706,08/12/2015 , 22:00:00,0,0
707,08/12/2015 , 22:15:00,0,0
708,08/12/2015 , 22:30:00,0,0
709,08/12/2015 , 22:45:00,0,0
710,08/12/2015 , 23:00:00,0,0
711,08/12/2015 , 23:15:00,0,0
712,08/12/2015 , 23:30:00,0,0
713,08/12/2015 , 23:45:00,0,0
714,08/12/2015 , 24:00:00,0,0
715,09/12/2015 , 00:15:00,0,0
716,09/12/2015 , 00:30:00,0,0
717,09/12/2015 , 00:45:00,0,0
718,09/12/2015 , 01:00:00,0,0
719,09/12/2015 , 01:15:00,0,0
720,09/12/2015 , 01:30:00,0,0
721,09/12/2015 , 01:45:00,0,0
722,09/12/2015 , 02:00:00,0,0
723,09/12/2015 , 02:15:00,0,0
724,09/12/2015 , 02:30:00,0,0
725,09/12/2015 , 02:45:00,0,0
726,09/12/2015 , 03:00:00,0,0
727,09/12/2015 , 03:15:00,0,0
728,09/12/2015 , 03:30:00,0,0
729,09/12/2015 , 03:45:00,0,0
730,09/12/2015 , 04:00:00,0,0
731,09/12/2015 , 04:15:00,0,0
732,09/12/2015 , 04:30:00,0,0
733,09/12/2015 , 04:45:00,0,0
734,09/12/2015 , 05:00:00,0,0
735,09/12/2015 , 05:15:00,0,0
736,09/12/2015 , 05:30:00,0,0
737,09/12/2015 , 05:45:00,0,0
738,09/12/2015 , 06:00:00,0,0
739,09/12/2015 , 06:15:00,0,0
740,09/12/2015 , 06:30:00,0,0
741,09/12/2015 , 06:45:00,0,0
742,09/12/2015 , 07:00:00,0,0
743,09/12/2015 , 07:15:00,33,6
744,09/12/2015 , 07:30:00,127,23
745,09/12/2015 , 07:45:00,234,42.4
746,09/12/2015 , 08:00:00,321,58.2
747,09/12/2015 , 08:15:00,414,75
748,09/12/2015 , 08:30:00,715,129.6
749,09/12/2015 , 08:45:00,699,126.7
750,09/12/2015 , 09:00:00,888,161
751,09/12/2015 , 09:15:00,1112,201.6
752,09/12/2015 , 09:30:00,1304,236.4
753,09/12/2015 , 09:45:00,1478,267.9
754,09/12/2015 , 10:00:00,1855,336.2
755,09/12/2015 , 10:15:00,2355,426.9
756,09/12/2015 , 10:30:00,2362,428.1
757,09/12/2015 , 10:45:00,1894,343.3
758,09/12/2015 , 11:00:00,1771,321
759,09/12/2015 , 11:15:00,2030,368
760,09/12/2015 , 11:30:00,2072,375.6
761,09/12/2015 , 11:45:00,1873,339.5
762,09/12/2015 , 12:00:00,2106,381.7
763,09/12/2015 , 12:15:00,2205,399.7
764,09/12/2015 , 12:30:00,1882,341.1
765,09/12/2015 , 12:45:00,1729,313.4
766,09/12/2015 , 13:00:00,1510,273.7
767,09/12/2015 , 13:15:00,1065,193
768,09/12/2015 , 13:30:00,1416,256.7
769,09/12/2015 , 13:45:00,1705,309.1
770,09/12/2015 , 14:00:00,1539,279
771,09/12/2015 , 14:15:00,1341,243.1
772,09/12/2015 , 14:30:00,1541,279.3
773,09/12/2015 , 14:45:00,1405,254.7
774,09/12/2015 , 15:00:00,1156,209.5
775,09/12/2015 , 15:15:00,869,157.5
776,09/12/2015 , 15:30:00,830,150.4
777,09/12/2015 , 15:45:00,792,143.6
778,09/12/2015 , 16:00:00,340,61.6
779,09/12/2015 , 16:15:00,390,70.7
780,09/12/2015 , 16:30:00,378,68.5
781,09/12/2015 , 16:45:00,283,51.3
782,09/12/2015 , 17:00:00,283,51.3
783,09/12/2015 , 17:15:00,202,36.6
784,09/12/2015 , 17:30:00,85,15.4
785,09/12/2015 , 17:45:00,40,7.3
786,09/12/2015 , 18:00:00,2,0.4
787,09/12/2015 , 18:15:00,0,0
788,09/12/2015 , 18:30:00,0,0
789,09/12/2015 , 18:45:00,0,0
790,09/12/2015 , 19:00:00,0,0
791,09/12/2015 , 19:15:00,0,0
792,09/12/2015 , 19:30:00,0,0
793,09/12/2015 , 19:45:00,0,0
794,09/12/2015 , 20:00:00,0,0
795,09/12/2015 , 20:15:00,0,0
796,09/12/2015 , 20:30:00,0,0
797,09/12/2015 , 20:45:00,0,0
798,09/12/2015 , 21:00:00,0,0
799,09/12/2015 , 21:15:00,0,0
800,09/12/2015 , 21:30:00,0,0
801,09/12/2015 , 21:45:00,0,0
802,09/12/2015 , 22:00:00,0,0
803,09/12/2015 , 22:15:00,0,0
804,09/12/2015 , 22:30:00,0,0
805,09/12/2015 , 22:45:00,0,0
806,09/12/2015 , 23:00:00,0,0
807,09/12/2015 , 23:15:00,0,0
808,09/12/2015 , 23:30:00,0,0
809,09/12/2015 , 23:45:00,0,0
810,09/12/2015 , 24:00:00,0,0
811,10/12/2015 , 00:15:00,0,0
812,10/12/2015 , 00:30:00,0,0
813,10/12/2015 , 00:45:00,0,0
814,10/12/2015 , 01:00:00,0,0
815,10/12/2015 , 01:15:00,0,0
816,10/12/2015 , 01:30:00,0,0
817,10/12/2015 , 01:45:00,0,0
818,10/12/2015 , 02:00:00,0,0
819,10/12/2015 , 02:15:00,0,0
820,10/12/2015 , 02:30:00,0,0
821,10/12/2015 , 02:45:00,0,0
822,10/12/2015 , 03:00:00,0,0
823,10/12/2015 , 03:15:00,0,0
824,10/12/2015 , 03:30:00,0,0
825,10/12/2015 , 03:45:00,0,0
826,10/12/2015 , 04:00:00,0,0
827,10/12/2015 , 04:15:00,0,0
828,10/12/2015 , 04:30:00,0,0
829,10/12/2015 , 04:45:00,0,0
830,10/12/2015 , 05:00:00,0,0
831,10/12/2015 , 05:15:00,0,0
832,10/12/2015 , 05:30:00,0,0
833,10/12/2015 , 05:45:00,0,0
834,10/12/2015 , 06:00:00,0,0
835,10/12/2015 , 06:15:00,0,0
836,10/12/2015 , 06:30:00,0,0
837,10/12/2015 , 06:45:00,0,0
838,10/12/2015 , 07:00:00,0,0
839,10/12/2015 , 07:15:00,35,6.3
840,10/12/2015 , 07:30:00,134,24.3
841,10/12/2015 , 07:45:00,242,43.9
842,10/12/2015 , 08:00:00,455,82.5
843,10/12/2015 , 08:15:00,439,79.6
844,10/12/2015 , 08:30:00,867,157.2
845,10/12/2015 , 08:45:00,1102,199.7
846,10/12/2015 , 09:00:00,911,165.1
847,10/12/2015 , 09:15:00,727,131.8
848,10/12/2015 , 09:30:00,1406,254.9
849,10/12/2015 , 09:45:00,1987,360.2
850,10/12/2015 , 10:00:00,2765,501.2
851,10/12/2015 , 10:15:00,2741,496.8
852,10/12/2015 , 10:30:00,4125,747.7
853,10/12/2015 , 10:45:00,1661,301.1
854,10/12/2015 , 11:00:00,1378,249.8
855,10/12/2015 , 11:15:00,1661,301.1
856,10/12/2015 , 11:30:00,1675,303.6
857,10/12/2015 , 11:45:00,2071,375.4
858,10/12/2015 , 12:00:00,1247,226
859,10/12/2015 , 12:15:00,975,176.7
860,10/12/2015 , 12:30:00,962,174.4
861,10/12/2015 , 12:45:00,1518,275.2
862,10/12/2015 , 13:00:00,1411,255.8
863,10/12/2015 , 13:15:00,925,167.7
864,10/12/2015 , 13:30:00,910,164.9
865,10/12/2015 , 13:45:00,851,154.3
866,10/12/2015 , 14:00:00,1850,335.3
867,10/12/2015 , 14:15:00,1508,273.3
868,10/12/2015 , 14:30:00,1196,216.8
869,10/12/2015 , 14:45:00,866,157
870,10/12/2015 , 15:00:00,787,142.7
871,10/12/2015 , 15:15:00,984,178.4
872,10/12/2015 , 15:30:00,420,76.1
873,10/12/2015 , 15:45:00,476,86.3
874,10/12/2015 , 16:00:00,600,108.8
875,10/12/2015 , 16:15:00,599,108.6
876,10/12/2015 , 16:30:00,370,67.1
877,10/12/2015 , 16:45:00,329,59.6
878,10/12/2015 , 17:00:00,188,34.1
879,10/12/2015 , 17:15:00,168,30.5
880,10/12/2015 , 17:30:00,89,16.1
881,10/12/2015 , 17:45:00,37,6.7
882,10/12/2015 , 18:00:00,1,0.2
883,10/12/2015 , 18:15:00,0,0
884,10/12/2015 , 18:30:00,0,0
885,10/12/2015 , 18:45:00,0,0
886,10/12/2015 , 19:00:00,0,0
887,10/12/2015 , 19:15:00,0,0
888,10/12/2015 , 19:30:00,0,0
889,10/12/2015 , 19:45:00,0,0
890,10/12/2015 , 20:00:00,0,0
891,10/12/2015 , 20:15:00,0,0
892,10/12/2015 , 20:30:00,0,0
893,10/12/2015 , 20:45:00,0,0
894,10/12/2015 , 21:00:00,0,0
895,10/12/2015 , 21:15:00,0,0
896,10/12/2015 , 21:30:00,0,0
897,10/12/2015 , 21:45:00,0,0
898,10/12/2015 , 22:00:00,0,0
899,10/12/2015 , 22:15:00,0,0
900,10/12/2015 , 22:30:00,0,0
901,10/12/2015 , 22:45:00,0,0
902,10/12/2015 , 23:00:00,0,0
903,10/12/2015 , 23:15:00,0,0
904,10/12/2015 , 23:30:00,0,0
905,10/12/2015 , 23:45:00,0,0
906,10/12/2015 , 24:00:00,0,0
907,11/12/2015 , 00:15:00,0,0
908,11/12/2015 , 00:30:00,0,0
909,11/12/2015 , 00:45:00,0,0
910,11/12/2015 , 01:00:00,0,0
911,11/12/2015 , 01:15:00,0,0
912,11/12/2015 , 01:30:00,0,0
913,11/12/2015 , 01:45:00,0,0
914,11/12/2015 , 02:00:00,0,0
915,11/12/2015 , 02:15:00,0,0
916,11/12/2015 , 02:30:00,0,0
917,11/12/2015 , 02:45:00,0,0
918,11/12/2015 , 03:00:00,0,0
919,11/12/2015 , 03:15:00,0,0
920,11/12/2015 , 03:30:00,0,0
921,11/12/2015 , 03:45:00,0,0
922,11/12/2015 , 04:00:00,0,0
923,11/12/2015 , 04:15:00,0,0
924,11/12/2015 , 04:30:00,0,0
925,11/12/2015 , 04:45:00,0,0
926,11/12/2015 , 05:00:00,0,0
927,11/12/2015 , 05:15:00,0,0
928,11/12/2015 , 05:30:00,0,0
929,11/12/2015 , 05:45:00,0,0
930,11/12/2015 , 06:00:00,0,0
931,11/12/2015 , 06:15:00,0,0
932,11/12/2015 , 06:30:00,0,0
933,11/12/2015 , 06:45:00,0,0
934,11/12/2015 , 07:00:00,0,0
935,11/12/2015 , 07:15:00,23,4.2
936,11/12/2015 , 07:30:00,120,21.8
937,11/12/2015 , 07:45:00,127,23
938,11/12/2015 , 08:00:00,245,44.4
939,11/12/2015 , 08:15:00,545,98.8
940,11/12/2015 , 08:30:00,718,130.1
941,11/12/2015 , 08:45:00,985,178.5
942,11/12/2015 , 09:00:00,839,152.1
943,11/12/2015 , 09:15:00,942,170.7
944,11/12/2015 , 09:30:00,1523,276.1
945,11/12/2015 , 09:45:00,1645,298.2
946,11/12/2015 , 10:00:00,1860,337.1
947,11/12/2015 , 10:15:00,2515,455.9
948,11/12/2015 , 10:30:00,2631,476.9
949,11/12/2015 , 10:45:00,2568,465.5
950,11/12/2015 , 11:00:00,2809,509.2
951,11/12/2015 , 11:15:00,2384,432.1
952,11/12/2015 , 11:30:00,2731,495
953,11/12/2015 , 11:45:00,2008,364
954,11/12/2015 , 12:00:00,1790,324.5
955,11/12/2015 , 12:15:00,938,170
956,11/12/2015 , 12:30:00,1007,182.5
957,11/12/2015 , 12:45:00,831,150.6
958,11/12/2015 , 13:00:00,844,153
959,11/12/2015 , 13:15:00,629,114
960,11/12/2015 , 13:30:00,724,131.2
961,11/12/2015 , 13:45:00,509,92.3
962,11/12/2015 , 14:00:00,868,157.3
963,11/12/2015 , 14:15:00,385,69.8
964,11/12/2015 , 14:30:00,696,126.2
965,11/12/2015 , 14:45:00,1083,196.3
966,11/12/2015 , 15:00:00,450,81.6
967,11/12/2015 , 15:15:00,419,75.9
968,11/12/2015 , 15:30:00,469,85
969,11/12/2015 , 15:45:00,581,105.3
970,11/12/2015 , 16:00:00,375,68
971,11/12/2015 , 16:15:00,296,53.7
972,11/12/2015 , 16:30:00,293,53.1
973,11/12/2015 , 16:45:00,213,38.6
974,11/12/2015 , 17:00:00,380,68.9
975,11/12/2015 , 17:15:00,121,21.9
976,11/12/2015 , 17:30:00,208,37.7
977,11/12/2015 , 17:45:00,67,12.1
978,11/12/2015 , 18:00:00,2,0.4
979,11/12/2015 , 18:15:00,0,0
980,11/12/2015 , 18:30:00,0,0
981,11/12/2015 , 18:45:00,0,0
982,11/12/2015 , 19:00:00,0,0
983,11/12/2015 , 19:15:00,0,0
984,11/12/2015 , 19:30:00,0,0
985,11/12/2015 , 19:45:00,0,0
986,11/12/2015 , 20:00:00,0,0
987,11/12/2015 , 20:15:00,0,0
988,11/12/2015 , 20:30:00,0,0
989,11/12/2015 , 20:45:00,0,0
990,11/12/2015 , 21:00:00,0,0
991,11/12/2015 , 21:15:00,0,0
992,11/12/2015 , 21:30:00,0,0
993,11/12/2015 , 21:45:00,0,0
994,11/12/2015 , 22:00:00,0,0
995,11/12/2015 , 22:15:00,0,0
996,11/12/2015 , 22:30:00,0,0
997,11/12/2015 , 22:45:00,0,0
998,11/12/2015 , 23:00:00,0,0
999,11/12/2015 , 23:15:00,0,0
1000,11/12/2015 , 23:30:00,0,0
1001,11/12/2015 , 23:45:00,0,0
1002,11/12/2015 , 24:00:00,0,0
1003,12/12/2015 , 00:15:00,0,0
1004,12/12/2015 , 00:30:00,0,0
1005,12/12/2015 , 00:45:00,0,0
1006,12/12/2015 , 01:00:00,0,0
1007,12/12/2015 , 01:15:00,0,0
1008,12/12/2015 , 01:30:00,0,0
1009,12/12/2015 , 01:45:00,0,0
1010,12/12/2015 , 02:00:00,0,0
1011,12/12/2015 , 02:15:00,0,0
1012,12/12/2015 , 02:30:00,0,0
1013,12/12/2015 , 02:45:00,0,0
1014,12/12/2015 , 03:00:00,0,0
1015,12/12/2015 , 03:15:00,0,0
1016,12/12/2015 , 03:30:00,0,0
1017,12/12/2015 , 03:45:00,0,0
1018,12/12/2015 , 04:00:00,0,0
1019,12/12/2015 , 04:15:00,0,0
1020,12/12/2015 , 04:30:00,0,0
1021,12/12/2015 , 04:45:00,0,0
1022,12/12/2015 , 05:00:00,0,0
1023,12/12/2015 , 05:15:00,0,0
1024,12/12/2015 , 05:30:00,0,0
1025,12/12/2015 , 05:45:00,0,0
1026,12/12/2015 , 06:00:00,0,0
1027,12/12/2015 , 06:15:00,0,0
1028,12/12/2015 , 06:30:00,0,0
1029,12/12/2015 , 06:45:00,0,0
1030,12/12/2015 , 07:00:00,0,0
1031,12/12/2015 , 07:15:00,23,4.2
1032,12/12/2015 , 07:30:00,123,22.3
1033,12/12/2015 , 07:45:00,232,42.1
1034,12/12/2015 , 08:00:00,418,75.8
1035,12/12/2015 , 08:15:00,598,108.4
1036,12/12/2015 , 08:30:00,903,163.7
1037,12/12/2015 , 08:45:00,1208,219
1038,12/12/2015 , 09:00:00,1379,250
1039,12/12/2015 , 09:15:00,1875,339.9
1040,12/12/2015 , 09:30:00,1515,274.6
1041,12/12/2015 , 09:45:00,1958,354.9
1042,12/12/2015 , 10:00:00,3359,608.9
1043,12/12/2015 , 10:15:00,3741,678.1
1044,12/12/2015 , 10:30:00,2679,485.6
1045,12/12/2015 , 10:45:00,1616,292.9
1046,12/12/2015 , 11:00:00,1594,288.9
1047,12/12/2015 , 11:15:00,1382,250.5
1048,12/12/2015 , 11:30:00,1516,274.8
1049,12/12/2015 , 11:45:00,1375,249.2
1050,12/12/2015 , 12:00:00,1228,222.6
1051,12/12/2015 , 12:15:00,1480,268.3
1052,12/12/2015 , 12:30:00,1088,197.2
1053,12/12/2015 , 12:45:00,1080,195.8
1054,12/12/2015 , 13:00:00,1158,209.9
1055,12/12/2015 , 13:15:00,906,164.2
1056,12/12/2015 , 13:30:00,813,147.4
1057,12/12/2015 , 13:45:00,1180,213.9
1058,12/12/2015 , 14:00:00,819,148.5
1059,12/12/2015 , 14:15:00,796,144.3
1060,12/12/2015 , 14:30:00,820,148.6
1061,12/12/2015 , 14:45:00,520,94.3
1062,12/12/2015 , 15:00:00,965,174.9
1063,12/12/2015 , 15:15:00,847,153.5
1064,12/12/2015 , 15:30:00,903,163.7
1065,12/12/2015 , 15:45:00,568,103
1066,12/12/2015 , 16:00:00,1084,196.5
1067,12/12/2015 , 16:15:00,672,121.8
1068,12/12/2015 , 16:30:00,663,120.2
1069,12/12/2015 , 16:45:00,442,80.1
1070,12/12/2015 , 17:00:00,311,56.4
1071,12/12/2015 , 17:15:00,220,39.9
1072,12/12/2015 , 17:30:00,161,29.2
1073,12/12/2015 , 17:45:00,62,11.2
1074,12/12/2015 , 18:00:00,5,0.9
1075,12/12/2015 , 18:15:00,0,0
1076,12/12/2015 , 18:30:00,0,0
1077,12/12/2015 , 18:45:00,0,0
1078,12/12/2015 , 19:00:00,0,0
1079,12/12/2015 , 19:15:00,0,0
1080,12/12/2015 , 19:30:00,0,0
1081,12/12/2015 , 19:45:00,0,0
1082,12/12/2015 , 20:00:00,0,0
1083,12/12/2015 , 20:15:00,0,0
1084,12/12/2015 , 20:30:00,0,0
1085,12/12/2015 , 20:45:00,0,0
1086,12/12/2015 , 21:00:00,0,0
1087,12/12/2015 , 21:15:00,0,0
1088,12/12/2015 , 21:30:00,0,0
1089,12/12/2015 , 21:45:00,0,0
1090,12/12/2015 , 22:00:00,0,0
1091,12/12/2015 , 22:15:00,0,0
1092,12/12/2015 , 22:30:00,0,0
1093,12/12/2015 , 22:45:00,0,0
1094,12/12/2015 , 23:00:00,0,0
1095,12/12/2015 , 23:15:00,0,0
1096,12/12/2015 , 23:30:00,0,0
1097,12/12/2015 , 23:45:00,0,0
1098,12/12/2015 , 24:00:00,0,0
1099,13/12/2015 , 00:15:00,0,0
1100,13/12/2015 , 00:30:00,0,0
1101,13/12/2015 , 00:45:00,0,0
1102,13/12/2015 , 01:00:00,0,0
1103,13/12/2015 , 01:15:00,0,0
1104,13/12/2015 , 01:30:00,0,0
1105,13/12/2015 , 01:45:00,0,0
1106,13/12/2015 , 02:00:00,0,0
1107,13/12/2015 , 02:15:00,0,0
1108,13/12/2015 , 02:30:00,0,0
1109,13/12/2015 , 02:45:00,0,0
1110,13/12/2015 , 03:00:00,0,0
1111,13/12/2015 , 03:15:00,0,0
1112,13/12/2015 , 03:30:00,0,0
1113,13/12/2015 , 03:45:00,0,0
1114,13/12/2015 , 04:00:00,0,0
1115,13/12/2015 , 04:15:00,0,0
1116,13/12/2015 , 04:30:00,0,0
1117,13/12/2015 , 04:45:00,0,0
1118,13/12/2015 , 05:00:00,0,0
1119,13/12/2015 , 05:15:00,0,0
1120,13/12/2015 , 05:30:00,0,0
1121,13/12/2015 , 05:45:00,0,0
1122,13/12/2015 , 06:00:00,0,0
1123,13/12/2015 , 06:15:00,0,0
1124,13/12/2015 , 06:30:00,0,0
1125,13/12/2015 , 06:45:00,0,0
1126,13/12/2015 , 07:00:00,0,0
1127,13/12/2015 , 07:15:00,21,3.8
1128,13/12/2015 , 07:30:00,86,15.6
1129,13/12/2015 , 07:45:00,154,27.9
1130,13/12/2015 , 08:00:00,231,41.9
1131,13/12/2015 , 08:15:00,336,60.9
1132,13/12/2015 , 08:30:00,573,103.9
1133,13/12/2015 , 08:45:00,872,158.1
1134,13/12/2015 , 09:00:00,1336,242.2
1135,13/12/2015 , 09:15:00,1843,334.1
1136,13/12/2015 , 09:30:00,1523,276.1
1137,13/12/2015 , 09:45:00,1935,350.7
1138,13/12/2015 , 10:00:00,3291,596.5
1139,13/12/2015 , 10:15:00,3752,680.1
1140,13/12/2015 , 10:30:00,2816,510.4
1141,13/12/2015 , 10:45:00,1592,288.6
1142,13/12/2015 , 11:00:00,1603,290.6
1143,13/12/2015 , 11:15:00,1288,233.5
1144,13/12/2015 , 11:30:00,1435,260.1
1145,13/12/2015 , 11:45:00,1314,238.2
1146,13/12/2015 , 12:00:00,1124,203.7
1147,13/12/2015 , 12:15:00,967,175.3
1148,13/12/2015 , 12:30:00,945,171.3
1149,13/12/2015 , 12:45:00,851,154.3
1150,13/12/2015 , 13:00:00,641,116.2
1151,13/12/2015 , 13:15:00,735,133.2
1152,13/12/2015 , 13:30:00,901,163.3
1153,13/12/2015 , 13:45:00,1162,210.6
1154,13/12/2015 , 14:00:00,2010,364.3
1155,13/12/2015 , 14:15:00,841,152.4
1156,13/12/2015 , 14:30:00,560,101.5
1157,13/12/2015 , 14:45:00,391,70.9
1158,13/12/2015 , 15:00:00,265,48
1159,13/12/2015 , 15:15:00,367,66.5
1160,13/12/2015 , 15:30:00,285,51.7
1161,13/12/2015 , 15:45:00,474,85.9
1162,13/12/2015 , 16:00:00,479,86.8
1163,13/12/2015 , 16:15:00,503,91.2
1164,13/12/2015 , 16:30:00,334,60.5
1165,13/12/2015 , 16:45:00,513,93
1166,13/12/2015 , 17:00:00,256,46.4
1167,13/12/2015 , 17:15:00,135,24.5
1168,13/12/2015 , 17:30:00,107,19.4
1169,13/12/2015 , 17:45:00,37,6.7
1170,13/12/2015 , 18:00:00,1,0.2
1171,13/12/2015 , 18:15:00,0,0
1172,13/12/2015 , 18:30:00,0,0
1173,13/12/2015 , 18:45:00,0,0
1174,13/12/2015 , 19:00:00,0,0
1175,13/12/2015 , 19:15:00,0,0
1176,13/12/2015 , 19:30:00,0,0
1177,13/12/2015 , 19:45:00,0,0
1178,13/12/2015 , 20:00:00,0,0
1179,13/12/2015 , 20:15:00,0,0
1180,13/12/2015 , 20:30:00,0,0
1181,13/12/2015 , 20:45:00,0,0
1182,13/12/2015 , 21:00:00,0,0
1183,13/12/2015 , 21:15:00,0,0
1184,13/12/2015 , 21:30:00,0,0
1185,13/12/2015 , 21:45:00,0,0
1186,13/12/2015 , 22:00:00,0,0
1187,13/12/2015 , 22:15:00,0,0
1188,13/12/2015 , 22:30:00,0,0
1189,13/12/2015 , 22:45:00,0,0
1190,13/12/2015 , 23:00:00,0,0
1191,13/12/2015 , 23:15:00,0,0
1192,13/12/2015 , 23:30:00,0,0
1193,13/12/2015 , 23:45:00,0,0
1194,13/12/2015 , 24:00:00,0,0
1195,14/12/2015 , 00:15:00,0,0
1196,14/12/2015 , 00:30:00,0,0
1197,14/12/2015 , 00:45:00,0,0
1198,14/12/2015 , 01:00:00,0,0
1199,14/12/2015 , 01:15:00,0,0
1200,14/12/2015 , 01:30:00,0,0
1201,14/12/2015 , 01:45:00,0,0
1202,14/12/2015 , 02:00:00,0,0
1203,14/12/2015 , 02:15:00,0,0
1204,14/12/2015 , 02:30:00,0,0
1205,14/12/2015 , 02:45:00,0,0
1206,14/12/2015 , 03:00:00,0,0
1207,14/12/2015 , 03:15:00,0,0
1208,14/12/2015 , 03:30:00,0,0
1209,14/12/2015 , 03:45:00,0,0
1210,14/12/2015 , 04:00:00,0,0
1211,14/12/2015 , 04:15:00,0,0
1212,14/12/2015 , 04:30:00,0,0
1213,14/12/2015 , 04:45:00,0,0
1214,14/12/2015 , 05:00:00,0,0
1215,14/12/2015 , 05:15:00,0,0
1216,14/12/2015 , 05:30:00,0,0
1217,14/12/2015 , 05:45:00,0,0
1218,14/12/2015 , 06:00:00,0,0
1219,14/12/2015 , 06:15:00,0,0
1220,14/12/2015 , 06:30:00,0,0
1221,14/12/2015 , 06:45:00,0,0
1222,14/12/2015 , 07:00:00,0,0
1223,14/12/2015 , 07:15:00,14,2.5
1224,14/12/2015 , 07:30:00,125,22.7
1225,14/12/2015 , 07:45:00,175,31.7
1226,14/12/2015 , 08:00:00,178,32.3
1227,14/12/2015 , 08:15:00,371,67.2
1228,14/12/2015 , 08:30:00,583,105.7
1229,14/12/2015 , 08:45:00,857,155.3
1230,14/12/2015 , 09:00:00,869,157.5
1231,14/12/2015 , 09:15:00,1210,219.3
1232,14/12/2015 , 09:30:00,1585,287.3
1233,14/12/2015 , 09:45:00,1818,329.5
1234,14/12/2015 , 10:00:00,2954,535.4
1235,14/12/2015 , 10:15:00,1184,214.6
1236,14/12/2015 , 10:30:00,972,176.2
1237,14/12/2015 , 10:45:00,1483,268.8
1238,14/12/2015 , 11:00:00,645,116.9
1239,14/12/2015 , 11:15:00,497,90.1
1240,14/12/2015 , 11:30:00,557,101
1241,14/12/2015 , 11:45:00,1340,242.9
1242,14/12/2015 , 12:00:00,992,179.8
1243,14/12/2015 , 12:15:00,874,158.4
1244,14/12/2015 , 12:30:00,1099,199.2
1245,14/12/2015 , 12:45:00,1488,269.7
1246,14/12/2015 , 13:00:00,963,174.6
1247,14/12/2015 , 13:15:00,2076,376.3
1248,14/12/2015 , 13:30:00,940,170.4
1249,14/12/2015 , 13:45:00,1342,243.3
1250,14/12/2015 , 14:00:00,722,130.9
1251,14/12/2015 , 14:15:00,1320,239.3
1252,14/12/2015 , 14:30:00,1263,228.9
1253,14/12/2015 , 14:45:00,928,168.2
1254,14/12/2015 , 15:00:00,1055,191.2
1255,14/12/2015 , 15:15:00,1186,215
1256,14/12/2015 , 15:30:00,1538,278.8
1257,14/12/2015 , 15:45:00,1050,190.3
1258,14/12/2015 , 16:00:00,393,71.2
1259,14/12/2015 , 16:15:00,708,128.3
1260,14/12/2015 , 16:30:00,257,46.6
1261,14/12/2015 , 16:45:00,223,40.4
1262,14/12/2015 , 17:00:00,219,39.7
1263,14/12/2015 , 17:15:00,104,18.9
1264,14/12/2015 , 17:30:00,97,17.6
1265,14/12/2015 , 17:45:00,41,7.4
1266,14/12/2015 , 18:00:00,0,0
1267,14/12/2015 , 18:15:00,0,0
1268,14/12/2015 , 18:30:00,0,0
1269,14/12/2015 , 18:45:00,0,0
1270,14/12/2015 , 19:00:00,0,0
1271,14/12/2015 , 19:15:00,0,0
1272,14/12/2015 , 19:30:00,0,0
1273,14/12/2015 , 19:45:00,0,0
1274,14/12/2015 , 20:00:00,0,0
1275,14/12/2015 , 20:15:00,0,0
1276,14/12/2015 , 20:30:00,0,0
1277,14/12/2015 , 20:45:00,0,0
1278,14/12/2015 , 21:00:00,0,0
1279,14/12/2015 , 21:15:00,0,0
1280,14/12/2015 , 21:30:00,0,0
1281,14/12/2015 , 21:45:00,0,0
1282,14/12/2015 , 22:00:00,0,0
1283,14/12/2015 , 22:15:00,0,0
1284,14/12/2015 , 22:30:00,0,0
1285,14/12/2015 , 22:45:00,0,0
1286,14/12/2015 , 23:00:00,0,0
1287,14/12/2015 , 23:15:00,0,0
1288,14/12/2015 , 23:30:00,0,0
1289,14/12/2015 , 23:45:00,0,0
1290,14/12/2015 , 24:00:00,0,0
1291,15/12/2015 , 00:15:00,0,0
1292,15/12/2015 , 00:30:00,0,0
1293,15/12/2015 , 00:45:00,0,0
1294,15/12/2015 , 01:00:00,0,0
1295,15/12/2015 , 01:15:00,0,0
1296,15/12/2015 , 01:30:00,0,0
1297,15/12/2015 , 01:45:00,0,0
1298,15/12/2015 , 02:00:00,0,0
1299,15/12/2015 , 02:15:00,0,0
1300,15/12/2015 , 02:30:00,0,0
1301,15/12/2015 , 02:45:00,0,0
1302,15/12/2015 , 03:00:00,0,0
1303,15/12/2015 , 03:15:00,0,0
1304,15/12/2015 , 03:30:00,0,0
1305,15/12/2015 , 03:45:00,0,0
1306,15/12/2015 , 04:00:00,0,0
1307,15/12/2015 , 04:15:00,0,0
1308,15/12/2015 , 04:30:00,0,0
1309,15/12/2015 , 04:45:00,0,0
1310,15/12/2015 , 05:00:00,0,0
1311,15/12/2015 , 05:15:00,0,0
1312,15/12/2015 , 05:30:00,0,0
1313,15/12/2015 , 05:45:00,0,0
1314,15/12/2015 , 06:00:00,0,0
1315,15/12/2015 , 06:15:00,0,0
1316,15/12/2015 , 06:30:00,0,0
1317,15/12/2015 , 06:45:00,0,0
1318,15/12/2015 , 07:00:00,0,0
1319,15/12/2015 , 07:15:00,23,4.2
1320,15/12/2015 , 07:30:00,104,18.9
1321,15/12/2015 , 07:45:00,189,34.3
1322,15/12/2015 , 08:00:00,255,46.2
1323,15/12/2015 , 08:15:00,400,72.5
1324,15/12/2015 , 08:30:00,687,124.5
1325,15/12/2015 , 08:45:00,1021,185.1
1326,15/12/2015 , 09:00:00,1290,233.8
1327,15/12/2015 , 09:15:00,2032,368.3
1328,15/12/2015 , 09:30:00,1672,303.1
1329,15/12/2015 , 09:45:00,1781,322.8
1330,15/12/2015 , 10:00:00,3236,586.6
1331,15/12/2015 , 10:15:00,3799,688.6
1332,15/12/2015 , 10:30:00,3492,633
1333,15/12/2015 , 10:45:00,2308,418.4
1334,15/12/2015 , 11:00:00,1773,321.4
1335,15/12/2015 , 11:15:00,1476,267.5
1336,15/12/2015 , 11:30:00,2040,369.8
1337,15/12/2015 , 11:45:00,2049,371.4
1338,15/12/2015 , 12:00:00,2222,402.8
1339,15/12/2015 , 12:15:00,2107,381.9
1340,15/12/2015 , 12:30:00,1713,310.5
1341,15/12/2015 , 12:45:00,1464,265.4
1342,15/12/2015 , 13:00:00,1409,255.4
1343,15/12/2015 , 13:15:00,1085,196.7
1344,15/12/2015 , 13:30:00,1288,233.5
1345,15/12/2015 , 13:45:00,1558,282.4
1346,15/12/2015 , 14:00:00,2212,400.9
1347,15/12/2015 , 14:15:00,910,164.9
1348,15/12/2015 , 14:30:00,1186,215
1349,15/12/2015 , 14:45:00,853,154.6
1350,15/12/2015 , 15:00:00,974,176.5
1351,15/12/2015 , 15:15:00,589,106.8
1352,15/12/2015 , 15:30:00,664,120.4
1353,15/12/2015 , 15:45:00,662,120
1354,15/12/2015 , 16:00:00,556,100.8
1355,15/12/2015 , 16:15:00,669,121.3
1356,15/12/2015 , 16:30:00,354,64.2
1357,15/12/2015 , 16:45:00,281,50.9
1358,15/12/2015 , 17:00:00,438,79.4
1359,15/12/2015 , 17:15:00,105,19
1360,15/12/2015 , 17:30:00,83,15
1361,15/12/2015 , 17:45:00,97,17.6
1362,15/12/2015 , 18:00:00,3,0.5
1363,15/12/2015 , 18:15:00,0,0
1364,15/12/2015 , 18:30:00,0,0
1365,15/12/2015 , 18:45:00,0,0
1366,15/12/2015 , 19:00:00,0,0
1367,15/12/2015 , 19:15:00,0,0
1368,15/12/2015 , 19:30:00,0,0
1369,15/12/2015 , 19:45:00,0,0
1370,15/12/2015 , 20:00:00,0,0
1371,15/12/2015 , 20:15:00,0,0
1372,15/12/2015 , 20:30:00,0,0
1373,15/12/2015 , 20:45:00,0,0
1374,15/12/2015 , 21:00:00,0,0
1375,15/12/2015 , 21:15:00,0,0
1376,15/12/2015 , 21:30:00,0,0
1377,15/12/2015 , 21:45:00,0,0
1378,15/12/2015 , 22:00:00,0,0
1379,15/12/2015 , 22:15:00,0,0
1380,15/12/2015 , 22:30:00,0,0
1381,15/12/2015 , 22:45:00,0,0
1382,15/12/2015 , 23:00:00,0,0
1383,15/12/2015 , 23:15:00,0,0
1384,15/12/2015 , 23:30:00,0,0
1385,15/12/2015 , 23:45:00,0,0
1386,15/12/2015 , 24:00:00,0,0
1387,16/12/2015 , 00:15:00,0,0
1388,16/12/2015 , 00:30:00,0,0
1389,16/12/2015 , 00:45:00,0,0
1390,16/12/2015 , 01:00:00,0,0
1391,16/12/2015 , 01:15:00,0,0
1392,16/12/2015 , 01:30:00,0,0
1393,16/12/2015 , 01:45:00,0,0
1394,16/12/2015 , 02:00:00,0,0
1395,16/12/2015 , 02:15:00,0,0
1396,16/12/2015 , 02:30:00,0,0
1397,16/12/2015 , 02:45:00,0,0
1398,16/12/2015 , 03:00:00,0,0
1399,16/12/2015 , 03:15:00,0,0
1400,16/12/2015 , 03:30:00,0,0
1401,16/12/2015 , 03:45:00,0,0
1402,16/12/2015 , 04:00:00,0,0
1403,16/12/2015 , 04:15:00,0,0
1404,16/12/2015 , 04:30:00,0,0
1405,16/12/2015 , 04:45:00,0,0
1406,16/12/2015 , 05:00:00,0,0
1407,16/12/2015 , 05:15:00,0,0
1408,16/12/2015 , 05:30:00,0,0
1409,16/12/2015 , 05:45:00,0,0
1410,16/12/2015 , 06:00:00,0,0
1411,16/12/2015 , 06:15:00,0,0
1412,16/12/2015 , 06:30:00,0,0
1413,16/12/2015 , 06:45:00,0,0
1414,16/12/2015 , 07:00:00,0,0
1415,16/12/2015 , 07:15:00,17,3.1
1416,16/12/2015 , 07:30:00,84,15.2
1417,16/12/2015 , 07:45:00,171,31
1418,16/12/2015 , 08:00:00,419,75.9
1419,16/12/2015 , 08:15:00,306,55.5
1420,16/12/2015 , 08:30:00,526,95.3
1421,16/12/2015 , 08:45:00,1213,219.9
1422,16/12/2015 , 09:00:00,1138,206.3
1423,16/12/2015 , 09:15:00,1769,320.7
1424,16/12/2015 , 09:30:00,1547,280.4
1425,16/12/2015 , 09:45:00,1369,248.1
1426,16/12/2015 , 10:00:00,2513,455.5
1427,16/12/2015 , 10:15:00,1771,321
1428,16/12/2015 , 10:30:00,2139,387.7
1429,16/12/2015 , 10:45:00,1997,362
1430,16/12/2015 , 11:00:00,1828,331.3
1431,16/12/2015 , 11:15:00,1363,247.1
1432,16/12/2015 , 11:30:00,1075,194.9
1433,16/12/2015 , 11:45:00,2119,384.1
1434,16/12/2015 , 12:00:00,1517,275
1435,16/12/2015 , 12:15:00,1533,277.9
1436,16/12/2015 , 12:30:00,1758,318.7
1437,16/12/2015 , 12:45:00,1214,220.1
1438,16/12/2015 , 13:00:00,1323,239.8
1439,16/12/2015 , 13:15:00,1074,194.7
1440,16/12/2015 , 13:30:00,909,164.8
1441,16/12/2015 , 13:45:00,1046,189.6
1442,16/12/2015 , 14:00:00,2002,362.9
1443,16/12/2015 , 14:15:00,1113,201.7
1444,16/12/2015 , 14:30:00,1280,232
1445,16/12/2015 , 14:45:00,1035,187.6
1446,16/12/2015 , 15:00:00,1073,194.5
1447,16/12/2015 , 15:15:00,1143,207.2
1448,16/12/2015 , 15:30:00,634,114.9
1449,16/12/2015 , 15:45:00,1026,186
1450,16/12/2015 , 16:00:00,823,149.2
1451,16/12/2015 , 16:15:00,680,123.3
1452,16/12/2015 , 16:30:00,905,164
1453,16/12/2015 , 16:45:00,243,44
1454,16/12/2015 , 17:00:00,426,77.2
1455,16/12/2015 , 17:15:00,214,38.8
1456,16/12/2015 , 17:30:00,183,33.2
1457,16/12/2015 , 17:45:00,53,9.6
1458,16/12/2015 , 18:00:00,7,1.3
1459,16/12/2015 , 18:15:00,0,0
1460,16/12/2015 , 18:30:00,0,0
1461,16/12/2015 , 18:45:00,0,0
1462,16/12/2015 , 19:00:00,0,0
1463,16/12/2015 , 19:15:00,0,0
1464,16/12/2015 , 19:30:00,0,0
1465,16/12/2015 , 19:45:00,0,0
1466,16/12/2015 , 20:00:00,0,0
1467,16/12/2015 , 20:15:00,0,0
1468,16/12/2015 , 20:30:00,0,0
1469,16/12/2015 , 20:45:00,0,0
1470,16/12/2015 , 21:00:00,0,0
1471,16/12/2015 , 21:15:00,0,0
1472,16/12/2015 , 21:30:00,0,0
1473,16/12/2015 , 21:45:00,0,0
1474,16/12/2015 , 22:00:00,0,0
1475,16/12/2015 , 22:15:00,0,0
1476,16/12/2015 , 22:30:00,0,0
1477,16/12/2015 , 22:45:00,0,0
1478,16/12/2015 , 23:00:00,0,0
1479,16/12/2015 , 23:15:00,0,0
1480,16/12/2015 , 23:30:00,0,0
1481,16/12/2015 , 23:45:00,0,0
1482,16/12/2015 , 24:00:00,0,0
1483,17/12/2015 , 00:15:00,0,0
1484,17/12/2015 , 00:30:00,0,0
1485,17/12/2015 , 00:45:00,0,0
1486,17/12/2015 , 01:00:00,0,0
1487,17/12/2015 , 01:15:00,0,0
1488,17/12/2015 , 01:30:00,0,0
1489,17/12/2015 , 01:45:00,0,0
1490,17/12/2015 , 02:00:00,0,0
1491,17/12/2015 , 02:15:00,0,0
1492,17/12/2015 , 02:30:00,0,0
1493,17/12/2015 , 02:45:00,0,0
1494,17/12/2015 , 03:00:00,0,0
1495,17/12/2015 , 03:15:00,0,0
1496,17/12/2015 , 03:30:00,0,0
1497,17/12/2015 , 03:45:00,0,0
1498,17/12/2015 , 04:00:00,0,0
1499,17/12/2015 , 04:15:00,0,0
1500,17/12/2015 , 04:30:00,0,0
1501,17/12/2015 , 04:45:00,0,0
1502,17/12/2015 , 05:00:00,0,0
1503,17/12/2015 , 05:15:00,0,0
1504,17/12/2015 , 05:30:00,0,0
1505,17/12/2015 , 05:45:00,0,0
1506,17/12/2015 , 06:00:00,0,0
1507,17/12/2015 , 06:15:00,0,0
1508,17/12/2015 , 06:30:00,0,0
1509,17/12/2015 , 06:45:00,0,0
1510,17/12/2015 , 07:00:00,0,0
1511,17/12/2015 , 07:15:00,9,1.6
1512,17/12/2015 , 07:30:00,308,55.8
1513,17/12/2015 , 07:45:00,138,25
1514,17/12/2015 , 08:00:00,177,32.1
1515,17/12/2015 , 08:15:00,643,116.6
1516,17/12/2015 , 08:30:00,827,149.9
1517,17/12/2015 , 08:45:00,894,162
1518,17/12/2015 , 09:00:00,678,122.9
1519,17/12/2015 , 09:15:00,1172,212.4
1520,17/12/2015 , 09:30:00,2014,365.1
1521,17/12/2015 , 09:45:00,1008,182.7
1522,17/12/2015 , 10:00:00,2091,379
1523,17/12/2015 , 10:15:00,4063,736.5
1524,17/12/2015 , 10:30:00,2380,431.4
1525,17/12/2015 , 10:45:00,1714,310.7
1526,17/12/2015 , 11:00:00,2094,379.6
1527,17/12/2015 , 11:15:00,1646,298.4
1528,17/12/2015 , 11:30:00,1372,248.7
1529,17/12/2015 , 11:45:00,1761,319.2
1530,17/12/2015 , 12:00:00,1884,341.5
1531,17/12/2015 , 12:15:00,1665,301.8
1532,17/12/2015 , 12:30:00,2110,382.5
1533,17/12/2015 , 12:45:00,1503,272.4
1534,17/12/2015 , 13:00:00,1161,210.4
1535,17/12/2015 , 13:15:00,1678,304.2
1536,17/12/2015 , 13:30:00,1190,215.7
1537,17/12/2015 , 13:45:00,1104,200.1
1538,17/12/2015 , 14:00:00,1209,219.1
1539,17/12/2015 , 14:15:00,1529,277.1
1540,17/12/2015 , 14:30:00,942,170.7
1541,17/12/2015 , 14:45:00,876,158.8
1542,17/12/2015 , 15:00:00,629,114
1543,17/12/2015 , 15:15:00,725,131.4
1544,17/12/2015 , 15:30:00,648,117.5
1545,17/12/2015 , 15:45:00,763,138.3
1546,17/12/2015 , 16:00:00,572,103.7
1547,17/12/2015 , 16:15:00,277,50.2
1548,17/12/2015 , 16:30:00,346,62.7
1549,17/12/2015 , 16:45:00,332,60.2
1550,17/12/2015 , 17:00:00,178,32.3
1551,17/12/2015 , 17:15:00,100,18.1
1552,17/12/2015 , 17:30:00,62,11.2
1553,17/12/2015 , 17:45:00,20,3.6
1554,17/12/2015 , 18:00:00,3,0.5
1555,17/12/2015 , 18:15:00,0,0
1556,17/12/2015 , 18:30:00,0,0
1557,17/12/2015 , 18:45:00,0,0
1558,17/12/2015 , 19:00:00,0,0
1559,17/12/2015 , 19:15:00,0,0
1560,17/12/2015 , 19:30:00,0,0
1561,17/12/2015 , 19:45:00,0,0
1562,17/12/2015 , 20:00:00,0,0
1563,17/12/2015 , 20:15:00,0,0
1564,17/12/2015 , 20:30:00,0,0
1565,17/12/2015 , 20:45:00,0,0
1566,17/12/2015 , 21:00:00,0,0
1567,17/12/2015 , 21:15:00,0,0
1568,17/12/2015 , 21:30:00,0,0
1569,17/12/2015 , 21:45:00,0,0
1570,17/12/2015 , 22:00:00,0,0
1571,17/12/2015 , 22:15:00,0,0
1572,17/12/2015 , 22:30:00,0,0
1573,17/12/2015 , 22:45:00,0,0
1574,17/12/2015 , 23:00:00,0,0
1575,17/12/2015 , 23:15:00,0,0
1576,17/12/2015 , 23:30:00,0,0
1577,17/12/2015 , 23:45:00,0,0
1578,17/12/2015 , 24:00:00,0,0
1579,18/12/2015 , 00:15:00,0,0
1580,18/12/2015 , 00:30:00,0,0
1581,18/12/2015 , 00:45:00,0,0
1582,18/12/2015 , 01:00:00,0,0
1583,18/12/2015 , 01:15:00,0,0
1584,18/12/2015 , 01:30:00,0,0
1585,18/12/2015 , 01:45:00,0,0
1586,18/12/2015 , 02:00:00,0,0
1587,18/12/2015 , 02:15:00,0,0
1588,18/12/2015 , 02:30:00,0,0
1589,18/12/2015 , 02:45:00,0,0
1590,18/12/2015 , 03:00:00,0,0
1591,18/12/2015 , 03:15:00,0,0
1592,18/12/2015 , 03:30:00,0,0
1593,18/12/2015 , 03:45:00,0,0
1594,18/12/2015 , 04:00:00,0,0
1595,18/12/2015 , 04:15:00,0,0
1596,18/12/2015 , 04:30:00,0,0
1597,18/12/2015 , 04:45:00,0,0
1598,18/12/2015 , 05:00:00,0,0
1599,18/12/2015 , 05:15:00,0,0
1600,18/12/2015 , 05:30:00,0,0
1601,18/12/2015 , 05:45:00,0,0
1602,18/12/2015 , 06:00:00,0,0
1603,18/12/2015 , 06:15:00,0,0
1604,18/12/2015 , 06:30:00,0,0
1605,18/12/2015 , 06:45:00,0,0
1606,18/12/2015 , 07:00:00,0,0
1607,18/12/2015 , 07:15:00,11,2
1608,18/12/2015 , 07:30:00,101,18.3
1609,18/12/2015 , 07:45:00,231,41.9
1610,18/12/2015 , 08:00:00,297,53.8
1611,18/12/2015 , 08:15:00,505,91.5
1612,18/12/2015 , 08:30:00,773,140.1
1613,18/12/2015 , 08:45:00,788,142.8
1614,18/12/2015 , 09:00:00,936,169.7
1615,18/12/2015 , 09:15:00,989,179.3
1616,18/12/2015 , 09:30:00,1386,251.2
1617,18/12/2015 , 09:45:00,628,113.8
1618,18/12/2015 , 10:00:00,634,114.9
1619,18/12/2015 , 10:15:00,2018,365.8
1620,18/12/2015 , 10:30:00,1411,255.8
1621,18/12/2015 , 10:45:00,1166,211.4
1622,18/12/2015 , 11:00:00,1938,351.3
1623,18/12/2015 , 11:15:00,2199,398.6
1624,18/12/2015 , 11:30:00,2372,430
1625,18/12/2015 , 11:45:00,2624,475.6
1626,18/12/2015 , 12:00:00,2133,386.6
1627,18/12/2015 , 12:15:00,1673,303.3
1628,18/12/2015 , 12:30:00,1947,352.9
1629,18/12/2015 , 12:45:00,2137,387.4
1630,18/12/2015 , 13:00:00,2608,472.7
1631,18/12/2015 , 13:15:00,1652,299.4
1632,18/12/2015 , 13:30:00,1536,278.4
1633,18/12/2015 , 13:45:00,1816,329.2
1634,18/12/2015 , 14:00:00,2139,387.7
1635,18/12/2015 , 14:15:00,2677,485.2
1636,18/12/2015 , 14:30:00,783,141.9
1637,18/12/2015 , 14:45:00,845,153.2
1638,18/12/2015 , 15:00:00,724,131.2
1639,18/12/2015 , 15:15:00,550,99.7
1640,18/12/2015 , 15:30:00,415,75.2
1641,18/12/2015 , 15:45:00,312,56.6
1642,18/12/2015 , 16:00:00,499,90.4
1643,18/12/2015 , 16:15:00,951,172.4
1644,18/12/2015 , 16:30:00,783,141.9
1645,18/12/2015 , 16:45:00,952,172.6
1646,18/12/2015 , 17:00:00,760,137.8
1647,18/12/2015 , 17:15:00,444,80.5
1648,18/12/2015 , 17:30:00,218,39.5
1649,18/12/2015 , 17:45:00,93,16.9
1650,18/12/2015 , 18:00:00,24,4.4
1651,18/12/2015 , 18:15:00,1,0.2
1652,18/12/2015 , 18:30:00,0,0
1653,18/12/2015 , 18:45:00,0,0
1654,18/12/2015 , 19:00:00,0,0
1655,18/12/2015 , 19:15:00,0,0
1656,18/12/2015 , 19:30:00,0,0
1657,18/12/2015 , 19:45:00,0,0
1658,18/12/2015 , 20:00:00,0,0
1659,18/12/2015 , 20:15:00,0,0
1660,18/12/2015 , 20:30:00,0,0
1661,18/12/2015 , 20:45:00,0,0
1662,18/12/2015 , 21:00:00,0,0
1663,18/12/2015 , 21:15:00,0,0
1664,18/12/2015 , 21:30:00,0,0
1665,18/12/2015 , 21:45:00,0,0
1666,18/12/2015 , 22:00:00,0,0
1667,18/12/2015 , 22:15:00,0,0
1668,18/12/2015 , 22:30:00,0,0
1669,18/12/2015 , 22:45:00,0,0
1670,18/12/2015 , 23:00:00,0,0
1671,18/12/2015 , 23:15:00,0,0
1672,18/12/2015 , 23:30:00,1,0.2
1673,18/12/2015 , 23:45:00,2,0.4
1674,18/12/2015 , 24:00:00,2,0.4
1675,19/12/2015 , 00:15:00,1,0.2
1676,19/12/2015 , 00:30:00,1,0.2
1677,19/12/2015 , 00:45:00,1,0.2
1678,19/12/2015 , 01:00:00,3,0.5
1679,19/12/2015 , 01:15:00,2,0.4
1680,19/12/2015 , 01:30:00,3,0.5
1681,19/12/2015 , 01:45:00,5,0.9
1682,19/12/2015 , 02:00:00,4,0.7
1683,19/12/2015 , 02:15:00,4,0.7
1684,19/12/2015 , 02:30:00,4,0.7
1685,19/12/2015 , 02:45:00,4,0.7
1686,19/12/2015 , 03:00:00,5,0.9
1687,19/12/2015 , 03:15:00,4,0.7
1688,19/12/2015 , 03:30:00,4,0.7
1689,19/12/2015 , 03:45:00,4,0.7
1690,19/12/2015 , 04:00:00,4,0.7
1691,19/12/2015 , 04:15:00,4,0.7
1692,19/12/2015 , 04:30:00,4,0.7
1693,19/12/2015 , 04:45:00,4,0.7
1694,19/12/2015 , 05:00:00,4,0.7
1695,19/12/2015 , 05:15:00,5,0.9
1696,19/12/2015 , 05:30:00,4,0.7
1697,19/12/2015 , 05:45:00,5,0.9
1698,19/12/2015 , 06:00:00,4,0.7
1699,19/12/2015 , 06:15:00,4,0.7
1700,19/12/2015 , 06:30:00,4,0.7
1701,19/12/2015 , 06:45:00,5,0.9
1702,19/12/2015 , 07:00:00,8,1.5
1703,19/12/2015 , 07:15:00,36,6.5
1704,19/12/2015 , 07:30:00,146,26.5
1705,19/12/2015 , 07:45:00,205,37.2
1706,19/12/2015 , 08:00:00,457,82.8
1707,19/12/2015 , 08:15:00,470,85.2
1708,19/12/2015 , 08:30:00,487,88.3
1709,19/12/2015 , 08:45:00,372,67.4
1710,19/12/2015 , 09:00:00,453,82.1
1711,19/12/2015 , 09:15:00,2289,414.9
1712,19/12/2015 , 09:30:00,3262,591.3
1713,19/12/2015 , 09:45:00,2548,461.9
1714,19/12/2015 , 10:00:00,2695,488.5
1715,19/12/2015 , 10:15:00,3235,586.4
1716,19/12/2015 , 10:30:00,2381,431.6
1717,19/12/2015 , 10:45:00,3748,679.4
1718,19/12/2015 , 11:00:00,1959,355.1
1719,19/12/2015 , 11:15:00,3840,696
1720,19/12/2015 , 11:30:00,5395,977.9
1721,19/12/2015 , 11:45:00,4269,773.8
1722,19/12/2015 , 12:00:00,3282,594.9
1723,19/12/2015 , 12:15:00,5463,990.2
1724,19/12/2015 , 12:30:00,5753,1042.8
1725,19/12/2015 , 12:45:00,5124,928.8
1726,19/12/2015 , 13:00:00,4178,757.3
1727,19/12/2015 , 13:15:00,2782,504.3
1728,19/12/2015 , 13:30:00,2028,367.6
1729,19/12/2015 , 13:45:00,1875,339.9
1730,19/12/2015 , 14:00:00,1036,187.8
1731,19/12/2015 , 14:15:00,1365,247.4
1732,19/12/2015 , 14:30:00,1800,326.3
1733,19/12/2015 , 14:45:00,1712,310.3
1734,19/12/2015 , 15:00:00,2020,366.1
1735,19/12/2015 , 15:15:00,1870,339
1736,19/12/2015 , 15:30:00,1518,275.2
1737,19/12/2015 , 15:45:00,1076,195
1738,19/12/2015 , 16:00:00,792,143.6
1739,19/12/2015 , 16:15:00,662,120
1740,19/12/2015 , 16:30:00,635,115.1
1741,19/12/2015 , 16:45:00,498,90.3
1742,19/12/2015 , 17:00:00,304,55.1
1743,19/12/2015 , 17:15:00,405,73.4
1744,19/12/2015 , 17:30:00,261,47.3
1745,19/12/2015 , 17:45:00,140,25.4
1746,19/12/2015 , 18:00:00,63,11.4
1747,19/12/2015 , 18:15:00,12,2.2
1748,19/12/2015 , 18:30:00,6,1.1
1749,19/12/2015 , 18:45:00,7,1.3
1750,19/12/2015 , 19:00:00,6,1.1
1751,19/12/2015 , 19:15:00,6,1.1
1752,19/12/2015 , 19:30:00,7,1.3
1753,19/12/2015 , 19:45:00,6,1.1
1754,19/12/2015 , 20:00:00,6,1.1
1755,19/12/2015 , 20:15:00,7,1.3
1756,19/12/2015 , 20:30:00,7,1.3
1757,19/12/2015 , 20:45:00,6,1.1
1758,19/12/2015 , 21:00:00,6,1.1
1759,19/12/2015 , 21:15:00,7,1.3
1760,19/12/2015 , 21:30:00,6,1.1
1761,19/12/2015 , 21:45:00,7,1.3
1762,19/12/2015 , 22:00:00,7,1.3
1763,19/12/2015 , 22:15:00,7,1.3
1764,19/12/2015 , 22:30:00,7,1.3
1765,19/12/2015 , 22:45:00,6,1.1
1766,19/12/2015 , 23:00:00,5,0.9
1767,19/12/2015 , 23:15:00,6,1.1
1768,19/12/2015 , 23:30:00,4,0.7
1769,19/12/2015 , 23:45:00,5,0.9
1770,19/12/2015 , 24:00:00,6,1.1
1771,20/12/2015 , 00:15:00,6,1.1
1772,20/12/2015 , 00:30:00,6,1.1
1773,20/12/2015 , 00:45:00,5,0.9
1774,20/12/2015 , 01:00:00,5,0.9
1775,20/12/2015 , 01:15:00,6,1.1
1776,20/12/2015 , 01:30:00,6,1.1
1777,20/12/2015 , 01:45:00,7,1.3
1778,20/12/2015 , 02:00:00,6,1.1
1779,20/12/2015 , 02:15:00,7,1.3
1780,20/12/2015 , 02:30:00,7,1.3
1781,20/12/2015 , 02:45:00,6,1.1
1782,20/12/2015 , 03:00:00,7,1.3
1783,20/12/2015 , 03:15:00,6,1.1
1784,20/12/2015 , 03:30:00,7,1.3
1785,20/12/2015 , 03:45:00,7,1.3
1786,20/12/2015 , 04:00:00,7,1.3
1787,20/12/2015 , 04:15:00,7,1.3
1788,20/12/2015 , 04:30:00,7,1.3
1789,20/12/2015 , 04:45:00,6,1.1
1790,20/12/2015 , 05:00:00,7,1.3
1791,20/12/2015 , 05:15:00,7,1.3
1792,20/12/2015 , 05:30:00,7,1.3
1793,20/12/2015 , 05:45:00,7,1.3
1794,20/12/2015 , 06:00:00,7,1.3
1795,20/12/2015 , 06:15:00,7,1.3
1796,20/12/2015 , 06:30:00,6,1.1
1797,20/12/2015 , 06:45:00,7,1.3
1798,20/12/2015 , 07:00:00,12,2.2
1799,20/12/2015 , 07:15:00,53,9.6
1800,20/12/2015 , 07:30:00,218,39.5
1801,20/12/2015 , 07:45:00,434,78.7
1802,20/12/2015 , 08:00:00,371,67.2
1803,20/12/2015 , 08:15:00,631,114.4
1804,20/12/2015 , 08:30:00,604,109.5
1805,20/12/2015 , 08:45:00,734,133
1806,20/12/2015 , 09:00:00,374,67.8
1807,20/12/2015 , 09:15:00,1525,276.4
1808,20/12/2015 , 09:30:00,1422,257.8
1809,20/12/2015 , 09:45:00,926,167.8
1810,20/12/2015 , 10:00:00,962,174.4
1811,20/12/2015 , 10:15:00,1717,311.2
1812,20/12/2015 , 10:30:00,1244,225.5
1813,20/12/2015 , 10:45:00,898,162.8
1814,20/12/2015 , 11:00:00,1128,204.5
1815,20/12/2015 , 11:15:00,1988,360.3
1816,20/12/2015 , 11:30:00,3932,712.7
1817,20/12/2015 , 11:45:00,2861,518.6
1818,20/12/2015 , 12:00:00,4863,881.5
1819,20/12/2015 , 12:15:00,7101,1287.1
1820,20/12/2015 , 12:30:00,6221,1127.6
1821,20/12/2015 , 12:45:00,5733,1039.2
1822,20/12/2015 , 13:00:00,4716,854.8
1823,20/12/2015 , 13:15:00,4137,749.9
1824,20/12/2015 , 13:30:00,4383,794.5
1825,20/12/2015 , 13:45:00,4433,803.5
1826,20/12/2015 , 14:00:00,1973,357.6
1827,20/12/2015 , 14:15:00,3572,647.5
1828,20/12/2015 , 14:30:00,3166,573.9
1829,20/12/2015 , 14:45:00,1979,358.7
1830,20/12/2015 , 15:00:00,1334,241.8
1831,20/12/2015 , 15:15:00,879,159.3
1832,20/12/2015 , 15:30:00,1155,209.4
1833,20/12/2015 , 15:45:00,983,178.2
1834,20/12/2015 , 16:00:00,709,128.5
1835,20/12/2015 , 16:15:00,661,119.8
1836,20/12/2015 , 16:30:00,787,142.7
1837,20/12/2015 , 16:45:00,361,65.4
1838,20/12/2015 , 17:00:00,254,46
1839,20/12/2015 , 17:15:00,213,38.6
1840,20/12/2015 , 17:30:00,129,23.4
1841,20/12/2015 , 17:45:00,84,15.2
1842,20/12/2015 , 18:00:00,30,5.4
1843,20/12/2015 , 18:15:00,3,0.5
1844,20/12/2015 , 18:30:00,0,0
1845,20/12/2015 , 18:45:00,0,0
1846,20/12/2015 , 19:00:00,0,0
1847,20/12/2015 , 19:15:00,0,0
1848,20/12/2015 , 19:30:00,0,0
1849,20/12/2015 , 19:45:00,0,0
1850,20/12/2015 , 20:00:00,4,0.7
1851,20/12/2015 , 20:15:00,4,0.7
1852,20/12/2015 , 20:30:00,5,0.9
1853,20/12/2015 , 20:45:00,5,0.9
1854,20/12/2015 , 21:00:00,4,0.7
1855,20/12/2015 , 21:15:00,4,0.7
1856,20/12/2015 , 21:30:00,4,0.7
1857,20/12/2015 , 21:45:00,5,0.9
1858,20/12/2015 , 22:00:00,4,0.7
1859,20/12/2015 , 22:15:00,3,0.5
1860,20/12/2015 , 22:30:00,5,0.9
1861,20/12/2015 , 22:45:00,5,0.9
1862,20/12/2015 , 23:00:00,5,0.9
1863,20/12/2015 , 23:15:00,5,0.9
1864,20/12/2015 , 23:30:00,5,0.9
1865,20/12/2015 , 23:45:00,5,0.9
1866,20/12/2015 , 24:00:00,5,0.9
1867,21/12/2015 , 00:15:00,6,1.1
1868,21/12/2015 , 00:30:00,5,0.9
1869,21/12/2015 , 00:45:00,3,0.5
1870,21/12/2015 , 01:00:00,5,0.9
1871,21/12/2015 , 01:15:00,5,0.9
1872,21/12/2015 , 01:30:00,4,0.7
1873,21/12/2015 , 01:45:00,5,0.9
1874,21/12/2015 , 02:00:00,5,0.9
1875,21/12/2015 , 02:15:00,5,0.9
1876,21/12/2015 , 02:30:00,5,0.9
1877,21/12/2015 , 02:45:00,5,0.9
1878,21/12/2015 , 03:00:00,5,0.9
1879,21/12/2015 , 03:15:00,5,0.9
1880,21/12/2015 , 03:30:00,6,1.1
1881,21/12/2015 , 03:45:00,5,0.9
1882,21/12/2015 , 04:00:00,5,0.9
1883,21/12/2015 , 04:15:00,5,0.9
1884,21/12/2015 , 04:30:00,5,0.9
1885,21/12/2015 , 04:45:00,5,0.9
1886,21/12/2015 , 05:00:00,5,0.9
1887,21/12/2015 , 05:15:00,5,0.9
1888,21/12/2015 , 05:30:00,5,0.9
1889,21/12/2015 , 05:45:00,5,0.9
1890,21/12/2015 , 06:00:00,4,0.7
1891,21/12/2015 , 06:15:00,5,0.9
1892,21/12/2015 , 06:30:00,5,0.9
1893,21/12/2015 , 06:45:00,4,0.7
1894,21/12/2015 , 07:00:00,10,1.8
1895,21/12/2015 , 07:15:00,58,10.5
1896,21/12/2015 , 07:30:00,189,34.3
1897,21/12/2015 , 07:45:00,456,82.7
1898,21/12/2015 , 08:00:00,599,108.6
1899,21/12/2015 , 08:15:00,814,147.5
1900,21/12/2015 , 08:30:00,882,159.9
1901,21/12/2015 , 08:45:00,931,168.8
1902,21/12/2015 , 09:00:00,1175,213
1903,21/12/2015 , 09:15:00,2083,377.6
1904,21/12/2015 , 09:30:00,2639,478.3
1905,21/12/2015 , 09:45:00,1819,329.7
1906,21/12/2015 , 10:00:00,2721,493.2
1907,21/12/2015 , 10:15:00,4928,893.3
1908,21/12/2015 , 10:30:00,4682,848.7
1909,21/12/2015 , 10:45:00,4488,813.5
1910,21/12/2015 , 11:00:00,6544,1186.2
1911,21/12/2015 , 11:15:00,4488,813.5
1912,21/12/2015 , 11:30:00,4434,803.7
1913,21/12/2015 , 11:45:00,6098,1105.3
1914,21/12/2015 , 12:00:00,6714,1217
1915,21/12/2015 , 12:15:00,3423,620.5
1916,21/12/2015 , 12:30:00,5112,926.6
1917,21/12/2015 , 12:45:00,4257,771.6
1918,21/12/2015 , 13:00:00,3328,603.2
1919,21/12/2015 , 13:15:00,3521,638.2
1920,21/12/2015 , 13:30:00,2565,464.9
1921,21/12/2015 , 13:45:00,2396,434.3
1922,21/12/2015 , 14:00:00,2676,485.1
1923,21/12/2015 , 14:15:00,2231,404.4
1924,21/12/2015 , 14:30:00,2944,533.6
1925,21/12/2015 , 14:45:00,2816,510.4
1926,21/12/2015 , 15:00:00,1611,292
1927,21/12/2015 , 15:15:00,1676,303.8
1928,21/12/2015 , 15:30:00,1665,301.8
1929,21/12/2015 , 15:45:00,997,180.7
1930,21/12/2015 , 16:00:00,892,161.7
1931,21/12/2015 , 16:15:00,910,164.9
1932,21/12/2015 , 16:30:00,571,103.5
1933,21/12/2015 , 16:45:00,479,86.8
1934,21/12/2015 , 17:00:00,458,83
1935,21/12/2015 , 17:15:00,226,41
1936,21/12/2015 , 17:30:00,174,31.5
1937,21/12/2015 , 17:45:00,96,17.4
1938,21/12/2015 , 18:00:00,42,7.6
1939,21/12/2015 , 18:15:00,12,2.2
1940,21/12/2015 , 18:30:00,6,1.1
1941,21/12/2015 , 18:45:00,6,1.1
1942,21/12/2015 , 19:00:00,7,1.3
1943,21/12/2015 , 19:15:00,7,1.3
1944,21/12/2015 , 19:30:00,5,0.9
1945,21/12/2015 , 19:45:00,6,1.1
1946,21/12/2015 , 20:00:00,6,1.1
1947,21/12/2015 , 20:15:00,6,1.1
1948,21/12/2015 , 20:30:00,6,1.1
1949,21/12/2015 , 20:45:00,6,1.1
1950,21/12/2015 , 21:00:00,7,1.3
1951,21/12/2015 , 21:15:00,6,1.1
1952,21/12/2015 , 21:30:00,6,1.1
1953,21/12/2015 , 21:45:00,7,1.3
1954,21/12/2015 , 22:00:00,6,1.1
1955,21/12/2015 , 22:15:00,7,1.3
1956,21/12/2015 , 22:30:00,6,1.1
1957,21/12/2015 , 22:45:00,6,1.1
1958,21/12/2015 , 23:00:00,7,1.3
1959,21/12/2015 , 23:15:00,6,1.1
1960,21/12/2015 , 23:30:00,7,1.3
1961,21/12/2015 , 23:45:00,7,1.3
1962,21/12/2015 , 24:00:00,7,1.3
1963,22/12/2015 , 00:15:00,7,1.3
1964,22/12/2015 , 00:30:00,6,1.1
1965,22/12/2015 , 00:45:00,7,1.3
1966,22/12/2015 , 01:00:00,7,1.3
1967,22/12/2015 , 01:15:00,7,1.3
1968,22/12/2015 , 01:30:00,7,1.3
1969,22/12/2015 , 01:45:00,8,1.5
1970,22/12/2015 , 02:00:00,7,1.3
1971,22/12/2015 , 02:15:00,8,1.5
1972,22/12/2015 , 02:30:00,7,1.3
1973,22/12/2015 , 02:45:00,8,1.5
1974,22/12/2015 , 03:00:00,7,1.3
1975,22/12/2015 , 03:15:00,7,1.3
1976,22/12/2015 , 03:30:00,7,1.3
1977,22/12/2015 , 03:45:00,8,1.5
1978,22/12/2015 , 04:00:00,7,1.3
1979,22/12/2015 , 04:15:00,7,1.3
1980,22/12/2015 , 04:30:00,7,1.3
1981,22/12/2015 , 04:45:00,7,1.3
1982,22/12/2015 , 05:00:00,6,1.1
1983,22/12/2015 , 05:15:00,6,1.1
1984,22/12/2015 , 05:30:00,7,1.3
1985,22/12/2015 , 05:45:00,7,1.3
1986,22/12/2015 , 06:00:00,6,1.1
1987,22/12/2015 , 06:15:00,6,1.1
1988,22/12/2015 , 06:30:00,6,1.1
1989,22/12/2015 , 06:45:00,7,1.3
1990,22/12/2015 , 07:00:00,9,1.6
1991,22/12/2015 , 07:15:00,34,6.2
1992,22/12/2015 , 07:30:00,282,51.1
1993,22/12/2015 , 07:45:00,310,56.2
1994,22/12/2015 , 08:00:00,353,64
1995,22/12/2015 , 08:15:00,419,75.9
1996,22/12/2015 , 08:30:00,646,117.1
1997,22/12/2015 , 08:45:00,833,151
1998,22/12/2015 , 09:00:00,2179,395
1999,22/12/2015 , 09:15:00,5697,1032.6
2000,22/12/2015 , 09:30:00,5471,991.7
2001,22/12/2015 , 09:45:00,1422,257.8
2002,22/12/2015 , 10:00:00,2484,450.3
2003,22/12/2015 , 10:15:00,3726,675.4
2004,22/12/2015 , 10:30:00,2609,472.9
2005,22/12/2015 , 10:45:00,3847,697.3
2006,22/12/2015 , 11:00:00,4065,736.8
2007,22/12/2015 , 11:15:00,4180,757.7
2008,22/12/2015 , 11:30:00,3546,642.8
2009,22/12/2015 , 11:45:00,4581,830.4
2010,22/12/2015 , 12:00:00,2582,468
2011,22/12/2015 , 12:15:00,2269,411.3
2012,22/12/2015 , 12:30:00,3047,552.3
2013,22/12/2015 , 12:45:00,3915,709.6
2014,22/12/2015 , 13:00:00,3461,627.3
2015,22/12/2015 , 13:15:00,3129,567.2
2016,22/12/2015 , 13:30:00,2533,459.1
2017,22/12/2015 , 13:45:00,2082,377.4
2018,22/12/2015 , 14:00:00,2406,436.1
2019,22/12/2015 , 14:15:00,2144,388.6
2020,22/12/2015 , 14:30:00,2006,363.6
2021,22/12/2015 , 14:45:00,1965,356.2
2022,22/12/2015 , 15:00:00,1462,265
2023,22/12/2015 , 15:15:00,1484,269
2024,22/12/2015 , 15:30:00,1230,223
2025,22/12/2015 , 15:45:00,968,175.5
2026,22/12/2015 , 16:00:00,1229,222.8
2027,22/12/2015 , 16:15:00,1304,236.4
2028,22/12/2015 , 16:30:00,703,127.4
2029,22/12/2015 , 16:45:00,548,99.3
2030,22/12/2015 , 17:00:00,348,63.1
2031,22/12/2015 , 17:15:00,218,39.5
2032,22/12/2015 , 17:30:00,112,20.3
2033,22/12/2015 , 17:45:00,66,12
2034,22/12/2015 , 18:00:00,37,6.7
2035,22/12/2015 , 18:15:00,8,1.5
2036,22/12/2015 , 18:30:00,6,1.1
2037,22/12/2015 , 18:45:00,5,0.9
2038,22/12/2015 , 19:00:00,6,1.1
2039,22/12/2015 , 19:15:00,5,0.9
2040,22/12/2015 , 19:30:00,5,0.9
2041,22/12/2015 , 19:45:00,4,0.7
2042,22/12/2015 , 20:00:00,6,1.1
2043,22/12/2015 , 20:15:00,6,1.1
2044,22/12/2015 , 20:30:00,5,0.9
2045,22/12/2015 , 20:45:00,5,0.9
2046,22/12/2015 , 21:00:00,5,0.9
2047,22/12/2015 , 21:15:00,6,1.1
2048,22/12/2015 , 21:30:00,5,0.9
2049,22/12/2015 , 21:45:00,5,0.9
2050,22/12/2015 , 22:00:00,5,0.9
2051,22/12/2015 , 22:15:00,6,1.1
2052,22/12/2015 , 22:30:00,6,1.1
2053,22/12/2015 , 22:45:00,6,1.1
2054,22/12/2015 , 23:00:00,6,1.1
2055,22/12/2015 , 23:15:00,6,1.1
2056,22/12/2015 , 23:30:00,6,1.1
2057,22/12/2015 , 23:45:00,5,0.9
2058,22/12/2015 , 24:00:00,6,1.1
2059,23/12/2015 , 00:15:00,5,0.9
2060,23/12/2015 , 00:30:00,6,1.1
2061,23/12/2015 , 00:45:00,5,0.9
2062,23/12/2015 , 01:00:00,5,0.9
2063,23/12/2015 , 01:15:00,6,1.1
2064,23/12/2015 , 01:30:00,6,1.1
2065,23/12/2015 , 01:45:00,5,0.9
2066,23/12/2015 , 02:00:00,6,1.1
2067,23/12/2015 , 02:15:00,6,1.1
2068,23/12/2015 , 02:30:00,6,1.1
2069,23/12/2015 , 02:45:00,6,1.1
2070,23/12/2015 , 03:00:00,5,0.9
2071,23/12/2015 , 03:15:00,6,1.1
2072,23/12/2015 , 03:30:00,6,1.1
2073,23/12/2015 , 03:45:00,5,0.9
2074,23/12/2015 , 04:00:00,5,0.9
2075,23/12/2015 , 04:15:00,6,1.1
2076,23/12/2015 , 04:30:00,6,1.1
2077,23/12/2015 , 04:45:00,5,0.9
2078,23/12/2015 , 05:00:00,6,1.1
2079,23/12/2015 , 05:15:00,5,0.9
2080,23/12/2015 , 05:30:00,5,0.9
2081,23/12/2015 , 05:45:00,6,1.1
2082,23/12/2015 , 06:00:00,5,0.9
2083,23/12/2015 , 06:15:00,5,0.9
2084,23/12/2015 , 06:30:00,6,1.1
2085,23/12/2015 , 06:45:00,7,1.3
2086,23/12/2015 , 07:00:00,11,2
2087,23/12/2015 , 07:15:00,45,8.2
2088,23/12/2015 , 07:30:00,174,31.5
2089,23/12/2015 , 07:45:00,412,74.7
2090,23/12/2015 , 08:00:00,502,91
2091,23/12/2015 , 08:15:00,390,70.7
2092,23/12/2015 , 08:30:00,625,113.3
2093,23/12/2015 , 08:45:00,646,117.1
2094,23/12/2015 , 09:00:00,1167,211.5
2095,23/12/2015 , 09:15:00,3232,585.8
2096,23/12/2015 , 09:30:00,2840,514.8
2097,23/12/2015 , 09:45:00,2391,433.4
2098,23/12/2015 , 10:00:00,2153,390.3
2099,23/12/2015 , 10:15:00,4101,743.4
2100,23/12/2015 , 10:30:00,5504,997.7
2101,23/12/2015 , 10:45:00,4845,878.2
2102,23/12/2015 , 11:00:00,4546,824
2103,23/12/2015 , 11:15:00,5955,1079.4
2104,23/12/2015 , 11:30:00,5783,1048.2
2105,23/12/2015 , 11:45:00,6113,1108.1
2106,23/12/2015 , 12:00:00,6624,1200.7
2107,23/12/2015 , 12:15:00,6158,1116.2
2108,23/12/2015 , 12:30:00,6414,1162.6
2109,23/12/2015 , 12:45:00,5192,941.1
2110,23/12/2015 , 13:00:00,4621,837.6
2111,23/12/2015 , 13:15:00,4959,898.9
2112,23/12/2015 , 13:30:00,4975,901.8
2113,23/12/2015 , 13:45:00,4706,853
2114,23/12/2015 , 14:00:00,3000,543.8
2115,23/12/2015 , 14:15:00,2266,410.7
2116,23/12/2015 , 14:30:00,2517,456.2
2117,23/12/2015 , 14:45:00,2000,362.5
2118,23/12/2015 , 15:00:00,1441,261.2
2119,23/12/2015 , 15:15:00,1638,296.9
2120,23/12/2015 , 15:30:00,985,178.5
2121,23/12/2015 , 15:45:00,673,122
2122,23/12/2015 , 16:00:00,706,128
2123,23/12/2015 , 16:15:00,779,141.2
2124,23/12/2015 , 16:30:00,756,137
2125,23/12/2015 , 16:45:00,594,107.7
2126,23/12/2015 , 17:00:00,381,69.1
2127,23/12/2015 , 17:15:00,316,57.3
2128,23/12/2015 , 17:30:00,257,46.6
2129,23/12/2015 , 17:45:00,120,21.8
2130,23/12/2015 , 18:00:00,51,9.2
2131,23/12/2015 , 18:15:00,12,2.2
2132,23/12/2015 , 18:30:00,3,0.5
2133,23/12/2015 , 18:45:00,3,0.5
2134,23/12/2015 , 19:00:00,3,0.5
2135,23/12/2015 , 19:15:00,4,0.7
2136,23/12/2015 , 19:30:00,4,0.7
2137,23/12/2015 , 19:45:00,5,0.9
2138,23/12/2015 , 20:00:00,5,0.9
2139,23/12/2015 , 20:15:00,5,0.9
2140,23/12/2015 , 20:30:00,4,0.7
2141,23/12/2015 , 20:45:00,5,0.9
2142,23/12/2015 , 21:00:00,4,0.7
2143,23/12/2015 , 21:15:00,4,0.7
2144,23/12/2015 , 21:30:00,4,0.7
2145,23/12/2015 , 21:45:00,5,0.9
2146,23/12/2015 , 22:00:00,5,0.9
2147,23/12/2015 , 22:15:00,4,0.7
2148,23/12/2015 , 22:30:00,4,0.7
2149,23/12/2015 , 22:45:00,5,0.9
2150,23/12/2015 , 23:00:00,5,0.9
2151,23/12/2015 , 23:15:00,4,0.7
2152,23/12/2015 , 23:30:00,4,0.7
2153,23/12/2015 , 23:45:00,5,0.9
2154,23/12/2015 , 24:00:00,5,0.9
2155,24/12/2015 , 00:15:00,5,0.9
2156,24/12/2015 , 00:30:00,5,0.9
2157,24/12/2015 , 00:45:00,5,0.9
2158,24/12/2015 , 01:00:00,5,0.9
2159,24/12/2015 , 01:15:00,5,0.9
2160,24/12/2015 , 01:30:00,5,0.9
2161,24/12/2015 , 01:45:00,6,1.1
2162,24/12/2015 , 02:00:00,5,0.9
2163,24/12/2015 , 02:15:00,6,1.1
2164,24/12/2015 , 02:30:00,5,0.9
2165,24/12/2015 , 02:45:00,6,1.1
2166,24/12/2015 , 03:00:00,6,1.1
2167,24/12/2015 , 03:15:00,6,1.1
2168,24/12/2015 , 03:30:00,5,0.9
2169,24/12/2015 , 03:45:00,5,0.9
2170,24/12/2015 , 04:00:00,5,0.9
2171,24/12/2015 , 04:15:00,6,1.1
2172,24/12/2015 , 04:30:00,5,0.9
2173,24/12/2015 , 04:45:00,4,0.7
2174,24/12/2015 , 05:00:00,5,0.9
2175,24/12/2015 , 05:15:00,4,0.7
2176,24/12/2015 , 05:30:00,5,0.9
2177,24/12/2015 , 05:45:00,5,0.9
2178,24/12/2015 , 06:00:00,4,0.7
2179,24/12/2015 , 06:15:00,5,0.9
2180,24/12/2015 , 06:30:00,5,0.9
2181,24/12/2015 , 06:45:00,5,0.9
2182,24/12/2015 , 07:00:00,9,1.6
2183,24/12/2015 , 07:15:00,36,6.5
2184,24/12/2015 , 07:30:00,115,20.8
2185,24/12/2015 , 07:45:00,243,44
2186,24/12/2015 , 08:00:00,530,96.1
2187,24/12/2015 , 08:15:00,410,74.3
2188,24/12/2015 , 08:30:00,552,100.1
2189,24/12/2015 , 08:45:00,535,97
2190,24/12/2015 , 09:00:00,2370,429.6
2191,24/12/2015 , 09:15:00,6204,1124.5
2192,24/12/2015 , 09:30:00,4960,899.1
2193,24/12/2015 , 09:45:00,2434,441.2
2194,24/12/2015 , 10:00:00,0,0
2195,24/12/2015 , 10:15:00,0,0
2196,24/12/2015 , 10:30:00,0,0
2197,24/12/2015 , 10:45:00,0,0
2198,24/12/2015 , 11:00:00,0,0
2199,24/12/2015 , 11:15:00,0,0
2200,24/12/2015 , 11:30:00,0,0
2201,24/12/2015 , 11:45:00,0,0
2202,24/12/2015 , 12:00:00,0,0
2203,24/12/2015 , 12:15:00,0,0
2204,24/12/2015 , 12:30:00,0,0
